Дата,Год,Год-мес,точка,бренд,товар,Количество,Продажи,Себестоимость
2021-01-01,2021,202101,на Гоголя,Galosha,KA air-9558,95,1066185,570000.0
2021-02-01,2021,202102,на Гоголя,Galosha,KA air-9558,59,667880,354000.0
2021-03-01,2021,202103,на Гоголя,Galosha,KA air-9558,48,530688,288000.0
2021-04-01,2021,202104,на Гоголя,Galosha,KA air-9558,89,1088826,534000.0
2021-05-01,2021,202105,на Гоголя,Galosha,KA air-9558,113,1314416,678000.0
2021-06-01,2021,202106,на Гоголя,Galosha,KA air-9558,107,1209421,642000.0
2021-07-01,2021,202107,на Гоголя,Galosha,KA air-9558,113,1074630,678000.0
2021-08-01,2021,202108,на Гоголя,Galosha,KA air-9558,95,986385,570000.0
2021-09-01,2021,202109,на Гоголя,Galosha,KA air-9558,101,1091305,606000.0
2021-10-01,2021,202110,на Гоголя,Galosha,KA air-9558,83,933501,498000.0
2021-11-01,2021,202111,на Гоголя,Galosha,KA air-9558,59,645342,354000.0
2021-12-01,2021,202112,на Гоголя,Galosha,KA air-9558,71,756292,426000.0
2022-01-01,2022,202201,на Гоголя,Galosha,KA air-9558,104,1202968,624000.0
2022-02-01,2022,202202,на Гоголя,Galosha,KA air-9558,65,769795,390000.0
2022-03-01,2022,202203,на Гоголя,Galosha,KA air-9558,52,589160,312000.0
2022-04-01,2022,202204,на Гоголя,Galosha,KA air-9558,98,1190602,588000.0
2022-05-01,2022,202205,на Гоголя,Galosha,KA air-9558,124,1464068,744000.0
2022-06-01,2022,202206,на Гоголя,Galosha,KA air-9558,117,1321866,702000.0
2022-07-01,2022,202207,на Гоголя,Galosha,KA air-9558,124,1156796,744000.0
2022-08-01,2022,202208,на Гоголя,Galosha,KA air-9558,104,1094600,624000.0
2022-09-01,2022,202209,на Гоголя,Galosha,KA air-9558,111,1232100,666000.0
2022-10-01,2022,202210,на Гоголя,Galosha,KA air-9558,91,996268,546000.0
2022-11-01,2022,202211,на Гоголя,Galosha,KA air-9558,65,743080,390000.0
2022-12-01,2022,202212,на Гоголя,Galosha,KA air-9558,78,803010,468000.0
2021-01-01,2021,202101,на Гоголя,Galosha,KA grou-7567,87,1187463,615960.0
2021-02-01,2021,202102,на Гоголя,Galosha,KA grou-7567,54,722304,382320.0
2021-03-01,2021,202103,на Гоголя,Galosha,KA grou-7567,44,576092,311520.0
2021-04-01,2021,202104,на Гоголя,Galosha,KA grou-7567,81,1167453,573480.0
2021-05-01,2021,202105,на Гоголя,Galosha,KA grou-7567,103,1427992,729240.0
2021-06-01,2021,202106,на Гоголя,Galosha,KA grou-7567,98,1297912,693840.0
2021-07-01,2021,202107,на Гоголя,Galosha,KA grou-7567,103,1210353,729240.0
2021-08-01,2021,202108,на Гоголя,Galosha,KA grou-7567,87,1091502,615960.0
2021-09-01,2021,202109,на Гоголя,Galosha,KA grou-7567,92,1159476,651360.0
2021-10-01,2021,202110,на Гоголя,Galosha,KA grou-7567,76,1035956,538080.0
2021-11-01,2021,202111,на Гоголя,Galosha,KA grou-7567,54,737262,382320.0
2021-12-01,2021,202112,на Гоголя,Galosha,KA grou-7567,65,824005,460200.0
2022-01-01,2022,202201,на Гоголя,Galosha,KA grou-7567,96,1286496,679680.0
2022-02-01,2022,202202,на Гоголя,Galosha,KA grou-7567,60,809040,424800.0
2022-03-01,2022,202203,на Гоголя,Galosha,KA grou-7567,48,620928,339840.0
2022-04-01,2022,202204,на Гоголя,Galosha,KA grou-7567,90,1236510,637200.0
2022-05-01,2022,202205,на Гоголя,Galosha,KA grou-7567,113,1638274,800040.0
2022-06-01,2022,202206,на Гоголя,Galosha,KA grou-7567,107,1460015,757560.0
2022-07-01,2022,202207,на Гоголя,Galosha,KA grou-7567,113,1272267,800040.0
2022-08-01,2022,202208,на Гоголя,Galosha,KA grou-7567,96,1219488,679680.0
2022-09-01,2022,202209,на Гоголя,Galosha,KA grou-7567,101,1346027,715080.0
2022-10-01,2022,202210,на Гоголя,Galosha,KA grou-7567,84,1103004,594720.0
2022-11-01,2022,202211,на Гоголя,Galosha,KA grou-7567,60,813420,424800.0
2022-12-01,2022,202212,на Гоголя,Galosha,KA grou-7567,72,869760,509760.0
2021-01-01,2021,202101,на Гоголя,Galosha,KA gre-2749,87,2274354,913500.0
2021-02-01,2021,202102,на Гоголя,Galosha,KA gre-2749,54,1439154,567000.0
2021-03-01,2021,202103,на Гоголя,Galosha,KA gre-2749,44,1132208,462000.0
2021-04-01,2021,202104,на Гоголя,Galosha,KA gre-2749,81,2126655,850500.0
2021-05-01,2021,202105,на Гоголя,Galosha,KA gre-2749,103,2706428,1081500.0
2021-06-01,2021,202106,на Гоголя,Galosha,KA gre-2749,98,2572696,1029000.0
2021-07-01,2021,202107,на Гоголя,Galosha,KA gre-2749,103,2591995,1081500.0
2021-08-01,2021,202108,на Гоголя,Galosha,KA gre-2749,87,2257824,913500.0
2021-09-01,2021,202109,на Гоголя,Galosha,KA gre-2749,92,2358512,966000.0
2021-10-01,2021,202110,на Гоголя,Galosha,KA gre-2749,76,1990136,798000.0
2021-11-01,2021,202111,на Гоголя,Galosha,KA gre-2749,54,1420740,567000.0
2021-12-01,2021,202112,на Гоголя,Galosha,KA gre-2749,65,1649505,682500.0
2022-01-01,2022,202201,на Гоголя,Galosha,KA gre-2749,96,2513664,1008000.0
2022-02-01,2022,202202,на Гоголя,Galosha,KA gre-2749,60,1599480,630000.0
2022-03-01,2022,202203,на Гоголя,Galosha,KA gre-2749,48,1233840,504000.0
2022-04-01,2022,202204,на Гоголя,Galosha,KA gre-2749,90,2404440,945000.0
2022-05-01,2022,202205,на Гоголя,Galosha,KA gre-2749,113,3098347,1186500.0
2022-06-01,2022,202206,на Гоголя,Galosha,KA gre-2749,107,2872201,1123500.0
2022-07-01,2022,202207,на Гоголя,Galosha,KA gre-2749,113,2780817,1186500.0
2022-08-01,2022,202208,на Гоголя,Galosha,KA gre-2749,96,2453952,1008000.0
2022-09-01,2022,202209,на Гоголя,Galosha,KA gre-2749,101,2578631,1060500.0
2022-10-01,2022,202210,на Гоголя,Galosha,KA gre-2749,84,2220036,882000.0
2022-11-01,2022,202211,на Гоголя,Galosha,KA gre-2749,60,1579140,630000.0
2022-12-01,2022,202212,на Гоголя,Galosha,KA gre-2749,72,1813104,756000.0
2021-01-01,2021,202101,на Гоголя,Galosha,KA earth-3018,94,1706100,703120.0
2021-02-01,2021,202102,на Гоголя,Galosha,KA earth-3018,59,1066838,441320.0
2021-03-01,2021,202103,на Гоголя,Galosha,KA earth-3018,47,838997,351560.0
2021-04-01,2021,202104,на Гоголя,Galosha,KA earth-3018,88,1681768,658240.0
2021-05-01,2021,202105,на Гоголя,Galosha,KA earth-3018,112,2118592,837760.0
2021-06-01,2021,202106,на Гоголя,Galosha,KA earth-3018,106,1939694,792880.0
2021-07-01,2021,202107,на Гоголя,Galosha,KA earth-3018,112,1885072,837760.0
2021-08-01,2021,202108,на Гоголя,Galosha,KA earth-3018,94,1713526,703120.0
2021-09-01,2021,202109,на Гоголя,Galosha,KA earth-3018,100,1802300,748000.0
2021-10-01,2021,202110,на Гоголя,Galosha,KA earth-3018,82,1523724,613360.0
2021-11-01,2021,202111,на Гоголя,Galosha,KA earth-3018,59,1050495,441320.0
2021-12-01,2021,202112,на Гоголя,Galosha,KA earth-3018,71,1263161,531080.0
2022-01-01,2022,202201,на Гоголя,Galosha,KA earth-3018,103,1896333,770440.0
2022-02-01,2022,202202,на Гоголя,Galosha,KA earth-3018,65,1197105,486200.0
2022-03-01,2022,202203,на Гоголя,Galosha,KA earth-3018,52,931372,388960.0
2022-04-01,2022,202204,на Гоголя,Galosha,KA earth-3018,97,1782957,725560.0
2022-05-01,2022,202205,на Гоголя,Galosha,KA earth-3018,123,2273778,920040.0
2022-06-01,2022,202206,на Гоголя,Galosha,KA earth-3018,116,2199244,867680.0
2022-07-01,2022,202207,на Гоголя,Galosha,KA earth-3018,123,2048934,920040.0
2022-08-01,2022,202208,на Гоголя,Galosha,KA earth-3018,103,1844524,770440.0
2022-09-01,2022,202209,на Гоголя,Galosha,KA earth-3018,110,1930390,822800.0
2022-10-01,2022,202210,на Гоголя,Galosha,KA earth-3018,91,1719172,680680.0
2022-11-01,2022,202211,на Гоголя,Galosha,KA earth-3018,65,1204450,486200.0
2022-12-01,2022,202212,на Гоголя,Galosha,KA earth-3018,78,1371006,583440.0
2021-01-01,2021,202101,на Гоголя,Galosha,KA ais-3700,73,2288331,1226400.0
2021-02-01,2021,202102,на Гоголя,Galosha,KA ais-3700,46,1433728,772800.0
2021-03-01,2021,202103,на Гоголя,Galosha,KA ais-3700,37,1146963,621600.0
2021-04-01,2021,202104,на Гоголя,Galosha,KA ais-3700,69,2162943,1159200.0
2021-05-01,2021,202105,на Гоголя,Galosha,KA ais-3700,87,2832633,1461600.0
2021-06-01,2021,202106,на Гоголя,Galosha,KA ais-3700,82,2544050,1377600.0
2021-07-01,2021,202107,на Гоголя,Galosha,KA ais-3700,87,2613567,1461600.0
2021-08-01,2021,202108,на Гоголя,Galosha,KA ais-3700,73,2269789,1226400.0
2021-09-01,2021,202109,на Гоголя,Galosha,KA ais-3700,78,2402868,1310400.0
2021-10-01,2021,202110,на Гоголя,Galosha,KA ais-3700,64,2039168,1075200.0
2021-11-01,2021,202111,на Гоголя,Galosha,KA ais-3700,46,1433038,772800.0
2021-12-01,2021,202112,на Гоголя,Galosha,KA ais-3700,55,1710665,924000.0
2022-01-01,2022,202201,на Гоголя,Galosha,KA ais-3700,81,2552715,1360800.0
2022-02-01,2022,202202,на Гоголя,Galosha,KA ais-3700,51,1611906,856800.0
2022-03-01,2022,202203,на Гоголя,Galosha,KA ais-3700,41,1253370,688800.0
2022-04-01,2022,202204,на Гоголя,Galosha,KA ais-3700,76,2379028,1276800.0
2022-05-01,2022,202205,на Гоголя,Galosha,KA ais-3700,96,3055872,1612800.0
2022-06-01,2022,202206,на Гоголя,Galosha,KA ais-3700,91,2850393,1528800.0
2022-07-01,2022,202207,на Гоголя,Galosha,KA ais-3700,96,2848416,1612800.0
2022-08-01,2022,202208,на Гоголя,Galosha,KA ais-3700,81,2474469,1360800.0
2022-09-01,2022,202209,на Гоголя,Galosha,KA ais-3700,86,2690768,1444800.0
2022-10-01,2022,202210,на Гоголя,Galosha,KA ais-3700,71,2245446,1192800.0
2022-11-01,2022,202211,на Гоголя,Galosha,KA ais-3700,51,1590384,856800.0
2022-12-01,2022,202212,на Гоголя,Galosha,KA ais-3700,61,1855010,1024800.0
2021-01-01,2021,202101,на Гоголя,Galosha,KA ice-7591,70,1169140,430500.0
2021-02-01,2021,202102,на Гоголя,Galosha,KA ice-7591,44,717816,270600.0
2021-03-01,2021,202103,на Гоголя,Galosha,KA ice-7591,35,532105,215250.0
2021-04-01,2021,202104,на Гоголя,Galosha,KA ice-7591,66,1099956,405900.0
2021-05-01,2021,202105,на Гоголя,Galosha,KA ice-7591,83,1401538,510450.0
2021-06-01,2021,202106,на Гоголя,Galosha,KA ice-7591,79,1310926,485850.0
2021-07-01,2021,202107,на Гоголя,Galosha,KA ice-7591,83,1236534,510450.0
2021-08-01,2021,202108,на Гоголя,Galosha,KA ice-7591,70,1144080,430500.0
2021-09-01,2021,202109,на Гоголя,Galosha,KA ice-7591,74,1131164,455100.0
2021-10-01,2021,202110,на Гоголя,Galosha,KA ice-7591,61,1036695,375150.0
2021-11-01,2021,202111,на Гоголя,Galosha,KA ice-7591,44,704704,270600.0
2021-12-01,2021,202112,на Гоголя,Galosha,KA ice-7591,53,852028,325950.0
2022-01-01,2022,202201,на Гоголя,Galosha,KA ice-7591,77,1278123,473550.0
2022-02-01,2022,202202,на Гоголя,Galosha,KA ice-7591,48,802080,295200.0
2022-03-01,2022,202203,на Гоголя,Galosha,KA ice-7591,39,618423,239850.0
2022-04-01,2022,202204,на Гоголя,Galosha,KA ice-7591,72,1213488,442800.0
2022-05-01,2022,202205,на Гоголя,Galosha,KA ice-7591,91,1517061,559650.0
2022-06-01,2022,202206,на Гоголя,Galosha,KA ice-7591,87,1417752,535050.0
2022-07-01,2022,202207,на Гоголя,Galosha,KA ice-7591,91,1310946,559650.0
2022-08-01,2022,202208,на Гоголя,Galosha,KA ice-7591,77,1230460,473550.0
2022-09-01,2022,202209,на Гоголя,Galosha,KA ice-7591,82,1348408,504300.0
2022-10-01,2022,202210,на Гоголя,Galosha,KA ice-7591,67,1093306,412050.0
2022-11-01,2022,202211,на Гоголя,Galosha,KA ice-7591,48,781728,295200.0
2022-12-01,2022,202212,на Гоголя,Galosha,KA ice-7591,58,914834,356700.0
2021-01-01,2021,202101,на Гоголя,Galosha,KA ai-2818,92,1076216,404800.0
2021-02-01,2021,202102,на Гоголя,Galosha,KA ai-2818,57,731709,250800.0
2021-03-01,2021,202103,на Гоголя,Galosha,KA ai-2818,46,516488,202400.0
2021-04-01,2021,202104,на Гоголя,Galosha,KA ai-2818,86,1086524,378400.0
2021-05-01,2021,202105,на Гоголя,Galosha,KA ai-2818,109,1369149,479600.0
2021-06-01,2021,202106,на Гоголя,Galosha,KA ai-2818,103,1321490,453200.0
2021-07-01,2021,202107,на Гоголя,Galosha,KA ai-2818,109,1161286,479600.0
2021-08-01,2021,202108,на Гоголя,Galosha,KA ai-2818,92,1127644,404800.0
2021-09-01,2021,202109,на Гоголя,Galosha,KA ai-2818,97,1151972,426800.0
2021-10-01,2021,202110,на Гоголя,Galosha,KA ai-2818,80,1016720,352000.0
2021-11-01,2021,202111,на Гоголя,Galosha,KA ai-2818,57,711987,250800.0
2021-12-01,2021,202112,на Гоголя,Galosha,KA ai-2818,69,824343,303600.0
2022-01-01,2022,202201,на Гоголя,Galosha,KA ai-2818,101,1180690,444400.0
2022-02-01,2022,202202,на Гоголя,Galosha,KA ai-2818,63,798903,277200.0
2022-03-01,2022,202203,на Гоголя,Galosha,KA ai-2818,51,588846,224400.0
2022-04-01,2022,202204,на Гоголя,Galosha,KA ai-2818,95,1161755,418000.0
2022-05-01,2022,202205,на Гоголя,Galosha,KA ai-2818,120,1606920,528000.0
2022-06-01,2022,202206,на Гоголя,Galosha,KA ai-2818,113,1363458,497200.0
2022-07-01,2022,202207,на Гоголя,Galosha,KA ai-2818,120,1276800,528000.0
2022-08-01,2022,202208,на Гоголя,Galosha,KA ai-2818,101,1172509,444400.0
2022-09-01,2022,202209,на Гоголя,Galosha,KA ai-2818,107,1283465,470800.0
2022-10-01,2022,202210,на Гоголя,Galosha,KA ai-2818,88,1146992,387200.0
2022-11-01,2022,202211,на Гоголя,Galosha,KA ai-2818,63,792603,277200.0
2022-12-01,2022,202212,на Гоголя,Galosha,KA ai-2818,76,922184,334400.0
2021-01-01,2021,202101,на Гоголя,Babidas,BA air-5353,46,251850,83398.0
2021-02-01,2021,202102,на Гоголя,Babidas,BA air-5353,29,157876,52577.0
2021-03-01,2021,202103,на Гоголя,Babidas,BA air-5353,23,109618,41699.0
2021-04-01,2021,202104,на Гоголя,Babidas,BA air-5353,44,239184,79772.0
2021-05-01,2021,202105,на Гоголя,Babidas,BA air-5353,55,328185,99715.0
2021-06-01,2021,202106,на Гоголя,Babidas,BA air-5353,52,270972,94276.0
2021-07-01,2021,202107,на Гоголя,Babidas,BA air-5353,55,165825,99715.0
2021-08-01,2021,202108,на Гоголя,Babidas,BA air-5353,46,193568,83398.0
2021-09-01,2021,202109,на Гоголя,Babidas,BA air-5353,49,212856,88837.0
2021-10-01,2021,202110,на Гоголя,Babidas,BA air-5353,41,216808,74333.0
2021-11-01,2021,202111,на Гоголя,Babidas,BA air-5353,29,156165,52577.0
2021-12-01,2021,202112,на Гоголя,Babidas,BA air-5353,35,144060,63455.0
2022-01-01,2022,202201,на Гоголя,Babidas,BA air-5353,51,268413,92463.0
2022-02-01,2022,202202,на Гоголя,Babidas,BA air-5353,32,171488,58016.0
2022-03-01,2022,202203,на Гоголя,Babidas,BA air-5353,26,118560,47138.0
2022-04-01,2022,202204,на Гоголя,Babidas,BA air-5353,48,256896,87024.0
2022-05-01,2022,202205,на Гоголя,Babidas,BA air-5353,61,339587,110593.0
2022-06-01,2022,202206,на Гоголя,Babidas,BA air-5353,57,295032,103341.0
2022-07-01,2022,202207,на Гоголя,Babidas,BA air-5353,61,189283,110593.0
2022-08-01,2022,202208,на Гоголя,Babidas,BA air-5353,51,253980,92463.0
2022-09-01,2022,202209,на Гоголя,Babidas,BA air-5353,54,271890,97902.0
2022-10-01,2022,202210,на Гоголя,Babidas,BA air-5353,45,238410,81585.0
2022-11-01,2022,202211,на Гоголя,Babidas,BA air-5353,32,163328,58016.0
2022-12-01,2022,202212,на Гоголя,Babidas,BA air-5353,38,177422,68894.0
2021-01-01,2021,202101,на Гоголя,Babidas,BA grou-9248,36,110916,41400.0
2021-02-01,2021,202102,на Гоголя,Babidas,BA grou-9248,23,81627,26450.0
2021-03-01,2021,202103,на Гоголя,Babidas,BA grou-9248,18,67302,20700.0
2021-04-01,2021,202104,на Гоголя,Babidas,BA grou-9248,34,155618,39100.0
2021-05-01,2021,202105,на Гоголя,Babidas,BA grou-9248,43,177977,49450.0
2021-06-01,2021,202106,на Гоголя,Babidas,BA grou-9248,41,153586,47150.0
2021-07-01,2021,202107,на Гоголя,Babidas,BA grou-9248,43,105436,49450.0
2021-08-01,2021,202108,на Гоголя,Babidas,BA grou-9248,36,98352,41400.0
2021-09-01,2021,202109,на Гоголя,Babidas,BA grou-9248,39,132756,44850.0
2021-10-01,2021,202110,на Гоголя,Babidas,BA grou-9248,32,149920,36800.0
2021-11-01,2021,202111,на Гоголя,Babidas,BA grou-9248,23,78683,26450.0
2021-12-01,2021,202112,на Гоголя,Babidas,BA grou-9248,27,91341,31050.0
2022-01-01,2022,202201,на Гоголя,Babidas,BA grou-9248,40,134600,46000.0
2022-02-01,2022,202202,на Гоголя,Babidas,BA grou-9248,25,83550,28750.0
2022-03-01,2022,202203,на Гоголя,Babidas,BA grou-9248,20,75840,23000.0
2022-04-01,2022,202204,на Гоголя,Babidas,BA grou-9248,38,166098,43700.0
2022-05-01,2022,202205,на Гоголя,Babidas,BA grou-9248,48,213648,55200.0
2022-06-01,2022,202206,на Гоголя,Babidas,BA grou-9248,45,175860,51750.0
2022-07-01,2022,202207,на Гоголя,Babidas,BA grou-9248,48,135456,55200.0
2022-08-01,2022,202208,на Гоголя,Babidas,BA grou-9248,40,141120,46000.0
2022-09-01,2022,202209,на Гоголя,Babidas,BA grou-9248,43,144308,49450.0
2022-10-01,2022,202210,на Гоголя,Babidas,BA grou-9248,35,112945,40250.0
2022-11-01,2022,202211,на Гоголя,Babidas,BA grou-9248,25,100100,28750.0
2022-12-01,2022,202212,на Гоголя,Babidas,BA grou-9248,30,90300,34500.0
2021-01-01,2021,202101,на Гоголя,Babidas,BA gre-3658,47,218879,62698.0
2021-02-01,2021,202102,на Гоголя,Babidas,BA gre-3658,29,123685,38686.0
2021-03-01,2021,202103,на Гоголя,Babidas,BA gre-3658,24,77688,32016.0
2021-04-01,2021,202104,на Гоголя,Babidas,BA gre-3658,44,186384,58696.0
2021-05-01,2021,202105,на Гоголя,Babidas,BA gre-3658,56,264376,74704.0
2021-06-01,2021,202106,на Гоголя,Babidas,BA gre-3658,53,229702,70702.0
2021-07-01,2021,202107,на Гоголя,Babidas,BA gre-3658,56,131320,74704.0
2021-08-01,2021,202108,на Гоголя,Babidas,BA gre-3658,47,152280,62698.0
2021-09-01,2021,202109,на Гоголя,Babidas,BA gre-3658,50,174600,66700.0
2021-10-01,2021,202110,на Гоголя,Babidas,BA gre-3658,41,190281,54694.0
2021-11-01,2021,202111,на Гоголя,Babidas,BA gre-3658,29,112462,38686.0
2021-12-01,2021,202112,на Гоголя,Babidas,BA gre-3658,35,142170,46690.0
2022-01-01,2022,202201,на Гоголя,Babidas,BA gre-3658,52,231504,69368.0
2022-02-01,2022,202202,на Гоголя,Babidas,BA gre-3658,32,136224,42688.0
2022-03-01,2022,202203,на Гоголя,Babidas,BA gre-3658,26,96148,34684.0
2022-04-01,2022,202204,на Гоголя,Babidas,BA gre-3658,48,222192,64032.0
2022-05-01,2022,202205,на Гоголя,Babidas,BA gre-3658,61,305854,81374.0
2022-06-01,2022,202206,на Гоголя,Babidas,BA gre-3658,58,239598,77372.0
2022-07-01,2022,202207,на Гоголя,Babidas,BA gre-3658,61,165310,81374.0
2022-08-01,2022,202208,на Гоголя,Babidas,BA gre-3658,52,173264,69368.0
2022-09-01,2022,202209,на Гоголя,Babidas,BA gre-3658,55,212960,73370.0
2022-10-01,2022,202210,на Гоголя,Babidas,BA gre-3658,45,226845,60030.0
2022-11-01,2022,202211,на Гоголя,Babidas,BA gre-3658,32,135104,42688.0
2022-12-01,2022,202212,на Гоголя,Babidas,BA gre-3658,39,130572,52026.0
2021-01-01,2021,202101,на Гоголя,Babidas,BA earth-3530,39,209469,78624.0
2021-02-01,2021,202102,на Гоголя,Babidas,BA earth-3530,24,129528,48384.0
2021-03-01,2021,202103,на Гоголя,Babidas,BA earth-3530,20,108960,40320.0
2021-04-01,2021,202104,на Гоголя,Babidas,BA earth-3530,36,228564,72576.0
2021-05-01,2021,202105,на Гоголя,Babidas,BA earth-3530,46,295688,92736.0
2021-06-01,2021,202106,на Гоголя,Babidas,BA earth-3530,44,252516,88704.0
2021-07-01,2021,202107,на Гоголя,Babidas,BA earth-3530,46,152812,92736.0
2021-08-01,2021,202108,на Гоголя,Babidas,BA earth-3530,39,203814,78624.0
2021-09-01,2021,202109,на Гоголя,Babidas,BA earth-3530,41,200941,82656.0
2021-10-01,2021,202110,на Гоголя,Babidas,BA earth-3530,34,212364,68544.0
2021-11-01,2021,202111,на Гоголя,Babidas,BA earth-3530,24,131160,48384.0
2021-12-01,2021,202112,на Гоголя,Babidas,BA earth-3530,29,129920,58464.0
2022-01-01,2022,202201,на Гоголя,Babidas,BA earth-3530,43,213151,86688.0
2022-02-01,2022,202202,на Гоголя,Babidas,BA earth-3530,27,163917,54432.0
2022-03-01,2022,202203,на Гоголя,Babidas,BA earth-3530,22,121308,44352.0
2022-04-01,2022,202204,на Гоголя,Babidas,BA earth-3530,40,233240,80640.0
2022-05-01,2022,202205,на Гоголя,Babidas,BA earth-3530,51,321351,102816.0
2022-06-01,2022,202206,на Гоголя,Babidas,BA earth-3530,48,237792,96768.0
2022-07-01,2022,202207,на Гоголя,Babidas,BA earth-3530,51,199104,102816.0
2022-08-01,2022,202208,на Гоголя,Babidas,BA earth-3530,43,190533,86688.0
2022-09-01,2022,202209,на Гоголя,Babidas,BA earth-3530,45,225900,90720.0
2022-10-01,2022,202210,на Гоголя,Babidas,BA earth-3530,37,207533,74592.0
2022-11-01,2022,202211,на Гоголя,Babidas,BA earth-3530,27,144234,54432.0
2022-12-01,2022,202212,на Гоголя,Babidas,BA earth-3530,32,151008,64512.0
2021-01-01,2021,202101,на Гоголя,Babidas,BA ais-1740,35,97125,32725.000000000004
2021-02-01,2021,202102,на Гоголя,Babidas,BA ais-1740,22,60214,20570.000000000004
2021-03-01,2021,202103,на Гоголя,Babidas,BA ais-1740,18,44406,16830.000000000004
2021-04-01,2021,202104,на Гоголя,Babidas,BA ais-1740,33,112464,30855.000000000004
2021-05-01,2021,202105,на Гоголя,Babidas,BA ais-1740,42,159054,39270.00000000001
2021-06-01,2021,202106,на Гоголя,Babidas,BA ais-1740,40,133320,37400.00000000001
2021-07-01,2021,202107,на Гоголя,Babidas,BA ais-1740,42,47922,39270.00000000001
2021-08-01,2021,202108,на Гоголя,Babidas,BA ais-1740,35,76440,32725.000000000004
2021-09-01,2021,202109,на Гоголя,Babidas,BA ais-1740,37,82103,34595.00000000001
2021-10-01,2021,202110,на Гоголя,Babidas,BA ais-1740,31,100719,28985.000000000004
2021-11-01,2021,202111,на Гоголя,Babidas,BA ais-1740,22,70290,20570.000000000004
2021-12-01,2021,202112,на Гоголя,Babidas,BA ais-1740,27,59508,25245.000000000004
2022-01-01,2022,202201,на Гоголя,Babidas,BA ais-1740,39,111228,36465.00000000001
2022-02-01,2022,202202,на Гоголя,Babidas,BA ais-1740,24,74256,22440.000000000004
2022-03-01,2022,202203,на Гоголя,Babidas,BA ais-1740,20,40940,18700.000000000004
2022-04-01,2022,202204,на Гоголя,Babidas,BA ais-1740,36,129708,33660.00000000001
2022-05-01,2022,202205,на Гоголя,Babidas,BA ais-1740,46,165600,43010.00000000001
2022-06-01,2022,202206,на Гоголя,Babidas,BA ais-1740,44,132572,41140.00000000001
2022-07-01,2022,202207,на Гоголя,Babidas,BA ais-1740,46,60306,43010.00000000001
2022-08-01,2022,202208,на Гоголя,Babidas,BA ais-1740,39,90636,36465.00000000001
2022-09-01,2022,202209,на Гоголя,Babidas,BA ais-1740,41,104673,38335.00000000001
2022-10-01,2022,202210,на Гоголя,Babidas,BA ais-1740,34,126174,31790.000000000004
2022-11-01,2022,202211,на Гоголя,Babidas,BA ais-1740,24,75504,22440.000000000004
2022-12-01,2022,202212,на Гоголя,Babidas,BA ais-1740,29,80736,27115.000000000004
2021-01-01,2021,202101,на Гоголя,Babidas,BA ice-4231,43,220332,84968.0
2021-02-01,2021,202102,на Гоголя,Babidas,BA ice-4231,27,139509,53352.0
2021-03-01,2021,202103,на Гоголя,Babidas,BA ice-4231,22,91696,43472.0
2021-04-01,2021,202104,на Гоголя,Babidas,BA ice-4231,41,203155,81016.0
2021-05-01,2021,202105,на Гоголя,Babidas,BA ice-4231,51,325227,100776.0
2021-06-01,2021,202106,на Гоголя,Babidas,BA ice-4231,49,234024,96824.0
2021-07-01,2021,202107,на Гоголя,Babidas,BA ice-4231,51,161415,100776.0
2021-08-01,2021,202108,на Гоголя,Babidas,BA ice-4231,43,171312,84968.0
2021-09-01,2021,202109,на Гоголя,Babidas,BA ice-4231,46,229034,90896.0
2021-10-01,2021,202110,на Гоголя,Babidas,BA ice-4231,38,205580,75088.0
2021-11-01,2021,202111,на Гоголя,Babidas,BA ice-4231,27,123039,53352.0
2021-12-01,2021,202112,на Гоголя,Babidas,BA ice-4231,33,157608,65208.0
2022-01-01,2022,202201,на Гоголя,Babidas,BA ice-4231,48,222336,94848.0
2022-02-01,2022,202202,на Гоголя,Babidas,BA ice-4231,30,147390,59280.0
2022-03-01,2022,202203,на Гоголя,Babidas,BA ice-4231,24,114816,47424.0
2022-04-01,2022,202204,на Гоголя,Babidas,BA ice-4231,45,243495,88920.0
2022-05-01,2022,202205,на Гоголя,Babidas,BA ice-4231,56,308784,110656.0
2022-06-01,2022,202206,на Гоголя,Babidas,BA ice-4231,53,269611,104728.0
2022-07-01,2022,202207,на Гоголя,Babidas,BA ice-4231,56,174048,110656.0
2022-08-01,2022,202208,на Гоголя,Babidas,BA ice-4231,48,218400,94848.0
2022-09-01,2022,202209,на Гоголя,Babidas,BA ice-4231,51,254286,100776.0
2022-10-01,2022,202210,на Гоголя,Babidas,BA ice-4231,42,228774,82992.0
2022-11-01,2022,202211,на Гоголя,Babidas,BA ice-4231,30,156360,59280.0
2022-12-01,2022,202212,на Гоголя,Babidas,BA ice-4231,36,156996,71136.0
2021-01-01,2021,202101,на Гоголя,Babidas,BA ai-2960,39,202800,70200.0
2021-02-01,2021,202102,на Гоголя,Babidas,BA ai-2960,24,138120,43200.0
2021-03-01,2021,202103,на Гоголя,Babidas,BA ai-2960,20,114420,36000.0
2021-04-01,2021,202104,на Гоголя,Babidas,BA ai-2960,36,227016,64800.0
2021-05-01,2021,202105,на Гоголя,Babidas,BA ai-2960,46,305348,82800.0
2021-06-01,2021,202106,на Гоголя,Babidas,BA ai-2960,44,255024,79200.0
2021-07-01,2021,202107,на Гоголя,Babidas,BA ai-2960,46,204102,82800.0
2021-08-01,2021,202108,на Гоголя,Babidas,BA ai-2960,39,230841,70200.0
2021-09-01,2021,202109,на Гоголя,Babidas,BA ai-2960,41,215537,73800.0
2021-10-01,2021,202110,на Гоголя,Babidas,BA ai-2960,34,191726,61200.0
2021-11-01,2021,202111,на Гоголя,Babidas,BA ai-2960,24,131856,43200.0
2021-12-01,2021,202112,на Гоголя,Babidas,BA ai-2960,29,145783,52200.0
2022-01-01,2022,202201,на Гоголя,Babidas,BA ai-2960,43,255807,77400.0
2022-02-01,2022,202202,на Гоголя,Babidas,BA ai-2960,27,154386,48600.0
2022-03-01,2022,202203,на Гоголя,Babidas,BA ai-2960,22,106458,39600.0
2022-04-01,2022,202204,на Гоголя,Babidas,BA ai-2960,40,264040,72000.0
2022-05-01,2022,202205,на Гоголя,Babidas,BA ai-2960,51,306255,91800.0
2022-06-01,2022,202206,на Гоголя,Babidas,BA ai-2960,48,282672,86400.0
2022-07-01,2022,202207,на Гоголя,Babidas,BA ai-2960,51,206193,91800.0
2022-08-01,2022,202208,на Гоголя,Babidas,BA ai-2960,43,222869,77400.0
2022-09-01,2022,202209,на Гоголя,Babidas,BA ai-2960,45,232425,81000.0
2022-10-01,2022,202210,на Гоголя,Babidas,BA ai-2960,37,212713,66600.0
2022-11-01,2022,202211,на Гоголя,Babidas,BA ai-2960,27,140265,48600.0
2022-12-01,2022,202212,на Гоголя,Babidas,BA ai-2960,32,153728,57600.0
2021-01-01,2021,202101,на Гоголя,Asic,AS air-7520,26,944580,536900.0
2021-02-01,2021,202102,на Гоголя,Asic,AS air-7520,17,629510,351050.0
2021-03-01,2021,202103,на Гоголя,Asic,AS air-7520,13,466375,268450.0
2021-04-01,2021,202104,на Гоголя,Asic,AS air-7520,25,921150,516250.0
2021-05-01,2021,202105,на Гоголя,Asic,AS air-7520,31,1141637,640150.0
2021-06-01,2021,202106,на Гоголя,Asic,AS air-7520,29,1064561,598850.0
2021-07-01,2021,202107,на Гоголя,Asic,AS air-7520,31,1071143,640150.0
2021-08-01,2021,202108,на Гоголя,Asic,AS air-7520,26,930826,536900.0
2021-09-01,2021,202109,на Гоголя,Asic,AS air-7520,28,1016736,578200.0
2021-10-01,2021,202110,на Гоголя,Asic,AS air-7520,23,830461,474950.0
2021-11-01,2021,202111,на Гоголя,Asic,AS air-7520,17,620024,351050.0
2021-12-01,2021,202112,на Гоголя,Asic,AS air-7520,20,703220,413000.0
2022-01-01,2022,202201,на Гоголя,Asic,AS air-7520,29,1043942,598850.0
2022-02-01,2022,202202,на Гоголя,Asic,AS air-7520,18,653112,371700.0
2022-03-01,2022,202203,на Гоголя,Asic,AS air-7520,15,537870,309750.0
2022-04-01,2022,202204,на Гоголя,Asic,AS air-7520,27,990657,557550.0
2022-05-01,2022,202205,на Гоголя,Asic,AS air-7520,34,1250860,702100.0
2022-06-01,2022,202206,на Гоголя,Asic,AS air-7520,32,1147520,660800.0
2022-07-01,2022,202207,на Гоголя,Asic,AS air-7520,34,1170518,702100.0
2022-08-01,2022,202208,на Гоголя,Asic,AS air-7520,29,1050873,598850.0
2022-09-01,2022,202209,на Гоголя,Asic,AS air-7520,31,1114233,640150.0
2022-10-01,2022,202210,на Гоголя,Asic,AS air-7520,25,910775,516250.0
2022-11-01,2022,202211,на Гоголя,Asic,AS air-7520,18,649080,371700.0
2022-12-01,2022,202212,на Гоголя,Asic,AS air-7520,22,782188,454300.0
2021-01-01,2021,202101,на Гоголя,Asic,AS grou-3318,21,689598,329280.0
2021-02-01,2021,202102,на Гоголя,Asic,AS grou-3318,13,434070,203840.0
2021-03-01,2021,202103,на Гоголя,Asic,AS grou-3318,11,362868,172480.0
2021-04-01,2021,202104,на Гоголя,Asic,AS grou-3318,20,678660,313600.0
2021-05-01,2021,202105,на Гоголя,Asic,AS grou-3318,25,843400,392000.0
2021-06-01,2021,202106,на Гоголя,Asic,AS grou-3318,24,808008,376320.0
2021-07-01,2021,202107,на Гоголя,Asic,AS grou-3318,25,808150,392000.0
2021-08-01,2021,202108,на Гоголя,Asic,AS grou-3318,21,683613,329280.0
2021-09-01,2021,202109,на Гоголя,Asic,AS grou-3318,22,712206,344960.0
2021-10-01,2021,202110,на Гоголя,Asic,AS grou-3318,19,637260,297920.0
2021-11-01,2021,202111,на Гоголя,Asic,AS grou-3318,13,431717,203840.0
2021-12-01,2021,202112,на Гоголя,Asic,AS grou-3318,16,524672,250880.0
2022-01-01,2022,202201,на Гоголя,Asic,AS grou-3318,23,752606,360640.0
2022-02-01,2022,202202,на Гоголя,Asic,AS grou-3318,15,510765,235200.0
2022-03-01,2022,202203,на Гоголя,Asic,AS grou-3318,12,397752,188160.0
2022-04-01,2022,202204,на Гоголя,Asic,AS grou-3318,22,754622,344960.0
2022-05-01,2022,202205,на Гоголя,Asic,AS grou-3318,27,909846,423360.0
2022-06-01,2022,202206,на Гоголя,Asic,AS grou-3318,26,874666,407680.0
2022-07-01,2022,202207,на Гоголя,Asic,AS grou-3318,27,850554,423360.0
2022-08-01,2022,202208,на Гоголя,Asic,AS grou-3318,23,741336,360640.0
2022-09-01,2022,202209,на Гоголя,Asic,AS grou-3318,25,834500,392000.0
2022-10-01,2022,202210,на Гоголя,Asic,AS grou-3318,20,658080,313600.0
2022-11-01,2022,202211,на Гоголя,Asic,AS grou-3318,15,499800,235200.0
2022-12-01,2022,202212,на Гоголя,Asic,AS grou-3318,18,587916,282240.0
2021-01-01,2021,202101,на Гоголя,Asic,AS gre-2748,24,1031256,433440.0
2021-02-01,2021,202102,на Гоголя,Asic,AS gre-2748,15,656550,270900.0
2021-03-01,2021,202103,на Гоголя,Asic,AS gre-2748,12,516312,216720.0
2021-04-01,2021,202104,на Гоголя,Asic,AS gre-2748,22,953964,397320.0
2021-05-01,2021,202105,на Гоголя,Asic,AS gre-2748,28,1219568,505680.0
2021-06-01,2021,202106,на Гоголя,Asic,AS gre-2748,26,1124474,469560.0
2021-07-01,2021,202107,на Гоголя,Asic,AS gre-2748,28,1173956,505680.0
2021-08-01,2021,202108,на Гоголя,Asic,AS gre-2748,24,1026840,433440.0
2021-09-01,2021,202109,на Гоголя,Asic,AS gre-2748,25,1068900,451500.0
2021-10-01,2021,202110,на Гоголя,Asic,AS gre-2748,21,917721,379260.0
2021-11-01,2021,202111,на Гоголя,Asic,AS gre-2748,15,655605,270900.0
2021-12-01,2021,202112,на Гоголя,Asic,AS gre-2748,18,774864,325080.0
2022-01-01,2022,202201,на Гоголя,Asic,AS gre-2748,26,1123226,469560.0
2022-02-01,2022,202202,на Гоголя,Asic,AS gre-2748,16,690000,288960.0
2022-03-01,2022,202203,на Гоголя,Asic,AS gre-2748,13,555724,234780.0
2022-04-01,2022,202204,на Гоголя,Asic,AS gre-2748,24,1056984,433440.0
2022-05-01,2022,202205,на Гоголя,Asic,AS gre-2748,31,1371750,559860.0
2022-06-01,2022,202206,на Гоголя,Asic,AS gre-2748,29,1248276,523740.0
2022-07-01,2022,202207,на Гоголя,Asic,AS gre-2748,31,1310649,559860.0
2022-08-01,2022,202208,на Гоголя,Asic,AS gre-2748,26,1107886,469560.0
2022-09-01,2022,202209,на Гоголя,Asic,AS gre-2748,27,1167939,487620.0
2022-10-01,2022,202210,на Гоголя,Asic,AS gre-2748,23,990610,415380.0
2022-11-01,2022,202211,на Гоголя,Asic,AS gre-2748,16,691552,288960.0
2022-12-01,2022,202212,на Гоголя,Asic,AS gre-2748,20,855180,361200.0
2021-01-01,2021,202101,на Гоголя,Asic,AS earth-9544,21,616287,235200.0
2021-02-01,2021,202102,на Гоголя,Asic,AS earth-9544,14,407288,156800.0
2021-03-01,2021,202103,на Гоголя,Asic,AS earth-9544,11,318527,123200.0
2021-04-01,2021,202104,на Гоголя,Asic,AS earth-9544,20,595880,224000.0
2021-05-01,2021,202105,на Гоголя,Asic,AS earth-9544,25,756800,280000.0
2021-06-01,2021,202106,на Гоголя,Asic,AS earth-9544,24,695184,268800.0
2021-07-01,2021,202107,на Гоголя,Asic,AS earth-9544,25,697950,280000.0
2021-08-01,2021,202108,на Гоголя,Asic,AS earth-9544,21,597219,235200.0
2021-09-01,2021,202109,на Гоголя,Asic,AS earth-9544,23,658214,257600.0
2021-10-01,2021,202110,на Гоголя,Asic,AS earth-9544,19,550221,212800.0
2021-11-01,2021,202111,на Гоголя,Asic,AS earth-9544,14,412314,156800.0
2021-12-01,2021,202112,на Гоголя,Asic,AS earth-9544,16,469024,179200.0
2022-01-01,2022,202201,на Гоголя,Asic,AS earth-9544,23,668725,257600.0
2022-02-01,2022,202202,на Гоголя,Asic,AS earth-9544,15,435435,168000.0
2022-03-01,2022,202203,на Гоголя,Asic,AS earth-9544,12,347760,134400.0
2022-04-01,2022,202204,на Гоголя,Asic,AS earth-9544,22,662310,246400.0
2022-05-01,2022,202205,на Гоголя,Asic,AS earth-9544,28,837172,313600.0
2022-06-01,2022,202206,на Гоголя,Asic,AS earth-9544,26,755352,291200.0
2022-07-01,2022,202207,на Гоголя,Asic,AS earth-9544,28,775292,313600.0
2022-08-01,2022,202208,на Гоголя,Asic,AS earth-9544,23,661894,257600.0
2022-09-01,2022,202209,на Гоголя,Asic,AS earth-9544,25,729650,280000.0
2022-10-01,2022,202210,на Гоголя,Asic,AS earth-9544,21,617421,235200.0
2022-11-01,2022,202211,на Гоголя,Asic,AS earth-9544,15,440730,168000.0
2022-12-01,2022,202212,на Гоголя,Asic,AS earth-9544,18,504936,201600.0
2021-01-01,2021,202101,на Гоголя,Asic,AS ais-7331,27,1250424,680400.0000000001
2021-02-01,2021,202102,на Гоголя,Asic,AS ais-7331,17,791350,428400.00000000006
2021-03-01,2021,202103,на Гоголя,Asic,AS ais-7331,14,641466,352800.00000000006
2021-04-01,2021,202104,на Гоголя,Asic,AS ais-7331,25,1170150,630000.0000000001
2021-05-01,2021,202105,на Гоголя,Asic,AS ais-7331,32,1505568,806400.0000000001
2021-06-01,2021,202106,на Гоголя,Asic,AS ais-7331,30,1381290,756000.0000000001
2021-07-01,2021,202107,на Гоголя,Asic,AS ais-7331,32,1418464,806400.0000000001
2021-08-01,2021,202108,на Гоголя,Asic,AS ais-7331,27,1233927,680400.0000000001
2021-09-01,2021,202109,на Гоголя,Asic,AS ais-7331,29,1322458,730800.0000000001
2021-10-01,2021,202110,на Гоголя,Asic,AS ais-7331,24,1119144,604800.0000000001
2021-11-01,2021,202111,на Гоголя,Asic,AS ais-7331,17,791367,428400.00000000006
2021-12-01,2021,202112,на Гоголя,Asic,AS ais-7331,20,909260,504000.00000000006
2022-01-01,2022,202201,на Гоголя,Asic,AS ais-7331,30,1405110,756000.0000000001
2022-02-01,2022,202202,на Гоголя,Asic,AS ais-7331,19,883766,478800.00000000006
2022-03-01,2022,202203,на Гоголя,Asic,AS ais-7331,15,684060,378000.00000000006
2022-04-01,2022,202204,на Гоголя,Asic,AS ais-7331,28,1304408,705600.0000000001
2022-05-01,2022,202205,на Гоголя,Asic,AS ais-7331,35,1630370,882000.0000000001
2022-06-01,2022,202206,на Гоголя,Asic,AS ais-7331,33,1534698,831600.0000000001
2022-07-01,2022,202207,на Гоголя,Asic,AS ais-7331,35,1563170,882000.0000000001
2022-08-01,2022,202208,на Гоголя,Asic,AS ais-7331,30,1366050,756000.0000000001
2022-09-01,2022,202209,на Гоголя,Asic,AS ais-7331,31,1436757,781200.0000000001
2022-10-01,2022,202210,на Гоголя,Asic,AS ais-7331,26,1213108,655200.0000000001
2022-11-01,2022,202211,на Гоголя,Asic,AS ais-7331,19,873392,478800.00000000006
2022-12-01,2022,202212,на Гоголя,Asic,AS ais-7331,22,1002958,554400.0000000001
2021-01-01,2021,202101,на Гоголя,Asic,AS ice-2172,27,489969,257040.0
2021-02-01,2021,202102,на Гоголя,Asic,AS ice-2172,17,308550,161840.0
2021-03-01,2021,202103,на Гоголя,Asic,AS ice-2172,14,253652,133280.0
2021-04-01,2021,202104,на Гоголя,Asic,AS ice-2172,25,457325,238000.0
2021-05-01,2021,202105,на Гоголя,Asic,AS ice-2172,32,586240,304640.0
2021-06-01,2021,202106,на Гоголя,Asic,AS ice-2172,30,533100,285600.0
2021-07-01,2021,202107,на Гоголя,Asic,AS ice-2172,32,538656,304640.0
2021-08-01,2021,202108,на Гоголя,Asic,AS ice-2172,27,479493,257040.0
2021-09-01,2021,202109,на Гоголя,Asic,AS ice-2172,29,528496,276080.0
2021-10-01,2021,202110,на Гоголя,Asic,AS ice-2172,24,446112,228480.0
2021-11-01,2021,202111,на Гоголя,Asic,AS ice-2172,17,307972,161840.0
2021-12-01,2021,202112,на Гоголя,Asic,AS ice-2172,20,348000,190400.0
2022-01-01,2022,202201,на Гоголя,Asic,AS ice-2172,30,526680,285600.0
2022-02-01,2022,202202,на Гоголя,Asic,AS ice-2172,19,343197,180880.0
2022-03-01,2022,202203,на Гоголя,Asic,AS ice-2172,15,260820,142800.0
2022-04-01,2022,202204,на Гоголя,Asic,AS ice-2172,28,518392,266560.0
2022-05-01,2022,202205,на Гоголя,Asic,AS ice-2172,35,651525,333200.0
2022-06-01,2022,202206,на Гоголя,Asic,AS ice-2172,33,608652,314160.0
2022-07-01,2022,202207,на Гоголя,Asic,AS ice-2172,35,584360,333200.0
2022-08-01,2022,202208,на Гоголя,Asic,AS ice-2172,30,527310,285600.0
2022-09-01,2022,202209,на Гоголя,Asic,AS ice-2172,31,572446,295120.0
2022-10-01,2022,202210,на Гоголя,Asic,AS ice-2172,26,480584,247520.0
2022-11-01,2022,202211,на Гоголя,Asic,AS ice-2172,19,351063,180880.0
2022-12-01,2022,202212,на Гоголя,Asic,AS ice-2172,22,384736,209440.0
2021-01-01,2021,202101,на Гоголя,Asic,AS ai-7676,22,875842,360360.0
2021-02-01,2021,202102,на Гоголя,Asic,AS ai-7676,14,561274,229320.0
2021-03-01,2021,202103,на Гоголя,Asic,AS ai-7676,11,436711,180180.0
2021-04-01,2021,202104,на Гоголя,Asic,AS ai-7676,20,818680,327600.0
2021-05-01,2021,202105,на Гоголя,Asic,AS ai-7676,26,1055002,425880.0
2021-06-01,2021,202106,на Гоголя,Asic,AS ai-7676,24,970224,393120.0
2021-07-01,2021,202107,на Гоголя,Asic,AS ai-7676,26,1006954,425880.0
2021-08-01,2021,202108,на Гоголя,Asic,AS ai-7676,22,872344,360360.0
2021-09-01,2021,202109,на Гоголя,Asic,AS ai-7676,23,904728,376740.0
2021-10-01,2021,202110,на Гоголя,Asic,AS ai-7676,19,761482,311220.0
2021-11-01,2021,202111,на Гоголя,Asic,AS ai-7676,14,567532,229320.0
2021-12-01,2021,202112,на Гоголя,Asic,AS ai-7676,16,626400,262080.0
2022-01-01,2022,202201,на Гоголя,Asic,AS ai-7676,24,964320,393120.0
2022-02-01,2022,202202,на Гоголя,Asic,AS ai-7676,15,609420,245700.0
2022-03-01,2022,202203,на Гоголя,Asic,AS ai-7676,12,475716,196560.0
2022-04-01,2022,202204,на Гоголя,Asic,AS ai-7676,22,904486,360360.0
2022-05-01,2022,202205,на Гоголя,Asic,AS ai-7676,28,1147748,458640.0
2022-06-01,2022,202206,на Гоголя,Asic,AS ai-7676,27,1094661,442260.0
2022-07-01,2022,202207,на Гоголя,Asic,AS ai-7676,28,1082788,458640.0
2022-08-01,2022,202208,на Гоголя,Asic,AS ai-7676,24,959592,393120.0
2022-09-01,2022,202209,на Гоголя,Asic,AS ai-7676,25,999825,409500.0
2022-10-01,2022,202210,на Гоголя,Asic,AS ai-7676,21,841407,343980.0
2022-11-01,2022,202211,на Гоголя,Asic,AS ai-7676,15,613530,245700.0
2022-12-01,2022,202212,на Гоголя,Asic,AS ai-7676,18,719712,294840.0
2021-01-01,2021,202101,на Гоголя,Gunverse,GU air-3053,66,409134,151800.0
2021-02-01,2021,202102,на Гоголя,Gunverse,GU air-3053,42,290514,96600.0
2021-03-01,2021,202103,на Гоголя,Gunverse,GU air-3053,33,176385,75900.0
2021-04-01,2021,202104,на Гоголя,Gunverse,GU air-3053,62,385020,142600.0
2021-05-01,2021,202105,на Гоголя,Gunverse,GU air-3053,79,540123,181700.0
2021-06-01,2021,202106,на Гоголя,Gunverse,GU air-3053,75,479325,172500.0
2021-07-01,2021,202107,на Гоголя,Gunverse,GU air-3053,79,416014,181700.0
2021-08-01,2021,202108,на Гоголя,Gunverse,GU air-3053,66,357720,151800.0
2021-09-01,2021,202109,на Гоголя,Gunverse,GU air-3053,71,426994,163300.0
2021-10-01,2021,202110,на Гоголя,Gunverse,GU air-3053,58,386512,133400.0
2021-11-01,2021,202111,на Гоголя,Gunverse,GU air-3053,42,243054,96600.0
2021-12-01,2021,202112,на Гоголя,Gunverse,GU air-3053,50,277600,115000.0
2022-01-01,2022,202201,на Гоголя,Gunverse,GU air-3053,73,444935,167900.0
2022-02-01,2022,202202,на Гоголя,Gunverse,GU air-3053,46,273976,105800.0
2022-03-01,2022,202203,на Гоголя,Gunverse,GU air-3053,37,230658,85100.0
2022-04-01,2022,202204,на Гоголя,Gunverse,GU air-3053,68,435608,156400.0
2022-05-01,2022,202205,на Гоголя,Gunverse,GU air-3053,87,603432,200100.0
2022-06-01,2022,202206,на Гоголя,Gunverse,GU air-3053,82,530048,188600.0
2022-07-01,2022,202207,на Гоголя,Gunverse,GU air-3053,87,414207,200100.0
2022-08-01,2022,202208,на Гоголя,Gunverse,GU air-3053,73,453476,167900.0
2022-09-01,2022,202209,на Гоголя,Gunverse,GU air-3053,78,461058,179400.0
2022-10-01,2022,202210,на Гоголя,Gunverse,GU air-3053,64,411648,147200.0
2022-11-01,2022,202211,на Гоголя,Gunverse,GU air-3053,46,295228,105800.0
2022-12-01,2022,202212,на Гоголя,Gunverse,GU air-3053,55,318065,126500.0
2021-01-01,2021,202101,на Гоголя,Gunverse,GU grou-6409,59,625695,238950.0
2021-02-01,2021,202102,на Гоголя,Gunverse,GU grou-6409,37,381877,149850.0
2021-03-01,2021,202103,на Гоголя,Gunverse,GU grou-6409,30,306390,121500.0
2021-04-01,2021,202104,на Гоголя,Gunverse,GU grou-6409,55,613965,222750.0
2021-05-01,2021,202105,на Гоголя,Gunverse,GU grou-6409,70,801080,283500.0
2021-06-01,2021,202106,на Гоголя,Gunverse,GU grou-6409,66,692406,267300.0
2021-07-01,2021,202107,на Гоголя,Gunverse,GU grou-6409,70,630210,283500.0
2021-08-01,2021,202108,на Гоголя,Gunverse,GU grou-6409,59,582625,238950.0
2021-09-01,2021,202109,на Гоголя,Gunverse,GU grou-6409,62,594022,251100.0
2021-10-01,2021,202110,на Гоголя,Gunverse,GU grou-6409,51,498474,206550.0
2021-11-01,2021,202111,на Гоголя,Gunverse,GU grou-6409,37,373256,149850.0
2021-12-01,2021,202112,на Гоголя,Gunverse,GU grou-6409,44,412148,178200.0
2022-01-01,2022,202201,на Гоголя,Gunverse,GU grou-6409,65,624455,263250.0
2022-02-01,2022,202202,на Гоголя,Gunverse,GU grou-6409,41,422792,166050.0
2022-03-01,2022,202203,на Гоголя,Gunverse,GU grou-6409,33,331419,133650.0
2022-04-01,2022,202204,на Гоголя,Gunverse,GU grou-6409,61,652822,247050.0
2022-05-01,2022,202205,на Гоголя,Gunverse,GU grou-6409,77,837144,311850.0
2022-06-01,2022,202206,на Гоголя,Gunverse,GU grou-6409,73,780735,295650.0
2022-07-01,2022,202207,на Гоголя,Gunverse,GU grou-6409,77,633171,311850.0
2022-08-01,2022,202208,на Гоголя,Gunverse,GU grou-6409,65,604500,263250.0
2022-09-01,2022,202209,на Гоголя,Gunverse,GU grou-6409,69,658743,279450.0
2022-10-01,2022,202210,на Гоголя,Gunverse,GU grou-6409,57,583737,230850.0
2022-11-01,2022,202211,на Гоголя,Gunverse,GU grou-6409,41,410984,166050.0
2022-12-01,2022,202212,на Гоголя,Gunverse,GU grou-6409,49,461727,198450.0
2021-01-01,2021,202101,на Гоголя,Gunverse,GU gre-2865,66,562782,263339.99999999994
2021-02-01,2021,202102,на Гоголя,Gunverse,GU gre-2865,42,365946,167579.99999999997
2021-03-01,2021,202103,на Гоголя,Gunverse,GU gre-2865,33,262911,131669.99999999997
2021-04-01,2021,202104,на Гоголя,Gunverse,GU gre-2865,62,542810,247379.99999999997
2021-05-01,2021,202105,на Гоголя,Gunverse,GU gre-2865,79,662652,315209.99999999994
2021-06-01,2021,202106,на Гоголя,Gunverse,GU gre-2865,75,644175,299249.99999999994
2021-07-01,2021,202107,на Гоголя,Gunverse,GU gre-2865,79,561058,315209.99999999994
2021-08-01,2021,202108,на Гоголя,Gunverse,GU gre-2865,66,504900,263339.99999999994
2021-09-01,2021,202109,на Гоголя,Gunverse,GU gre-2865,71,547410,283289.99999999994
2021-10-01,2021,202110,на Гоголя,Gunverse,GU gre-2865,58,510864,231419.99999999997
2021-11-01,2021,202111,на Гоголя,Gunverse,GU gre-2865,42,347046,167579.99999999997
2021-12-01,2021,202112,на Гоголя,Gunverse,GU gre-2865,50,405050,199499.99999999997
2022-01-01,2022,202201,на Гоголя,Gunverse,GU gre-2865,73,614441,291269.99999999994
2022-02-01,2022,202202,на Гоголя,Gunverse,GU gre-2865,46,384008,183539.99999999997
2022-03-01,2022,202203,на Гоголя,Gunverse,GU gre-2865,37,297813,147629.99999999997
2022-04-01,2022,202204,на Гоголя,Gunverse,GU gre-2865,68,595952,271319.99999999994
2022-05-01,2022,202205,на Гоголя,Gunverse,GU gre-2865,87,736542,347129.99999999994
2022-06-01,2022,202206,на Гоголя,Gunverse,GU gre-2865,82,711350,327179.99999999994
2022-07-01,2022,202207,на Гоголя,Gunverse,GU gre-2865,87,612567,347129.99999999994
2022-08-01,2022,202208,на Гоголя,Gunverse,GU gre-2865,73,599841,291269.99999999994
2022-09-01,2022,202209,на Гоголя,Gunverse,GU gre-2865,78,574002,311219.99999999994
2022-10-01,2022,202210,на Гоголя,Gunverse,GU gre-2865,64,564032,255359.99999999997
2022-11-01,2022,202211,на Гоголя,Gunverse,GU gre-2865,46,386538,183539.99999999997
2022-12-01,2022,202212,на Гоголя,Gunverse,GU gre-2865,55,451715,219449.99999999997
2021-01-01,2021,202101,на Гоголя,Gunverse,GU earth-4729,58,591600,241570.0
2021-02-01,2021,202102,на Гоголя,Gunverse,GU earth-4729,36,352980,149940.0
2021-03-01,2021,202103,на Гоголя,Gunverse,GU earth-4729,29,247312,120785.0
2021-04-01,2021,202104,на Гоголя,Gunverse,GU earth-4729,54,541080,224910.0
2021-05-01,2021,202105,на Гоголя,Gunverse,GU earth-4729,69,710562,287385.0
2021-06-01,2021,202106,на Гоголя,Gunverse,GU earth-4729,65,651365,270725.0
2021-07-01,2021,202107,на Гоголя,Gunverse,GU earth-4729,69,578151,287385.0
2021-08-01,2021,202108,на Гоголя,Gunverse,GU earth-4729,58,549260,241570.0
2021-09-01,2021,202109,на Гоголя,Gunverse,GU earth-4729,62,564386,258230.0
2021-10-01,2021,202110,на Гоголя,Gunverse,GU earth-4729,51,502299,212415.0
2021-11-01,2021,202111,на Гоголя,Gunverse,GU earth-4729,36,349308,149940.0
2021-12-01,2021,202112,на Гоголя,Gunverse,GU earth-4729,44,401412,183260.0
2022-01-01,2022,202201,на Гоголя,Gunverse,GU earth-4729,64,635904,266560.0
2022-02-01,2022,202202,на Гоголя,Gunverse,GU earth-4729,40,403080,166600.0
2022-03-01,2022,202203,на Гоголя,Gunverse,GU earth-4729,32,296096,133280.0
2022-04-01,2022,202204,на Гоголя,Gunverse,GU earth-4729,60,609960,249900.0
2022-05-01,2022,202205,на Гоголя,Gunverse,GU earth-4729,76,786296,316540.0
2022-06-01,2022,202206,на Гоголя,Gunverse,GU earth-4729,72,693144,299880.0
2022-07-01,2022,202207,на Гоголя,Gunverse,GU earth-4729,76,635056,316540.0
2022-08-01,2022,202208,на Гоголя,Gunverse,GU earth-4729,64,612672,266560.0
2022-09-01,2022,202209,на Гоголя,Gunverse,GU earth-4729,68,625396,283220.0
2022-10-01,2022,202210,на Гоголя,Gunverse,GU earth-4729,56,533120,233240.0
2022-11-01,2022,202211,на Гоголя,Gunverse,GU earth-4729,40,410760,166600.0
2022-12-01,2022,202212,на Гоголя,Gunverse,GU earth-4729,48,457872,199920.0
2021-01-01,2021,202101,на Гоголя,Gunverse,GU ais-4465,58,438074,177480.0
2021-02-01,2021,202102,на Гоголя,Gunverse,GU ais-4465,36,259956,110160.0
2021-03-01,2021,202103,на Гоголя,Gunverse,GU ais-4465,29,205639,88740.0
2021-04-01,2021,202104,на Гоголя,Gunverse,GU ais-4465,54,432162,165240.0
2021-05-01,2021,202105,на Гоголя,Gunverse,GU ais-4465,69,566007,211140.0
2021-06-01,2021,202106,на Гоголя,Gunverse,GU ais-4465,65,486980,198900.0
2021-07-01,2021,202107,на Гоголя,Gunverse,GU ais-4465,69,360042,211140.0
2021-08-01,2021,202108,на Гоголя,Gunverse,GU ais-4465,58,374738,177480.0
2021-09-01,2021,202109,на Гоголя,Gunverse,GU ais-4465,62,442618,189720.0
2021-10-01,2021,202110,на Гоголя,Gunverse,GU ais-4465,51,370260,156060.0
2021-11-01,2021,202111,на Гоголя,Gunverse,GU ais-4465,36,256752,110160.0
2021-12-01,2021,202112,на Гоголя,Gunverse,GU ais-4465,44,306240,134640.0
2022-01-01,2022,202201,на Гоголя,Gunverse,GU ais-4465,64,445824,195840.0
2022-02-01,2022,202202,на Гоголя,Gunverse,GU ais-4465,40,310760,122400.0
2022-03-01,2022,202203,на Гоголя,Gunverse,GU ais-4465,32,218592,97920.0
2022-04-01,2022,202204,на Гоголя,Gunverse,GU ais-4465,60,430500,183600.0
2022-05-01,2022,202205,на Гоголя,Gunverse,GU ais-4465,76,555940,232560.0
2022-06-01,2022,202206,на Гоголя,Gunverse,GU ais-4465,72,511704,220320.0
2022-07-01,2022,202207,на Гоголя,Gunverse,GU ais-4465,76,413668,232560.0
2022-08-01,2022,202208,на Гоголя,Gunverse,GU ais-4465,64,401856,195840.0
2022-09-01,2022,202209,на Гоголя,Gunverse,GU ais-4465,68,459000,208080.0
2022-10-01,2022,202210,на Гоголя,Gunverse,GU ais-4465,56,427168,171360.0
2022-11-01,2022,202211,на Гоголя,Gunverse,GU ais-4465,40,283600,122400.0
2022-12-01,2022,202212,на Гоголя,Gunverse,GU ais-4465,48,298512,146880.0
2021-01-01,2021,202101,на Гоголя,Gunverse,GU ice-8917,61,525759,210816.0
2021-02-01,2021,202102,на Гоголя,Gunverse,GU ice-8917,38,336034,131328.0
2021-03-01,2021,202103,на Гоголя,Gunverse,GU ice-8917,31,259966,107136.0
2021-04-01,2021,202104,на Гоголя,Gunverse,GU ice-8917,57,503595,196992.0
2021-05-01,2021,202105,на Гоголя,Gunverse,GU ice-8917,72,655128,248832.0
2021-06-01,2021,202106,на Гоголя,Gunverse,GU ice-8917,68,536724,235008.0
2021-07-01,2021,202107,на Гоголя,Gunverse,GU ice-8917,72,507312,248832.0
2021-08-01,2021,202108,на Гоголя,Gunverse,GU ice-8917,61,479765,210816.0
2021-09-01,2021,202109,на Гоголя,Gunverse,GU ice-8917,64,519168,221184.0
2021-10-01,2021,202110,на Гоголя,Gunverse,GU ice-8917,53,439635,183168.0
2021-11-01,2021,202111,на Гоголя,Gunverse,GU ice-8917,38,304532,131328.0
2021-12-01,2021,202112,на Гоголя,Gunverse,GU ice-8917,46,361606,158976.0
2022-01-01,2022,202201,на Гоголя,Gunverse,GU ice-8917,67,544040,231552.0
2022-02-01,2022,202202,на Гоголя,Gunverse,GU ice-8917,42,365820,145152.0
2022-03-01,2022,202203,на Гоголя,Gunverse,GU ice-8917,34,284206,117504.0
2022-04-01,2022,202204,на Гоголя,Gunverse,GU ice-8917,63,589491,217728.0
2022-05-01,2022,202205,на Гоголя,Gunverse,GU ice-8917,79,748209,273024.0
2022-06-01,2022,202206,на Гоголя,Gunverse,GU ice-8917,75,631725,259200.0
2022-07-01,2022,202207,на Гоголя,Gunverse,GU ice-8917,79,568879,273024.0
2022-08-01,2022,202208,на Гоголя,Gunverse,GU ice-8917,67,487827,231552.0
2022-09-01,2022,202209,на Гоголя,Gunverse,GU ice-8917,71,552096,245376.0
2022-10-01,2022,202210,на Гоголя,Gunverse,GU ice-8917,58,503382,200448.0
2022-11-01,2022,202211,на Гоголя,Gunverse,GU ice-8917,42,367164,145152.0
2022-12-01,2022,202212,на Гоголя,Gunverse,GU ice-8917,50,370600,172800.0
2021-01-01,2021,202101,на Гоголя,Gunverse,GU ai-3849,63,657090,326781.0
2021-02-01,2021,202102,на Гоголя,Gunverse,GU ai-3849,39,415545,202293.0
2021-03-01,2021,202103,на Гоголя,Gunverse,GU ai-3849,32,338528,165984.0
2021-04-01,2021,202104,на Гоголя,Gunverse,GU ai-3849,59,624869,306033.0
2021-05-01,2021,202105,на Гоголя,Gunverse,GU ai-3849,74,803344,383838.0
2021-06-01,2021,202106,на Гоголя,Gunverse,GU ai-3849,70,729470,363090.0
2021-07-01,2021,202107,на Гоголя,Gunverse,GU ai-3849,74,656676,383838.0
2021-08-01,2021,202108,на Гоголя,Gunverse,GU ai-3849,63,615132,326781.0
2021-09-01,2021,202109,на Гоголя,Gunverse,GU ai-3849,66,637230,342342.0
2021-10-01,2021,202110,на Гоголя,Gunverse,GU ai-3849,55,599830,285285.0
2021-11-01,2021,202111,на Гоголя,Gunverse,GU ai-3849,39,403026,202293.0
2021-12-01,2021,202112,на Гоголя,Gunverse,GU ai-3849,47,449179,243789.0
2022-01-01,2022,202201,на Гоголя,Gunverse,GU ai-3849,69,711321,357903.0
2022-02-01,2022,202202,на Гоголя,Gunverse,GU ai-3849,43,432021,223041.0
2022-03-01,2022,202203,на Гоголя,Gunverse,GU ai-3849,35,351540,181545.0
2022-04-01,2022,202204,на Гоголя,Gunverse,GU ai-3849,65,740220,337155.0
2022-05-01,2022,202205,на Гоголя,Gunverse,GU ai-3849,82,900606,425334.0
2022-06-01,2022,202206,на Гоголя,Gunverse,GU ai-3849,77,806344,399399.0
2022-07-01,2022,202207,на Гоголя,Gunverse,GU ai-3849,82,752842,425334.0
2022-08-01,2022,202208,на Гоголя,Gunverse,GU ai-3849,69,695313,357903.0
2022-09-01,2022,202209,на Гоголя,Gunverse,GU ai-3849,73,745403,378651.0
2022-10-01,2022,202210,на Гоголя,Gunverse,GU ai-3849,60,629880,311220.0
2022-11-01,2022,202211,на Гоголя,Gunverse,GU ai-3849,43,452704,223041.0
2022-12-01,2022,202212,на Гоголя,Gunverse,GU ai-3849,52,500864,269724.0
2021-01-01,2021,202101,на Гоголя,Nuke,NK air-4421,67,886879,402000.0
2021-02-01,2021,202102,на Гоголя,Nuke,NK air-4421,42,555072,252000.0
2021-03-01,2021,202103,на Гоголя,Nuke,NK air-4421,34,434520,204000.0
2021-04-01,2021,202104,на Гоголя,Nuke,NK air-4421,63,856044,378000.0
2021-05-01,2021,202105,на Гоголя,Nuke,NK air-4421,80,1080320,480000.0
2021-06-01,2021,202106,на Гоголя,Nuke,NK air-4421,75,988200,450000.0
2021-07-01,2021,202107,на Гоголя,Nuke,NK air-4421,80,950400,480000.0
2021-08-01,2021,202108,на Гоголя,Nuke,NK air-4421,67,842860,402000.0
2021-09-01,2021,202109,на Гоголя,Nuke,NK air-4421,71,870034,426000.0
2021-10-01,2021,202110,на Гоголя,Nuke,NK air-4421,59,777207,354000.0
2021-11-01,2021,202111,на Гоголя,Nuke,NK air-4421,42,550074,252000.0
2021-12-01,2021,202112,на Гоголя,Nuke,NK air-4421,50,645550,300000.0
2022-01-01,2022,202201,на Гоголя,Nuke,NK air-4421,74,956968,444000.0
2022-02-01,2022,202202,на Гоголя,Nuke,NK air-4421,46,615572,276000.0
2022-03-01,2022,202203,на Гоголя,Nuke,NK air-4421,37,483331,222000.0
2022-04-01,2022,202204,на Гоголя,Nuke,NK air-4421,69,916941,414000.0
2022-05-01,2022,202205,на Гоголя,Nuke,NK air-4421,88,1282864,528000.0
2022-06-01,2022,202206,на Гоголя,Nuke,NK air-4421,83,1096015,498000.0
2022-07-01,2022,202207,на Гоголя,Nuke,NK air-4421,88,1012088,528000.0
2022-08-01,2022,202208,на Гоголя,Nuke,NK air-4421,74,922928,444000.0
2022-09-01,2022,202209,на Гоголя,Nuke,NK air-4421,78,979680,468000.0
2022-10-01,2022,202210,на Гоголя,Nuke,NK air-4421,65,909090,390000.0
2022-11-01,2022,202211,на Гоголя,Nuke,NK air-4421,46,609546,276000.0
2022-12-01,2022,202212,на Гоголя,Nuke,NK air-4421,55,682825,330000.0
2021-01-01,2021,202101,на Гоголя,Nuke,NK grou-9880,49,472017,260190.0
2021-02-01,2021,202102,на Гоголя,Nuke,NK grou-9880,31,316355,164610.0
2021-03-01,2021,202103,на Гоголя,Nuke,NK grou-9880,25,259275,132750.0
2021-04-01,2021,202104,на Гоголя,Nuke,NK grou-9880,46,511290,244260.0
2021-05-01,2021,202105,на Гоголя,Nuke,NK grou-9880,58,659170,307980.0
2021-06-01,2021,202106,на Гоголя,Nuke,NK grou-9880,55,590920,292050.0
2021-07-01,2021,202107,на Гоголя,Nuke,NK grou-9880,58,513242,307980.0
2021-08-01,2021,202108,на Гоголя,Nuke,NK grou-9880,49,470645,260190.0
2021-09-01,2021,202109,на Гоголя,Nuke,NK grou-9880,52,481312,276120.0
2021-10-01,2021,202110,на Гоголя,Nuke,NK grou-9880,43,443588,228330.0
2021-11-01,2021,202111,на Гоголя,Nuke,NK grou-9880,31,325996,164610.0
2021-12-01,2021,202112,на Гоголя,Nuke,NK grou-9880,37,351611,196470.0
2022-01-01,2022,202201,на Гоголя,Nuke,NK grou-9880,53,516273,281430.0
2022-02-01,2022,202202,на Гоголя,Nuke,NK grou-9880,34,364888,180540.0
2022-03-01,2022,202203,на Гоголя,Nuke,NK grou-9880,27,253341,143370.0
2022-04-01,2022,202204,на Гоголя,Nuke,NK grou-9880,50,543200,265500.0
2022-05-01,2022,202205,на Гоголя,Nuke,NK grou-9880,63,659736,334530.0
2022-06-01,2022,202206,на Гоголя,Nuke,NK grou-9880,60,599640,318600.0
2022-07-01,2022,202207,на Гоголя,Nuke,NK grou-9880,63,575946,334530.0
2022-08-01,2022,202208,на Гоголя,Nuke,NK grou-9880,53,518022,281430.0
2022-09-01,2022,202209,на Гоголя,Nuke,NK grou-9880,57,560196,302670.0
2022-10-01,2022,202210,на Гоголя,Nuke,NK grou-9880,47,507083,249570.0
2022-11-01,2022,202211,на Гоголя,Nuke,NK grou-9880,34,343468,180540.0
2022-12-01,2022,202212,на Гоголя,Nuke,NK grou-9880,40,402120,212400.0
2021-01-01,2021,202101,на Гоголя,Nuke,NK gre-7983,46,369564,148120.0
2021-02-01,2021,202102,на Гоголя,Nuke,NK gre-7983,29,240207,93380.0
2021-03-01,2021,202103,на Гоголя,Nuke,NK gre-7983,23,161897,74060.0
2021-04-01,2021,202104,на Гоголя,Nuke,NK gre-7983,44,386936,141680.0
2021-05-01,2021,202105,на Гоголя,Nuke,NK gre-7983,55,493790,177100.0
2021-06-01,2021,202106,на Гоголя,Nuke,NK gre-7983,52,430768,167440.0
2021-07-01,2021,202107,на Гоголя,Nuke,NK gre-7983,55,390115,177100.0
2021-08-01,2021,202108,на Гоголя,Nuke,NK gre-7983,46,350474,148120.0
2021-09-01,2021,202109,на Гоголя,Nuke,NK gre-7983,49,398370,157780.0
2021-10-01,2021,202110,на Гоголя,Nuke,NK gre-7983,41,321030,132020.0
2021-11-01,2021,202111,на Гоголя,Nuke,NK gre-7983,29,230608,93380.0
2021-12-01,2021,202112,на Гоголя,Nuke,NK gre-7983,35,262640,112700.0
2022-01-01,2022,202201,на Гоголя,Nuke,NK gre-7983,51,416619,164220.0
2022-02-01,2022,202202,на Гоголя,Nuke,NK gre-7983,32,264256,103040.0
2022-03-01,2022,202203,на Гоголя,Nuke,NK gre-7983,26,185770,83720.0
2022-04-01,2022,202204,на Гоголя,Nuke,NK gre-7983,48,413424,154560.0
2022-05-01,2022,202205,на Гоголя,Nuke,NK gre-7983,60,551340,193200.0
2022-06-01,2022,202206,на Гоголя,Nuke,NK gre-7983,57,500004,183540.0
2022-07-01,2022,202207,на Гоголя,Nuke,NK gre-7983,60,403080,193200.0
2022-08-01,2022,202208,на Гоголя,Nuke,NK gre-7983,51,395352,164220.0
2022-09-01,2022,202209,на Гоголя,Nuke,NK gre-7983,54,444960,173880.0
2022-10-01,2022,202210,на Гоголя,Nuke,NK gre-7983,45,395145,144900.0
2022-11-01,2022,202211,на Гоголя,Nuke,NK gre-7983,32,283168,103040.0
2022-12-01,2022,202212,на Гоголя,Nuke,NK gre-7983,38,268166,122360.0
2021-01-01,2021,202101,на Гоголя,Nuke,NK earth-5320,58,450718,192270.0
2021-02-01,2021,202102,на Гоголя,Nuke,NK earth-5320,36,286092,119340.0
2021-03-01,2021,202103,на Гоголя,Nuke,NK earth-5320,29,197693,96135.0
2021-04-01,2021,202104,на Гоголя,Nuke,NK earth-5320,54,464076,179010.0
2021-05-01,2021,202105,на Гоголя,Nuke,NK earth-5320,68,610504,225420.0
2021-06-01,2021,202106,на Гоголя,Nuke,NK earth-5320,65,519415,215475.0
2021-07-01,2021,202107,на Гоголя,Nuke,NK earth-5320,68,465120,225420.0
2021-08-01,2021,202108,на Гоголя,Nuke,NK earth-5320,58,451762,192270.0
2021-09-01,2021,202109,на Гоголя,Nuke,NK earth-5320,61,440298,202215.0
2021-10-01,2021,202110,на Гоголя,Nuke,NK earth-5320,50,408350,165750.0
2021-11-01,2021,202111,на Гоголя,Nuke,NK earth-5320,36,272736,119340.0
2021-12-01,2021,202112,на Гоголя,Nuke,NK earth-5320,43,315319,142545.0
2022-01-01,2022,202201,на Гоголя,Nuke,NK earth-5320,63,484911,208845.0
2022-02-01,2022,202202,на Гоголя,Nuke,NK earth-5320,40,316920,132600.0
2022-03-01,2022,202203,на Гоголя,Nuke,NK earth-5320,32,239232,106080.0
2022-04-01,2022,202204,на Гоголя,Nuke,NK earth-5320,59,492296,195585.0
2022-05-01,2022,202205,на Гоголя,Nuke,NK earth-5320,75,645600,248625.0
2022-06-01,2022,202206,на Гоголя,Nuke,NK earth-5320,71,574674,235365.0
2022-07-01,2022,202207,на Гоголя,Nuke,NK earth-5320,75,454950,248625.0
2022-08-01,2022,202208,на Гоголя,Nuke,NK earth-5320,63,481887,208845.0
2022-09-01,2022,202209,на Гоголя,Nuke,NK earth-5320,67,490440,222105.0
2022-10-01,2022,202210,на Гоголя,Nuke,NK earth-5320,55,457050,182325.0
2022-11-01,2022,202211,на Гоголя,Nuke,NK earth-5320,40,324080,132600.0
2022-12-01,2022,202212,на Гоголя,Nuke,NK earth-5320,48,347760,159120.0
2021-01-01,2021,202101,на Гоголя,Nuke,NK ais-5028,63,693882,296100.0
2021-02-01,2021,202102,на Гоголя,Nuke,NK ais-5028,40,445480,188000.0
2021-03-01,2021,202103,на Гоголя,Nuke,NK ais-5028,32,351936,150400.0
2021-04-01,2021,202104,на Гоголя,Nuke,NK ais-5028,59,700802,277300.0
2021-05-01,2021,202105,на Гоголя,Nuke,NK ais-5028,75,913575,352500.0
2021-06-01,2021,202106,на Гоголя,Nuke,NK ais-5028,71,802016,333700.0
2021-07-01,2021,202107,на Гоголя,Nuke,NK ais-5028,75,745650,352500.0
2021-08-01,2021,202108,на Гоголя,Nuke,NK ais-5028,63,701127,296100.0
2021-09-01,2021,202109,на Гоголя,Nuke,NK ais-5028,67,710602,314900.0
2021-10-01,2021,202110,на Гоголя,Nuke,NK ais-5028,55,648835,258500.0
2021-11-01,2021,202111,на Гоголя,Nuke,NK ais-5028,40,433280,188000.0
2021-12-01,2021,202112,на Гоголя,Nuke,NK ais-5028,48,494352,225600.0
2022-01-01,2022,202201,на Гоголя,Nuke,NK ais-5028,69,746580,324300.0
2022-02-01,2022,202202,на Гоголя,Nuke,NK ais-5028,44,481800,206800.0
2022-03-01,2022,202203,на Гоголя,Nuke,NK ais-5028,35,388255,164500.0
2022-04-01,2022,202204,на Гоголя,Nuke,NK ais-5028,65,749255,305500.0
2022-05-01,2022,202205,на Гоголя,Nuke,NK ais-5028,82,946854,385400.0
2022-06-01,2022,202206,на Гоголя,Nuke,NK ais-5028,78,855036,366600.0
2022-07-01,2022,202207,на Гоголя,Nuke,NK ais-5028,82,782690,385400.0
2022-08-01,2022,202208,на Гоголя,Nuke,NK ais-5028,69,752445,324300.0
2022-09-01,2022,202209,на Гоголя,Nuke,NK ais-5028,74,810818,347800.0
2022-10-01,2022,202210,на Гоголя,Nuke,NK ais-5028,61,685579,286700.0
2022-11-01,2022,202211,на Гоголя,Nuke,NK ais-5028,44,520564,206800.0
2022-12-01,2022,202212,на Гоголя,Nuke,NK ais-5028,52,542932,244400.0
2021-01-01,2021,202101,на Гоголя,Nuke,NK ice-4908,67,709262,359723.0
2021-02-01,2021,202102,на Гоголя,Nuke,NK ice-4908,42,453852,225498.0
2021-03-01,2021,202103,на Гоголя,Nuke,NK ice-4908,34,342720,182546.0
2021-04-01,2021,202104,на Гоголя,Nuke,NK ice-4908,62,654844,332878.0
2021-05-01,2021,202105,на Гоголя,Nuke,NK ice-4908,79,891673,424151.0
2021-06-01,2021,202106,на Гоголя,Nuke,NK ice-4908,75,804900,402675.0
2021-07-01,2021,202107,на Гоголя,Nuke,NK ice-4908,79,674107,424151.0
2021-08-01,2021,202108,на Гоголя,Nuke,NK ice-4908,67,661290,359723.0
2021-09-01,2021,202109,на Гоголя,Nuke,NK ice-4908,71,701622,381199.0
2021-10-01,2021,202110,на Гоголя,Nuke,NK ice-4908,58,579768,311402.0
2021-11-01,2021,202111,на Гоголя,Nuke,NK ice-4908,42,421554,225498.0
2021-12-01,2021,202112,на Гоголя,Nuke,NK ice-4908,50,514250,268450.0
2022-01-01,2022,202201,на Гоголя,Nuke,NK ice-4908,73,732190,391937.0
2022-02-01,2022,202202,на Гоголя,Nuke,NK ice-4908,46,463082,246974.0
2022-03-01,2022,202203,на Гоголя,Nuke,NK ice-4908,37,377955,198653.0
2022-04-01,2022,202204,на Гоголя,Nuke,NK ice-4908,69,713667,370461.0
2022-05-01,2022,202205,на Гоголя,Nuke,NK ice-4908,87,1008504,467103.0
2022-06-01,2022,202206,на Гоголя,Nuke,NK ice-4908,82,876170,440258.0
2022-07-01,2022,202207,на Гоголя,Nuke,NK ice-4908,87,819540,467103.0
2022-08-01,2022,202208,на Гоголя,Nuke,NK ice-4908,73,741169,391937.0
2022-09-01,2022,202209,на Гоголя,Nuke,NK ice-4908,78,811044,418782.0
2022-10-01,2022,202210,на Гоголя,Nuke,NK ice-4908,64,686464,343616.0
2022-11-01,2022,202211,на Гоголя,Nuke,NK ice-4908,46,480470,246974.0
2022-12-01,2022,202212,на Гоголя,Nuke,NK ice-4908,55,554565,295295.0
2021-01-01,2021,202101,на Гоголя,Nuke,NK ai-2826,48,598272,264000.0
2021-02-01,2021,202102,на Гоголя,Nuke,NK ai-2826,30,386610,165000.0
2021-03-01,2021,202103,на Гоголя,Nuke,NK ai-2826,24,288960,132000.0
2021-04-01,2021,202104,на Гоголя,Nuke,NK ai-2826,45,592290,247500.0
2021-05-01,2021,202105,на Гоголя,Nuke,NK ai-2826,56,704312,308000.0
2021-06-01,2021,202106,на Гоголя,Nuke,NK ai-2826,53,644798,291500.0
2021-07-01,2021,202107,на Гоголя,Nuke,NK ai-2826,56,593432,308000.0
2021-08-01,2021,202108,на Гоголя,Nuke,NK ai-2826,48,584544,264000.0
2021-09-01,2021,202109,на Гоголя,Nuke,NK ai-2826,50,608250,275000.0
2021-10-01,2021,202110,на Гоголя,Nuke,NK ai-2826,42,542304,231000.0
2021-11-01,2021,202111,на Гоголя,Nuke,NK ai-2826,30,365550,165000.0
2021-12-01,2021,202112,на Гоголя,Nuke,NK ai-2826,36,426960,198000.0
2022-01-01,2022,202201,на Гоголя,Nuke,NK ai-2826,52,617344,286000.0
2022-02-01,2022,202202,на Гоголя,Nuke,NK ai-2826,33,401742,181500.0
2022-03-01,2022,202203,на Гоголя,Nuke,NK ai-2826,26,305786,143000.0
2022-04-01,2022,202204,на Гоголя,Nuke,NK ai-2826,49,646996,269500.0
2022-05-01,2022,202205,на Гоголя,Nuke,NK ai-2826,62,789136,341000.0
2022-06-01,2022,202206,на Гоголя,Nuke,NK ai-2826,59,712307,324500.0
2022-07-01,2022,202207,на Гоголя,Nuke,NK ai-2826,62,644242,341000.0
2022-08-01,2022,202208,на Гоголя,Nuke,NK ai-2826,52,636116,286000.0
2022-09-01,2022,202209,на Гоголя,Nuke,NK ai-2826,55,642125,302500.0
2022-10-01,2022,202210,на Гоголя,Nuke,NK ai-2826,46,599978,253000.0
2022-11-01,2022,202211,на Гоголя,Nuke,NK ai-2826,33,401973,181500.0
2022-12-01,2022,202212,на Гоголя,Nuke,NK ai-2826,39,461331,214500.0
2021-01-01,2021,202101,на Гоголя,Rubok,RB air-7636,15,63225,22680.0
2021-02-01,2021,202102,на Гоголя,Rubok,RB air-7636,9,31905,13608.0
2021-03-01,2021,202103,на Гоголя,Rubok,RB air-7636,8,23648,12096.0
2021-04-01,2021,202104,на Гоголя,Rubok,RB air-7636,14,63336,21168.0
2021-05-01,2021,202105,на Гоголя,Rubok,RB air-7636,18,86544,27216.0
2021-06-01,2021,202106,на Гоголя,Rubok,RB air-7636,17,82025,25704.0
2021-07-01,2021,202107,на Гоголя,Rubok,RB air-7636,18,40734,27216.0
2021-08-01,2021,202108,на Гоголя,Rubok,RB air-7636,15,48495,22680.0
2021-09-01,2021,202109,на Гоголя,Rubok,RB air-7636,16,61376,24192.0
2021-10-01,2021,202110,на Гоголя,Rubok,RB air-7636,13,52702,19656.0
2021-11-01,2021,202111,на Гоголя,Rubok,RB air-7636,9,40023,13608.0
2021-12-01,2021,202112,на Гоголя,Rubok,RB air-7636,11,36091,16632.0
2022-01-01,2022,202201,на Гоголя,Rubok,RB air-7636,16,59280,24192.0
2022-02-01,2022,202202,на Гоголя,Rubok,RB air-7636,10,39890,15120.0
2022-03-01,2022,202203,на Гоголя,Rubok,RB air-7636,8,30600,12096.0
2022-04-01,2022,202204,на Гоголя,Rubok,RB air-7636,15,69420,22680.0
2022-05-01,2022,202205,на Гоголя,Rubok,RB air-7636,19,97964,28728.0
2022-06-01,2022,202206,на Гоголя,Rubok,RB air-7636,18,72882,27216.0
2022-07-01,2022,202207,на Гоголя,Rubok,RB air-7636,19,42788,28728.0
2022-08-01,2022,202208,на Гоголя,Rubok,RB air-7636,16,59680,24192.0
2022-09-01,2022,202209,на Гоголя,Rubok,RB air-7636,17,74562,25704.0
2022-10-01,2022,202210,на Гоголя,Rubok,RB air-7636,14,55006,21168.0
2022-11-01,2022,202211,на Гоголя,Rubok,RB air-7636,10,36300,15120.0
2022-12-01,2022,202212,на Гоголя,Rubok,RB air-7636,12,43896,18144.0
2021-01-01,2021,202101,на Гоголя,Rubok,RB grou-5163,18,57294,14076.0
2021-02-01,2021,202102,на Гоголя,Rubok,RB grou-5163,12,32760,9384.0
2021-03-01,2021,202103,на Гоголя,Rubok,RB grou-5163,9,16560,7038.0
2021-04-01,2021,202104,на Гоголя,Rubok,RB grou-5163,17,62713,13294.0
2021-05-01,2021,202105,на Гоголя,Rubok,RB grou-5163,22,72358,17204.0
2021-06-01,2021,202106,на Гоголя,Rubok,RB grou-5163,20,67560,15640.0
2021-07-01,2021,202107,на Гоголя,Rubok,RB grou-5163,22,34606,17204.0
2021-08-01,2021,202108,на Гоголя,Rubok,RB grou-5163,18,41508,14076.0
2021-09-01,2021,202109,на Гоголя,Rubok,RB grou-5163,19,50654,14858.0
2021-10-01,2021,202110,на Гоголя,Rubok,RB grou-5163,16,58128,12512.0
2021-11-01,2021,202111,на Гоголя,Rubok,RB grou-5163,12,34500,9384.0
2021-12-01,2021,202112,на Гоголя,Rubok,RB grou-5163,14,35238,10948.0
2022-01-01,2022,202201,на Гоголя,Rubok,RB grou-5163,20,47820,15640.0
2022-02-01,2022,202202,на Гоголя,Rubok,RB grou-5163,13,43992,10166.0
2022-03-01,2022,202203,на Гоголя,Rubok,RB grou-5163,10,24930,7820.0
2022-04-01,2022,202204,на Гоголя,Rubok,RB grou-5163,19,73492,14858.0
2022-05-01,2022,202205,на Гоголя,Rubok,RB grou-5163,24,80784,18768.0
2022-06-01,2022,202206,на Гоголя,Rubok,RB grou-5163,22,62612,17204.0
2022-07-01,2022,202207,на Гоголя,Rubok,RB grou-5163,24,23520,18768.0
2022-08-01,2022,202208,на Гоголя,Rubok,RB grou-5163,20,41960,15640.0
2022-09-01,2022,202209,на Гоголя,Rubok,RB grou-5163,21,61740,16422.0
2022-10-01,2022,202210,на Гоголя,Rubok,RB grou-5163,18,50742,14076.0
2022-11-01,2022,202211,на Гоголя,Rubok,RB grou-5163,13,35386,10166.0
2022-12-01,2022,202212,на Гоголя,Rubok,RB grou-5163,15,30600,11730.0
2021-01-01,2021,202101,на Гоголя,Rubok,RB gre-1678,16,78800,28000.0
2021-02-01,2021,202102,на Гоголя,Rubok,RB gre-1678,10,45630,17500.0
2021-03-01,2021,202103,на Гоголя,Rubok,RB gre-1678,8,36480,14000.0
2021-04-01,2021,202104,на Гоголя,Rubok,RB gre-1678,15,80730,26250.0
2021-05-01,2021,202105,на Гоголя,Rubok,RB gre-1678,19,107806,33250.0
2021-06-01,2021,202106,на Гоголя,Rubok,RB gre-1678,18,88776,31500.0
2021-07-01,2021,202107,на Гоголя,Rubok,RB gre-1678,19,73682,33250.0
2021-08-01,2021,202108,на Гоголя,Rubok,RB gre-1678,16,62384,28000.0
2021-09-01,2021,202109,на Гоголя,Rubok,RB gre-1678,17,82093,29750.0
2021-10-01,2021,202110,на Гоголя,Rubok,RB gre-1678,14,78974,24500.0
2021-11-01,2021,202111,на Гоголя,Rubok,RB gre-1678,10,50090,17500.0
2021-12-01,2021,202112,на Гоголя,Rubok,RB gre-1678,12,52584,21000.0
2022-01-01,2022,202201,на Гоголя,Rubok,RB gre-1678,18,92574,31500.0
2022-02-01,2022,202202,на Гоголя,Rubok,RB gre-1678,11,47124,19250.0
2022-03-01,2022,202203,на Гоголя,Rubok,RB gre-1678,9,43830,15750.0
2022-04-01,2022,202204,на Гоголя,Rubok,RB gre-1678,17,90202,29750.0
2022-05-01,2022,202205,на Гоголя,Rubok,RB gre-1678,21,118020,36750.0
2022-06-01,2022,202206,на Гоголя,Rubok,RB gre-1678,20,101520,35000.0
2022-07-01,2022,202207,на Гоголя,Rubok,RB gre-1678,21,65079,36750.0
2022-08-01,2022,202208,на Гоголя,Rubok,RB gre-1678,18,76752,31500.0
2022-09-01,2022,202209,на Гоголя,Rubok,RB gre-1678,19,91105,33250.0
2022-10-01,2022,202210,на Гоголя,Rubok,RB gre-1678,16,77264,28000.0
2022-11-01,2022,202211,на Гоголя,Rubok,RB gre-1678,11,48312,19250.0
2022-12-01,2022,202212,на Гоголя,Rubok,RB gre-1678,14,64736,24500.0
2021-01-01,2021,202101,на Гоголя,Rubok,RB earth-5369,15,84585,37800.0
2021-02-01,2021,202102,на Гоголя,Rubok,RB earth-5369,9,47088,22680.0
2021-03-01,2021,202103,на Гоголя,Rubok,RB earth-5369,8,36824,20160.0
2021-04-01,2021,202104,на Гоголя,Rubok,RB earth-5369,14,87682,35280.0
2021-05-01,2021,202105,на Гоголя,Rubok,RB earth-5369,18,111978,45360.0
2021-06-01,2021,202106,на Гоголя,Rubok,RB earth-5369,17,104295,42840.0
2021-07-01,2021,202107,на Гоголя,Rubok,RB earth-5369,18,77868,45360.0
2021-08-01,2021,202108,на Гоголя,Rubok,RB earth-5369,15,69690,37800.0
2021-09-01,2021,202109,на Гоголя,Rubok,RB earth-5369,16,84000,40320.0
2021-10-01,2021,202110,на Гоголя,Rubok,RB earth-5369,13,75569,32760.0
2021-11-01,2021,202111,на Гоголя,Rubok,RB earth-5369,9,47322,22680.0
2021-12-01,2021,202112,на Гоголя,Rubok,RB earth-5369,11,51337,27720.0
2022-01-01,2022,202201,на Гоголя,Rubok,RB earth-5369,16,89200,40320.0
2022-02-01,2022,202202,на Гоголя,Rubok,RB earth-5369,10,49540,25200.0
2022-03-01,2022,202203,на Гоголя,Rubok,RB earth-5369,8,40136,20160.0
2022-04-01,2022,202204,на Гоголя,Rubok,RB earth-5369,15,90585,37800.0
2022-05-01,2022,202205,на Гоголя,Rubok,RB earth-5369,19,125609,47880.0
2022-06-01,2022,202206,на Гоголя,Rubok,RB earth-5369,18,104904,45360.0
2022-07-01,2022,202207,на Гоголя,Rubok,RB earth-5369,19,83885,47880.0
2022-08-01,2022,202208,на Гоголя,Rubok,RB earth-5369,16,72096,40320.0
2022-09-01,2022,202209,на Гоголя,Rubok,RB earth-5369,17,91749,42840.0
2022-10-01,2022,202210,на Гоголя,Rubok,RB earth-5369,14,75530,35280.0
2022-11-01,2022,202211,на Гоголя,Rubok,RB earth-5369,10,52380,25200.0
2022-12-01,2022,202212,на Гоголя,Rubok,RB earth-5369,12,61944,30240.0
2021-01-01,2021,202101,на Гоголя,Rubok,RB ais-8935,19,65018,17556.0
2021-02-01,2021,202102,на Гоголя,Rubok,RB ais-8935,12,42768,11088.0
2021-03-01,2021,202103,на Гоголя,Rubok,RB ais-8935,10,28580,9240.0
2021-04-01,2021,202104,на Гоголя,Rubok,RB ais-8935,18,66204,16632.0
2021-05-01,2021,202105,на Гоголя,Rubok,RB ais-8935,22,90442,20328.0
2021-06-01,2021,202106,на Гоголя,Rubok,RB ais-8935,21,78981,19404.0
2021-07-01,2021,202107,на Гоголя,Rubok,RB ais-8935,22,46926,20328.0
2021-08-01,2021,202108,на Гоголя,Rubok,RB ais-8935,19,45182,17556.0
2021-09-01,2021,202109,на Гоголя,Rubok,RB ais-8935,20,68420,18480.0
2021-10-01,2021,202110,на Гоголя,Rubok,RB ais-8935,17,68204,15708.0
2021-11-01,2021,202111,на Гоголя,Rubok,RB ais-8935,12,44664,11088.0
2021-12-01,2021,202112,на Гоголя,Rubok,RB ais-8935,14,36274,12936.0
2022-01-01,2022,202201,на Гоголя,Rubok,RB ais-8935,21,70581,19404.0
2022-02-01,2022,202202,на Гоголя,Rubok,RB ais-8935,13,49257,12012.0
2022-03-01,2022,202203,на Гоголя,Rubok,RB ais-8935,11,30723,10164.0
2022-04-01,2022,202204,на Гоголя,Rubok,RB ais-8935,19,74005,17556.0
2022-05-01,2022,202205,на Гоголя,Rubok,RB ais-8935,25,101000,23100.0
2022-06-01,2022,202206,на Гоголя,Rubok,RB ais-8935,23,76705,21252.0
2022-07-01,2022,202207,на Гоголя,Rubok,RB ais-8935,25,41975,23100.0
2022-08-01,2022,202208,на Гоголя,Rubok,RB ais-8935,21,50190,19404.0
2022-09-01,2022,202209,на Гоголя,Rubok,RB ais-8935,22,70114,20328.0
2022-10-01,2022,202210,на Гоголя,Rubok,RB ais-8935,18,75060,16632.0
2022-11-01,2022,202211,на Гоголя,Rubok,RB ais-8935,13,38389,12012.0
2022-12-01,2022,202212,на Гоголя,Rubok,RB ais-8935,16,44704,14784.0
2021-01-01,2021,202101,на Гоголя,Rubok,RB ice-6256,15,66870,16380.0
2021-02-01,2021,202102,на Гоголя,Rubok,RB ice-6256,10,37790,10920.0
2021-03-01,2021,202103,на Гоголя,Rubok,RB ice-6256,8,22040,8736.0
2021-04-01,2021,202104,на Гоголя,Rubok,RB ice-6256,14,59178,15288.0
2021-05-01,2021,202105,на Гоголя,Rubok,RB ice-6256,18,88938,19656.0
2021-06-01,2021,202106,на Гоголя,Rubok,RB ice-6256,17,68204,18564.0
2021-07-01,2021,202107,на Гоголя,Rubok,RB ice-6256,18,50004,19656.0
2021-08-01,2021,202108,на Гоголя,Rubok,RB ice-6256,15,47700,16380.0
2021-09-01,2021,202109,на Гоголя,Rubok,RB ice-6256,16,57936,17472.0
2021-10-01,2021,202110,на Гоголя,Rubok,RB ice-6256,13,53924,14196.0
2021-11-01,2021,202111,на Гоголя,Rubok,RB ice-6256,10,40190,10920.0
2021-12-01,2021,202112,на Гоголя,Rubok,RB ice-6256,12,42552,13104.0
2022-01-01,2022,202201,на Гоголя,Rubok,RB ice-6256,17,69836,18564.0
2022-02-01,2022,202202,на Гоголя,Rubok,RB ice-6256,11,37851,12012.0
2022-03-01,2022,202203,на Гоголя,Rubok,RB ice-6256,9,23625,9828.0
2022-04-01,2022,202204,на Гоголя,Rubok,RB ice-6256,16,63504,17472.0
2022-05-01,2022,202205,на Гоголя,Rubok,RB ice-6256,20,97780,21840.0
2022-06-01,2022,202206,на Гоголя,Rubok,RB ice-6256,19,67735,20748.0
2022-07-01,2022,202207,на Гоголя,Rubok,RB ice-6256,20,42280,21840.0
2022-08-01,2022,202208,на Гоголя,Rubok,RB ice-6256,17,52020,18564.0
2022-09-01,2022,202209,на Гоголя,Rubok,RB ice-6256,18,66276,19656.0
2022-10-01,2022,202210,на Гоголя,Rubok,RB ice-6256,15,68580,16380.0
2022-11-01,2022,202211,на Гоголя,Rubok,RB ice-6256,11,38742,12012.0
2022-12-01,2022,202212,на Гоголя,Rubok,RB ice-6256,13,38792,14196.0
2021-01-01,2021,202101,на Гоголя,Rubok,RB ai-9349,19,67678,16606.0
2021-02-01,2021,202102,на Гоголя,Rubok,RB ai-9349,12,47124,10488.0
2021-03-01,2021,202103,на Гоголя,Rubok,RB ai-9349,10,24370,8740.0
2021-04-01,2021,202104,на Гоголя,Rubok,RB ai-9349,18,62334,15732.0
2021-05-01,2021,202105,на Гоголя,Rubok,RB ai-9349,23,93219,20102.0
2021-06-01,2021,202106,на Гоголя,Rubok,RB ai-9349,22,74228,19228.0
2021-07-01,2021,202107,на Гоголя,Rubok,RB ai-9349,23,43631,20102.0
2021-08-01,2021,202108,на Гоголя,Rubok,RB ai-9349,19,55385,16606.0
2021-09-01,2021,202109,на Гоголя,Rubok,RB ai-9349,21,62832,18354.0
2021-10-01,2021,202110,на Гоголя,Rubok,RB ai-9349,17,53380,14858.0
2021-11-01,2021,202111,на Гоголя,Rubok,RB ai-9349,12,32292,10488.0
2021-12-01,2021,202112,на Гоголя,Rubok,RB ai-9349,15,39765,13110.0
2022-01-01,2022,202201,на Гоголя,Rubok,RB ai-9349,21,53697,18354.0
2022-02-01,2022,202202,на Гоголя,Rubok,RB ai-9349,13,43654,11362.0
2022-03-01,2022,202203,на Гоголя,Rubok,RB ai-9349,11,30778,9614.0
2022-04-01,2022,202204,на Гоголя,Rubok,RB ai-9349,20,68340,17480.0
2022-05-01,2022,202205,на Гоголя,Rubok,RB ai-9349,25,84600,21850.0
2022-06-01,2022,202206,на Гоголя,Rubok,RB ai-9349,24,63888,20976.0
2022-07-01,2022,202207,на Гоголя,Rubok,RB ai-9349,25,40700,21850.0
2022-08-01,2022,202208,на Гоголя,Rubok,RB ai-9349,21,48300,18354.0
2022-09-01,2022,202209,на Гоголя,Rubok,RB ai-9349,23,54878,20102.0
2022-10-01,2022,202210,на Гоголя,Rubok,RB ai-9349,19,58140,16606.0
2022-11-01,2022,202211,на Гоголя,Rubok,RB ai-9349,13,45448,11362.0
2022-12-01,2022,202212,на Гоголя,Rubok,RB ai-9349,16,38080,13984.0
2021-01-01,2021,202101,на Горького,Galosha,KA air-9558,67,763398,402000.0
2021-02-01,2021,202102,на Горького,Galosha,KA air-9558,42,484008,252000.0
2021-03-01,2021,202103,на Горького,Galosha,KA air-9558,34,383078,204000.0
2021-04-01,2021,202104,на Горького,Galosha,KA air-9558,62,722982,372000.0
2021-05-01,2021,202105,на Горького,Galosha,KA air-9558,79,982207,474000.0
2021-06-01,2021,202106,на Горького,Galosha,KA air-9558,75,869100,450000.0
2021-07-01,2021,202107,на Горького,Galosha,KA air-9558,79,813463,474000.0
2021-08-01,2021,202108,на Горького,Galosha,KA air-9558,67,727017,402000.0
2021-09-01,2021,202109,на Горького,Galosha,KA air-9558,71,767013,426000.0
2021-10-01,2021,202110,на Горького,Galosha,KA air-9558,58,635738,348000.0
2021-11-01,2021,202111,на Горького,Galosha,KA air-9558,42,455658,252000.0
2021-12-01,2021,202112,на Горького,Galosha,KA air-9558,50,572300,300000.0
2022-01-01,2022,202201,на Горького,Galosha,KA air-9558,73,825922,438000.0
2022-02-01,2022,202202,на Горького,Galosha,KA air-9558,46,540776,276000.0
2022-03-01,2022,202203,на Горького,Galosha,KA air-9558,37,401857,222000.0
2022-04-01,2022,202204,на Горького,Galosha,KA air-9558,69,817719,414000.0
2022-05-01,2022,202205,на Горького,Galosha,KA air-9558,87,1039041,522000.0
2022-06-01,2022,202206,на Горького,Galosha,KA air-9558,82,977686,492000.0
2022-07-01,2022,202207,на Горького,Galosha,KA air-9558,87,813102,522000.0
2022-08-01,2022,202208,на Горького,Galosha,KA air-9558,73,796722,438000.0
2022-09-01,2022,202209,на Горького,Galosha,KA air-9558,78,828828,468000.0
2022-10-01,2022,202210,на Горького,Galosha,KA air-9558,64,731776,384000.0
2022-11-01,2022,202211,на Горького,Galosha,KA air-9558,46,533002,276000.0
2022-12-01,2022,202212,на Горького,Galosha,KA air-9558,55,561275,330000.0
2021-01-01,2021,202101,на Горького,Galosha,KA grou-7567,61,782691,431880.0
2021-02-01,2021,202102,на Горького,Galosha,KA grou-7567,38,491606,269040.0
2021-03-01,2021,202103,на Горького,Galosha,KA grou-7567,31,380153,219480.0
2021-04-01,2021,202104,на Горького,Galosha,KA grou-7567,57,793383,403560.0
2021-05-01,2021,202105,на Горького,Galosha,KA grou-7567,72,953928,509760.0
2021-06-01,2021,202106,на Горького,Galosha,KA grou-7567,69,904314,488520.0
2021-07-01,2021,202107,на Горького,Galosha,KA grou-7567,72,826632,509760.0
2021-08-01,2021,202108,на Горького,Galosha,KA grou-7567,61,776347,431880.0
2021-09-01,2021,202109,на Горького,Galosha,KA grou-7567,65,868010,460200.0
2021-10-01,2021,202110,на Горького,Galosha,KA grou-7567,53,717461,375240.0
2021-11-01,2021,202111,на Горького,Galosha,KA grou-7567,38,515432,269040.0
2021-12-01,2021,202112,на Горького,Galosha,KA grou-7567,46,572976,325680.0
2022-01-01,2022,202201,на Горького,Galosha,KA grou-7567,67,875824,474360.0
2022-02-01,2022,202202,на Горького,Galosha,KA grou-7567,42,564102,297360.0
2022-03-01,2022,202203,на Горького,Galosha,KA grou-7567,34,420478,240720.0
2022-04-01,2022,202204,на Горького,Galosha,KA grou-7567,63,848106,446040.0
2022-05-01,2022,202205,на Горького,Galosha,KA grou-7567,80,1134160,566400.0
2022-06-01,2022,202206,на Горького,Galosha,KA grou-7567,75,1019325,531000.0
2022-07-01,2022,202207,на Горького,Galosha,KA grou-7567,80,956720,566400.0
2022-08-01,2022,202208,на Горького,Galosha,KA grou-7567,67,858940,474360.0
2022-09-01,2022,202209,на Горького,Galosha,KA grou-7567,71,917746,502680.0
2022-10-01,2022,202210,на Горького,Galosha,KA grou-7567,59,798801,417720.0
2022-11-01,2022,202211,на Горького,Galosha,KA grou-7567,42,558768,297360.0
2022-12-01,2022,202212,на Горького,Galosha,KA grou-7567,50,630450,354000.0
2021-01-01,2021,202101,на Горького,Galosha,KA gre-2749,61,1628700,640500.0
2021-02-01,2021,202102,на Горького,Galosha,KA gre-2749,38,1003922,399000.0
2021-03-01,2021,202103,на Горького,Galosha,KA gre-2749,31,778627,325500.0
2021-04-01,2021,202104,на Горького,Galosha,KA gre-2749,57,1544301,598500.0
2021-05-01,2021,202105,на Горького,Galosha,KA gre-2749,72,1948032,756000.0
2021-06-01,2021,202106,на Горького,Galosha,KA gre-2749,69,1816287,724500.0
2021-07-01,2021,202107,на Горького,Galosha,KA gre-2749,72,1798344,756000.0
2021-08-01,2021,202108,на Горького,Galosha,KA gre-2749,61,1597895,640500.0
2021-09-01,2021,202109,на Горького,Galosha,KA gre-2749,65,1691560,682500.0
2021-10-01,2021,202110,на Горького,Galosha,KA gre-2749,53,1395861,556500.0
2021-11-01,2021,202111,на Горького,Galosha,KA gre-2749,38,1006620,399000.0
2021-12-01,2021,202112,на Горького,Galosha,KA gre-2749,46,1198530,483000.0
2022-01-01,2022,202201,на Горького,Galosha,KA gre-2749,67,1770140,703500.0
2022-02-01,2022,202202,на Горького,Galosha,KA gre-2749,42,1117704,441000.0
2022-03-01,2022,202203,на Горького,Galosha,KA gre-2749,34,877166,357000.0
2022-04-01,2022,202204,на Горького,Galosha,KA gre-2749,63,1654758,661500.0
2022-05-01,2022,202205,на Горького,Galosha,KA gre-2749,80,2181840,840000.0
2022-06-01,2022,202206,на Горького,Galosha,KA gre-2749,75,1982025,787500.0
2022-07-01,2022,202207,на Горького,Galosha,KA gre-2749,80,1997840,840000.0
2022-08-01,2022,202208,на Горького,Galosha,KA gre-2749,67,1724111,703500.0
2022-09-01,2022,202209,на Горького,Galosha,KA gre-2749,71,1836841,745500.0
2022-10-01,2022,202210,на Горького,Galosha,KA gre-2749,59,1564621,619500.0
2022-11-01,2022,202211,на Горького,Galosha,KA gre-2749,42,1100442,441000.0
2022-12-01,2022,202212,на Горького,Galosha,KA gre-2749,50,1301550,525000.0
2021-01-01,2021,202101,на Горького,Galosha,KA earth-3018,66,1221264,493680.0
2021-02-01,2021,202102,на Горького,Galosha,KA earth-3018,41,748701,306680.0
2021-03-01,2021,202103,на Горького,Galosha,KA earth-3018,33,577401,246840.0
2021-04-01,2021,202104,на Горького,Galosha,KA earth-3018,62,1172854,463760.0
2021-05-01,2021,202105,на Горького,Galosha,KA earth-3018,78,1480050,583440.0
2021-06-01,2021,202106,на Горького,Galosha,KA earth-3018,74,1311946,553520.0
2021-07-01,2021,202107,на Горького,Galosha,KA earth-3018,78,1327014,583440.0
2021-08-01,2021,202108,на Горького,Galosha,KA earth-3018,66,1217106,493680.0
2021-09-01,2021,202109,на Горького,Galosha,KA earth-3018,70,1269660,523600.0
2021-10-01,2021,202110,на Горького,Galosha,KA earth-3018,58,1092430,433840.0
2021-11-01,2021,202111,на Горького,Galosha,KA earth-3018,41,763092,306680.0
2021-12-01,2021,202112,на Горького,Galosha,KA earth-3018,50,894200,374000.0
2022-01-01,2022,202201,на Горького,Galosha,KA earth-3018,73,1313270,546040.0
2022-02-01,2022,202202,на Горького,Galosha,KA earth-3018,46,837798,344080.0
2022-03-01,2022,202203,на Горького,Galosha,KA earth-3018,37,664705,276760.0
2022-04-01,2022,202204,на Горького,Galosha,KA earth-3018,68,1244672,508640.0
2022-05-01,2022,202205,на Горького,Galosha,KA earth-3018,86,1646900,643280.0
2022-06-01,2022,202206,на Горького,Galosha,KA earth-3018,82,1537992,613360.0
2022-07-01,2022,202207,на Горького,Galosha,KA earth-3018,86,1483586,643280.0
2022-08-01,2022,202208,на Горького,Galosha,KA earth-3018,73,1268229,546040.0
2022-09-01,2022,202209,на Горького,Galosha,KA earth-3018,77,1415876,575960.0
2022-10-01,2022,202210,на Горького,Galosha,KA earth-3018,64,1145664,478720.0
2022-11-01,2022,202211,на Горького,Galosha,KA earth-3018,46,852334,344080.0
2022-12-01,2022,202212,на Горького,Galosha,KA earth-3018,55,984830,411400.0
2021-01-01,2021,202101,на Горького,Galosha,KA ais-3700,51,1604970,856800.0
2021-02-01,2021,202102,на Горького,Galosha,KA ais-3700,32,990496,537600.0
2021-03-01,2021,202103,на Горького,Galosha,KA ais-3700,26,805480,436800.0
2021-04-01,2021,202104,на Горького,Galosha,KA ais-3700,48,1535568,806400.0
2021-05-01,2021,202105,на Горького,Galosha,KA ais-3700,61,1963773,1024800.0
2021-06-01,2021,202106,на Горького,Galosha,KA ais-3700,58,1781412,974400.0
2021-07-01,2021,202107,на Горького,Galosha,KA ais-3700,61,1837869,1024800.0
2021-08-01,2021,202108,на Горького,Galosha,KA ais-3700,51,1563507,856800.0
2021-09-01,2021,202109,на Горького,Galosha,KA ais-3700,55,1697520,924000.0
2021-10-01,2021,202110,на Горького,Galosha,KA ais-3700,45,1390770,756000.0
2021-11-01,2021,202111,на Горького,Galosha,KA ais-3700,32,996736,537600.0
2021-12-01,2021,202112,на Горького,Galosha,KA ais-3700,39,1188018,655200.0
2022-01-01,2022,202201,на Горького,Galosha,KA ais-3700,57,1803822,957600.0
2022-02-01,2022,202202,на Горького,Galosha,KA ais-3700,36,1146168,604800.0
2022-03-01,2022,202203,на Горького,Galosha,KA ais-3700,29,897840,487200.0
2022-04-01,2022,202204,на Горького,Galosha,KA ais-3700,53,1673104,890400.0
2022-05-01,2022,202205,на Горького,Galosha,KA ais-3700,67,2126848,1125600.0
2022-06-01,2022,202206,на Горького,Galosha,KA ais-3700,64,2014336,1075200.0
2022-07-01,2022,202207,на Горького,Galosha,KA ais-3700,67,1975495,1125600.0
2022-08-01,2022,202208,на Горького,Galosha,KA ais-3700,57,1755885,957600.0
2022-09-01,2022,202209,на Горького,Galosha,KA ais-3700,60,1842960,1008000.0
2022-10-01,2022,202210,на Горького,Galosha,KA ais-3700,50,1563450,840000.0
2022-11-01,2022,202211,на Горького,Galosha,KA ais-3700,36,1133568,604800.0
2022-12-01,2022,202212,на Горького,Galosha,KA ais-3700,43,1331968,722400.0
2021-01-01,2021,202101,на Горького,Galosha,KA ice-7591,49,770084,301350.0
2021-02-01,2021,202102,на Горького,Galosha,KA ice-7591,31,505269,190650.0
2021-03-01,2021,202103,на Горького,Galosha,KA ice-7591,25,397525,153750.0
2021-04-01,2021,202104,на Горького,Galosha,KA ice-7591,46,779102,282900.0
2021-05-01,2021,202105,на Горького,Galosha,KA ice-7591,58,992032,356700.0
2021-06-01,2021,202106,на Горького,Galosha,KA ice-7591,55,873840,338250.0
2021-07-01,2021,202107,на Горького,Galosha,KA ice-7591,58,880962,356700.0
2021-08-01,2021,202108,на Горького,Galosha,KA ice-7591,49,789684,301350.0
2021-09-01,2021,202109,на Горького,Galosha,KA ice-7591,52,838292,319800.0
2021-10-01,2021,202110,на Горького,Galosha,KA ice-7591,43,680346,264450.0
2021-11-01,2021,202111,на Горького,Galosha,KA ice-7591,31,510849,190650.0
2021-12-01,2021,202112,на Горького,Galosha,KA ice-7591,37,575202,227550.0
2022-01-01,2022,202201,на Горького,Galosha,KA ice-7591,54,881496,332100.0
2022-02-01,2022,202202,на Горького,Galosha,KA ice-7591,34,550936,209100.0
2022-03-01,2022,202203,на Горького,Galosha,KA ice-7591,27,442071,166050.0
2022-04-01,2022,202204,на Горького,Galosha,KA ice-7591,51,840990,313650.0
2022-05-01,2022,202205,на Горького,Galosha,KA ice-7591,64,1084352,393600.0
2022-06-01,2022,202206,на Горького,Galosha,KA ice-7591,61,987712,375150.0
2022-07-01,2022,202207,на Горького,Galosha,KA ice-7591,64,947584,393600.0
2022-08-01,2022,202208,на Горького,Galosha,KA ice-7591,54,849636,332100.0
2022-09-01,2022,202209,на Горького,Galosha,KA ice-7591,57,929670,350550.0
2022-10-01,2022,202210,на Горького,Galosha,KA ice-7591,47,754585,289050.0
2022-11-01,2022,202211,на Горького,Galosha,KA ice-7591,34,537676,209100.0
2022-12-01,2022,202212,на Горького,Galosha,KA ice-7591,41,637345,252150.0
2021-01-01,2021,202101,на Горького,Galosha,KA ai-2818,64,770752,281600.0
2021-02-01,2021,202102,на Горького,Galosha,KA ai-2818,40,504680,176000.0
2021-03-01,2021,202103,на Горького,Galosha,KA ai-2818,32,382432,140800.0
2021-04-01,2021,202104,на Горького,Galosha,KA ai-2818,60,750420,264000.0
2021-05-01,2021,202105,на Горького,Galosha,KA ai-2818,76,1023036,334400.0
2021-06-01,2021,202106,на Горького,Galosha,KA ai-2818,72,870552,316800.0
2021-07-01,2021,202107,на Горького,Galosha,KA ai-2818,76,791540,334400.0
2021-08-01,2021,202108,на Горького,Galosha,KA ai-2818,64,733184,281600.0
2021-09-01,2021,202109,на Горького,Galosha,KA ai-2818,68,807432,299200.0
2021-10-01,2021,202110,на Горького,Galosha,KA ai-2818,56,717864,246400.0
2021-11-01,2021,202111,на Горького,Galosha,KA ai-2818,40,487200,176000.0
2021-12-01,2021,202112,на Горького,Galosha,KA ai-2818,48,561840,211200.0
2022-01-01,2022,202201,на Горького,Galosha,KA ai-2818,71,898860,312400.0
2022-02-01,2022,202202,на Горького,Galosha,KA ai-2818,44,568788,193600.0
2022-03-01,2022,202203,на Горького,Galosha,KA ai-2818,36,413640,158400.0
2022-04-01,2022,202204,на Горького,Galosha,KA ai-2818,66,863610,290400.0
2022-05-01,2022,202205,на Горького,Galosha,KA ai-2818,84,1074696,369600.0
2022-06-01,2022,202206,на Горького,Galosha,KA ai-2818,80,1010080,352000.0
2022-07-01,2022,202207,на Горького,Galosha,KA ai-2818,84,905184,369600.0
2022-08-01,2022,202208,на Горького,Galosha,KA ai-2818,71,824949,312400.0
2022-09-01,2022,202209,на Горького,Galosha,KA ai-2818,75,874875,330000.0
2022-10-01,2022,202210,на Горького,Galosha,KA ai-2818,62,777790,272800.0
2022-11-01,2022,202211,на Горького,Galosha,KA ai-2818,44,517440,193600.0
2022-12-01,2022,202212,на Горького,Galosha,KA ai-2818,53,616231,233200.0
2021-01-01,2021,202101,на Горького,Babidas,BA air-5353,33,146652,59829.0
2021-02-01,2021,202102,на Горького,Babidas,BA air-5353,21,106218,38073.0
2021-03-01,2021,202103,на Горького,Babidas,BA air-5353,17,83062,30821.0
2021-04-01,2021,202104,на Горького,Babidas,BA air-5353,31,165943,56203.0
2021-05-01,2021,202105,на Горького,Babidas,BA air-5353,39,213681,70707.0
2021-06-01,2021,202106,на Горького,Babidas,BA air-5353,37,166241,67081.0
2021-07-01,2021,202107,на Горького,Babidas,BA air-5353,39,135642,70707.0
2021-08-01,2021,202108,на Горького,Babidas,BA air-5353,33,150051,59829.0
2021-09-01,2021,202109,на Горького,Babidas,BA air-5353,35,158865,63455.0
2021-10-01,2021,202110,на Горького,Babidas,BA air-5353,29,163908,52577.0
2021-11-01,2021,202111,на Горького,Babidas,BA air-5353,21,106932,38073.0
2021-12-01,2021,202112,на Горького,Babidas,BA air-5353,25,116950,45325.0
2022-01-01,2022,202201,на Горького,Babidas,BA air-5353,36,175320,65268.0
2022-02-01,2022,202202,на Горького,Babidas,BA air-5353,23,130203,41699.0
2022-03-01,2022,202203,на Горького,Babidas,BA air-5353,18,75816,32634.0
2022-04-01,2022,202204,на Горького,Babidas,BA air-5353,34,171768,61642.0
2022-05-01,2022,202205,на Горького,Babidas,BA air-5353,43,236328,77959.0
2022-06-01,2022,202206,на Горького,Babidas,BA air-5353,40,203680,72520.0
2022-07-01,2022,202207,на Горького,Babidas,BA air-5353,43,132741,77959.0
2022-08-01,2022,202208,на Горького,Babidas,BA air-5353,36,157140,65268.0
2022-09-01,2022,202209,на Горького,Babidas,BA air-5353,38,149834,68894.0
2022-10-01,2022,202210,на Горького,Babidas,BA air-5353,31,176111,56203.0
2022-11-01,2022,202211,на Горького,Babidas,BA air-5353,23,110515,41699.0
2022-12-01,2022,202212,на Горького,Babidas,BA air-5353,27,111132,48951.0
2021-01-01,2021,202101,на Горького,Babidas,BA grou-9248,26,95602,29900.0
2021-02-01,2021,202102,на Горького,Babidas,BA grou-9248,16,70912,18400.0
2021-03-01,2021,202103,на Горького,Babidas,BA grou-9248,13,44408,14950.0
2021-04-01,2021,202104,на Горького,Babidas,BA grou-9248,24,96264,27600.0
2021-05-01,2021,202105,на Горького,Babidas,BA grou-9248,30,131790,34500.0
2021-06-01,2021,202106,на Горького,Babidas,BA grou-9248,29,113158,33350.0
2021-07-01,2021,202107,на Горького,Babidas,BA grou-9248,30,57570,34500.0
2021-08-01,2021,202108,на Горького,Babidas,BA grou-9248,26,87152,29900.0
2021-09-01,2021,202109,на Горького,Babidas,BA grou-9248,27,85374,31050.0
2021-10-01,2021,202110,на Горького,Babidas,BA grou-9248,23,91701,26450.0
2021-11-01,2021,202111,на Горького,Babidas,BA grou-9248,16,66576,18400.0
2021-12-01,2021,202112,на Горького,Babidas,BA grou-9248,19,61028,21850.0
2022-01-01,2022,202201,на Горького,Babidas,BA grou-9248,28,103376,32200.0
2022-02-01,2022,202202,на Горького,Babidas,BA grou-9248,18,73890,20700.0
2022-03-01,2022,202203,на Горького,Babidas,BA grou-9248,14,47530,16100.0
2022-04-01,2022,202204,на Горького,Babidas,BA grou-9248,26,105430,29900.0
2022-05-01,2022,202205,на Горького,Babidas,BA grou-9248,33,138138,37950.0
2022-06-01,2022,202206,на Горького,Babidas,BA grou-9248,32,110080,36800.0
2022-07-01,2022,202207,на Горького,Babidas,BA grou-9248,33,71544,37950.0
2022-08-01,2022,202208,на Горького,Babidas,BA grou-9248,28,104776,32200.0
2022-09-01,2022,202209,на Горького,Babidas,BA grou-9248,30,97380,34500.0
2022-10-01,2022,202210,на Горького,Babidas,BA grou-9248,25,111325,28750.0
2022-11-01,2022,202211,на Горького,Babidas,BA grou-9248,18,63612,20700.0
2022-12-01,2022,202212,на Горького,Babidas,BA grou-9248,21,65541,24150.0
2021-01-01,2021,202101,на Горького,Babidas,BA gre-3658,33,138171,44022.0
2021-02-01,2021,202102,на Горького,Babidas,BA gre-3658,21,92799,28014.0
2021-03-01,2021,202103,на Горького,Babidas,BA gre-3658,17,66062,22678.0
2021-04-01,2021,202104,на Горького,Babidas,BA gre-3658,31,155744,41354.0
2021-05-01,2021,202105,на Горького,Babidas,BA gre-3658,39,198978,52026.0
2021-06-01,2021,202106,на Горького,Babidas,BA gre-3658,37,167129,49358.0
2021-07-01,2021,202107,на Горького,Babidas,BA gre-3658,39,120861,52026.0
2021-08-01,2021,202108,на Горького,Babidas,BA gre-3658,33,111276,44022.0
2021-09-01,2021,202109,на Горького,Babidas,BA gre-3658,35,134050,46690.0
2021-10-01,2021,202110,на Горького,Babidas,BA gre-3658,29,132356,38686.0
2021-11-01,2021,202111,на Горького,Babidas,BA gre-3658,21,88158,28014.0
2021-12-01,2021,202112,на Горького,Babidas,BA gre-3658,25,97000,33350.0
2022-01-01,2022,202201,на Горького,Babidas,BA gre-3658,36,140148,48024.0
2022-02-01,2022,202202,на Горького,Babidas,BA gre-3658,23,103753,30682.0
2022-03-01,2022,202203,на Горького,Babidas,BA gre-3658,18,61146,24012.0
2022-04-01,2022,202204,на Горького,Babidas,BA gre-3658,34,166940,45356.0
2022-05-01,2022,202205,на Горького,Babidas,BA gre-3658,43,203046,57362.0
2022-06-01,2022,202206,на Горького,Babidas,BA gre-3658,41,166583,54694.0
2022-07-01,2022,202207,на Горького,Babidas,BA gre-3658,43,129086,57362.0
2022-08-01,2022,202208,на Горького,Babidas,BA gre-3658,36,129168,48024.0
2022-09-01,2022,202209,на Горького,Babidas,BA gre-3658,38,151658,50692.0
2022-10-01,2022,202210,на Горького,Babidas,BA gre-3658,32,137888,42688.0
2022-11-01,2022,202211,на Горького,Babidas,BA gre-3658,23,101154,30682.0
2022-12-01,2022,202212,на Горького,Babidas,BA gre-3658,27,97551,36018.0
2021-01-01,2021,202101,на Горького,Babidas,BA earth-3530,27,149499,54432.0
2021-02-01,2021,202102,на Горького,Babidas,BA earth-3530,17,101252,34272.0
2021-03-01,2021,202103,на Горького,Babidas,BA earth-3530,14,59976,28224.0
2021-04-01,2021,202104,на Горького,Babidas,BA earth-3530,26,149162,52416.0
2021-05-01,2021,202105,на Горького,Babidas,BA earth-3530,32,185472,64512.0
2021-06-01,2021,202106,на Горького,Babidas,BA earth-3530,31,175770,62496.0
2021-07-01,2021,202107,на Горького,Babidas,BA earth-3530,32,122560,64512.0
2021-08-01,2021,202108,на Горького,Babidas,BA earth-3530,27,152280,54432.0
2021-09-01,2021,202109,на Горького,Babidas,BA earth-3530,29,145667,58464.0
2021-10-01,2021,202110,на Горького,Babidas,BA earth-3530,24,120144,48384.0
2021-11-01,2021,202111,на Горького,Babidas,BA earth-3530,17,99943,34272.0
2021-12-01,2021,202112,на Горького,Babidas,BA earth-3530,21,107856,42336.0
2022-01-01,2022,202201,на Горького,Babidas,BA earth-3530,30,161040,60480.0
2022-02-01,2022,202202,на Горького,Babidas,BA earth-3530,19,102486,38304.0
2022-03-01,2022,202203,на Горького,Babidas,BA earth-3530,15,75195,30240.0
2022-04-01,2022,202204,на Горького,Babidas,BA earth-3530,28,154812,56448.0
2022-05-01,2022,202205,на Горького,Babidas,BA earth-3530,36,239004,72576.0
2022-06-01,2022,202206,на Горького,Babidas,BA earth-3530,34,190332,68544.0
2022-07-01,2022,202207,на Горького,Babidas,BA earth-3530,36,147060,72576.0
2022-08-01,2022,202208,на Горького,Babidas,BA earth-3530,30,139260,60480.0
2022-09-01,2022,202209,на Горького,Babidas,BA earth-3530,32,167200,64512.0
2022-10-01,2022,202210,на Горького,Babidas,BA earth-3530,26,163202,52416.0
2022-11-01,2022,202211,на Горького,Babidas,BA earth-3530,19,104120,38304.0
2022-12-01,2022,202212,на Горького,Babidas,BA earth-3530,23,121302,46368.0
2021-01-01,2021,202101,на Горького,Babidas,BA ais-1740,25,67075,23375.000000000004
2021-02-01,2021,202102,на Горького,Babidas,BA ais-1740,16,44336,14960.000000000002
2021-03-01,2021,202103,на Горького,Babidas,BA ais-1740,13,29796,12155.000000000002
2021-04-01,2021,202104,на Горького,Babidas,BA ais-1740,23,75785,21505.000000000004
2021-05-01,2021,202105,на Горького,Babidas,BA ais-1740,29,101500,27115.000000000004
2021-06-01,2021,202106,на Горького,Babidas,BA ais-1740,28,88032,26180.000000000004
2021-07-01,2021,202107,на Горького,Babidas,BA ais-1740,29,30044,27115.000000000004
2021-08-01,2021,202108,на Горького,Babidas,BA ais-1740,25,56750,23375.000000000004
2021-09-01,2021,202109,на Горького,Babidas,BA ais-1740,26,61178,24310.000000000004
2021-10-01,2021,202110,на Горького,Babidas,BA ais-1740,22,60390,20570.000000000004
2021-11-01,2021,202111,на Горького,Babidas,BA ais-1740,16,44288,14960.000000000002
2021-12-01,2021,202112,на Горького,Babidas,BA ais-1740,19,36898,17765.000000000004
2022-01-01,2022,202201,на Горького,Babidas,BA ais-1740,27,77058,25245.000000000004
2022-02-01,2022,202202,на Горького,Babidas,BA ais-1740,17,46954,15895.000000000002
2022-03-01,2022,202203,на Горького,Babidas,BA ais-1740,14,34454,13090.000000000002
2022-04-01,2022,202204,на Горького,Babidas,BA ais-1740,26,93990,24310.000000000004
2022-05-01,2022,202205,на Горького,Babidas,BA ais-1740,32,126688,29920.000000000004
2022-06-01,2022,202206,на Горького,Babidas,BA ais-1740,31,81282,28985.000000000004
2022-07-01,2022,202207,на Горького,Babidas,BA ais-1740,32,64224,29920.000000000004
2022-08-01,2022,202208,на Горького,Babidas,BA ais-1740,27,68337,25245.000000000004
2022-09-01,2022,202209,на Горького,Babidas,BA ais-1740,29,76328,27115.000000000004
2022-10-01,2022,202210,на Горького,Babidas,BA ais-1740,24,64032,22440.000000000004
2022-11-01,2022,202211,на Горького,Babidas,BA ais-1740,17,49487,15895.000000000002
2022-12-01,2022,202212,на Горького,Babidas,BA ais-1740,21,58002,19635.000000000004
2021-01-01,2021,202101,на Горького,Babidas,BA ice-4231,30,144690,59280.0
2021-02-01,2021,202102,на Горького,Babidas,BA ice-4231,19,103265,37544.0
2021-03-01,2021,202103,на Горького,Babidas,BA ice-4231,15,67110,29640.0
2021-04-01,2021,202104,на Горького,Babidas,BA ice-4231,29,178872,57304.0
2021-05-01,2021,202105,на Горького,Babidas,BA ice-4231,36,189000,71136.0
2021-06-01,2021,202106,на Горького,Babidas,BA ice-4231,34,167212,67184.0
2021-07-01,2021,202107,на Горького,Babidas,BA ice-4231,36,125964,71136.0
2021-08-01,2021,202108,на Горького,Babidas,BA ice-4231,30,153390,59280.0
2021-09-01,2021,202109,на Горького,Babidas,BA ice-4231,32,146112,63232.0
2021-10-01,2021,202110,на Горького,Babidas,BA ice-4231,27,139401,53352.0
2021-11-01,2021,202111,на Горького,Babidas,BA ice-4231,19,101232,37544.0
2021-12-01,2021,202112,на Горького,Babidas,BA ice-4231,23,110722,45448.0
2022-01-01,2022,202201,на Горького,Babidas,BA ice-4231,33,169488,65208.0
2022-02-01,2022,202202,на Горького,Babidas,BA ice-4231,21,117264,41496.0
2022-03-01,2022,202203,на Горького,Babidas,BA ice-4231,17,69224,33592.0
2022-04-01,2022,202204,на Горького,Babidas,BA ice-4231,31,156116,61256.0
2022-05-01,2022,202205,на Горького,Babidas,BA ice-4231,40,233960,79040.0
2022-06-01,2022,202206,на Горького,Babidas,BA ice-4231,38,221198,75088.0
2022-07-01,2022,202207,на Горького,Babidas,BA ice-4231,40,132960,79040.0
2022-08-01,2022,202208,на Горького,Babidas,BA ice-4231,33,142164,65208.0
2022-09-01,2022,202209,на Горького,Babidas,BA ice-4231,36,175068,71136.0
2022-10-01,2022,202210,на Горького,Babidas,BA ice-4231,29,155382,57304.0
2022-11-01,2022,202211,на Горького,Babidas,BA ice-4231,21,113169,41496.0
2022-12-01,2022,202212,на Горького,Babidas,BA ice-4231,25,100875,49400.0
2021-01-01,2021,202101,на Горького,Babidas,BA ai-2960,27,148392,48600.0
2021-02-01,2021,202102,на Горького,Babidas,BA ai-2960,17,100878,30600.0
2021-03-01,2021,202103,на Горького,Babidas,BA ai-2960,14,76132,25200.0
2021-04-01,2021,202104,на Горького,Babidas,BA ai-2960,26,161668,46800.0
2021-05-01,2021,202105,на Горького,Babidas,BA ai-2960,32,209600,57600.0
2021-06-01,2021,202106,на Горького,Babidas,BA ai-2960,31,176917,55800.0
2021-07-01,2021,202107,на Горького,Babidas,BA ai-2960,32,140896,57600.0
2021-08-01,2021,202108,на Горького,Babidas,BA ai-2960,27,138348,48600.0
2021-09-01,2021,202109,на Горького,Babidas,BA ai-2960,29,150568,52200.0
2021-10-01,2021,202110,на Горького,Babidas,BA ai-2960,24,143112,43200.0
2021-11-01,2021,202111,на Горького,Babidas,BA ai-2960,17,90610,30600.0
2021-12-01,2021,202112,на Горького,Babidas,BA ai-2960,21,110586,37800.0
2022-01-01,2022,202201,на Горького,Babidas,BA ai-2960,30,190200,54000.0
2022-02-01,2022,202202,на Горького,Babidas,BA ai-2960,19,120688,34200.0
2022-03-01,2022,202203,на Горького,Babidas,BA ai-2960,15,88650,27000.0
2022-04-01,2022,202204,на Горького,Babidas,BA ai-2960,28,161280,50400.0
2022-05-01,2022,202205,на Горького,Babidas,BA ai-2960,36,228312,64800.0
2022-06-01,2022,202206,на Горького,Babidas,BA ai-2960,34,189346,61200.0
2022-07-01,2022,202207,на Горького,Babidas,BA ai-2960,36,140904,64800.0
2022-08-01,2022,202208,на Горького,Babidas,BA ai-2960,30,155250,54000.0
2022-09-01,2022,202209,на Горького,Babidas,BA ai-2960,32,161088,57600.0
2022-10-01,2022,202210,на Горького,Babidas,BA ai-2960,26,170846,46800.0
2022-11-01,2022,202211,на Горького,Babidas,BA ai-2960,19,116299,34200.0
2022-12-01,2022,202212,на Горького,Babidas,BA ai-2960,23,119416,41400.0
2021-01-01,2021,202101,на Горького,Asic,AS air-7520,18,653580,371700.0
2021-02-01,2021,202102,на Горького,Asic,AS air-7520,12,431496,247800.0
2021-03-01,2021,202103,на Горького,Asic,AS air-7520,9,326736,185850.0
2021-04-01,2021,202104,на Горького,Asic,AS air-7520,17,618358,351050.0
2021-05-01,2021,202105,на Горького,Asic,AS air-7520,22,822140,454300.0
2021-06-01,2021,202106,на Горького,Asic,AS air-7520,21,766815,433650.0
2021-07-01,2021,202107,на Горького,Asic,AS air-7520,22,756668,454300.0
2021-08-01,2021,202108,на Горького,Asic,AS air-7520,18,644616,371700.0
2021-09-01,2021,202109,на Горького,Asic,AS air-7520,20,704700,413000.0
2021-10-01,2021,202110,на Горького,Asic,AS air-7520,16,591376,330400.0
2021-11-01,2021,202111,на Горького,Asic,AS air-7520,12,435984,247800.0
2021-12-01,2021,202112,на Горького,Asic,AS air-7520,14,493682,289100.0
2022-01-01,2022,202201,на Горького,Asic,AS air-7520,20,720060,413000.0
2022-02-01,2022,202202,на Горького,Asic,AS air-7520,13,474240,268450.0
2022-03-01,2022,202203,на Горького,Asic,AS air-7520,10,359190,206500.0
2022-04-01,2022,202204,на Горького,Asic,AS air-7520,19,696749,392350.0
2022-05-01,2022,202205,на Горького,Asic,AS air-7520,24,892920,495600.0
2022-06-01,2022,202206,на Горького,Asic,AS air-7520,23,841363,474950.0
2022-07-01,2022,202207,на Горького,Asic,AS air-7520,24,834552,495600.0
2022-08-01,2022,202208,на Горького,Asic,AS air-7520,20,705020,413000.0
2022-09-01,2022,202209,на Горького,Asic,AS air-7520,22,799128,454300.0
2022-10-01,2022,202210,на Горького,Asic,AS air-7520,18,661032,371700.0
2022-11-01,2022,202211,на Горького,Asic,AS air-7520,13,475644,268450.0
2022-12-01,2022,202212,на Горького,Asic,AS air-7520,15,534345,309750.0
2021-01-01,2021,202101,на Горького,Asic,AS grou-3318,15,499950,235200.0
2021-02-01,2021,202102,на Горького,Asic,AS grou-3318,10,334110,156800.0
2021-03-01,2021,202103,на Горького,Asic,AS grou-3318,8,258376,125440.0
2021-04-01,2021,202104,на Горького,Asic,AS grou-3318,14,473522,219520.0
2021-05-01,2021,202105,на Горького,Asic,AS grou-3318,18,602802,282240.0
2021-06-01,2021,202106,на Горького,Asic,AS grou-3318,17,564213,266560.0
2021-07-01,2021,202107,на Горького,Asic,AS grou-3318,18,581472,282240.0
2021-08-01,2021,202108,на Горького,Asic,AS grou-3318,15,484530,235200.0
2021-09-01,2021,202109,на Горького,Asic,AS grou-3318,16,530624,250880.0
2021-10-01,2021,202110,на Горького,Asic,AS grou-3318,13,435058,203840.0
2021-11-01,2021,202111,на Горького,Asic,AS grou-3318,10,337130,156800.0
2021-12-01,2021,202112,на Горького,Asic,AS grou-3318,11,361834,172480.0
2022-01-01,2022,202201,на Горького,Asic,AS grou-3318,16,525936,250880.0
2022-02-01,2022,202202,на Горького,Asic,AS grou-3318,10,334580,156800.0
2022-03-01,2022,202203,на Горького,Asic,AS grou-3318,8,261640,125440.0
2022-04-01,2022,202204,на Горького,Asic,AS grou-3318,15,509565,235200.0
2022-05-01,2022,202205,на Горького,Asic,AS grou-3318,19,650332,297920.0
2022-06-01,2022,202206,на Горького,Asic,AS grou-3318,18,591120,282240.0
2022-07-01,2022,202207,на Горького,Asic,AS grou-3318,19,606157,297920.0
2022-08-01,2022,202208,на Горького,Asic,AS grou-3318,16,525664,250880.0
2022-09-01,2022,202209,на Горького,Asic,AS grou-3318,17,562989,266560.0
2022-10-01,2022,202210,на Горького,Asic,AS grou-3318,14,466634,219520.0
2022-11-01,2022,202211,на Горького,Asic,AS grou-3318,10,335000,156800.0
2022-12-01,2022,202212,на Горького,Asic,AS grou-3318,12,393204,188160.0
2021-01-01,2021,202101,на Горького,Asic,AS gre-2748,17,731000,307020.0
2021-02-01,2021,202102,на Горького,Asic,AS gre-2748,11,475772,198660.0
2021-03-01,2021,202103,на Горького,Asic,AS gre-2748,9,379647,162540.0
2021-04-01,2021,202104,на Горького,Asic,AS gre-2748,16,706704,288960.0
2021-05-01,2021,202105,на Горького,Asic,AS gre-2748,20,884680,361200.0
2021-06-01,2021,202106,на Горького,Asic,AS gre-2748,19,829008,343140.0
2021-07-01,2021,202107,на Горького,Asic,AS gre-2748,20,836380,361200.0
2021-08-01,2021,202108,на Горького,Asic,AS gre-2748,17,727396,307020.0
2021-09-01,2021,202109,на Горького,Asic,AS gre-2748,18,771840,325080.0
2021-10-01,2021,202110,на Горького,Asic,AS gre-2748,15,649140,270900.0
2021-11-01,2021,202111,на Горького,Asic,AS gre-2748,11,472362,198660.0
2021-12-01,2021,202112,на Горького,Asic,AS gre-2748,13,556231,234780.0
2022-01-01,2022,202201,на Горького,Asic,AS gre-2748,18,778878,325080.0
2022-02-01,2022,202202,на Горького,Asic,AS gre-2748,12,525768,216720.0
2022-03-01,2022,202203,на Горького,Asic,AS gre-2748,9,379926,162540.0
2022-04-01,2022,202204,на Горького,Asic,AS gre-2748,17,741778,307020.0
2022-05-01,2022,202205,на Горького,Asic,AS gre-2748,22,979528,397320.0
2022-06-01,2022,202206,на Горького,Asic,AS gre-2748,20,879680,361200.0
2022-07-01,2022,202207,на Горького,Asic,AS gre-2748,22,907632,397320.0
2022-08-01,2022,202208,на Горького,Asic,AS gre-2748,18,775530,325080.0
2022-09-01,2022,202209,на Горького,Asic,AS gre-2748,19,816316,343140.0
2022-10-01,2022,202210,на Горького,Asic,AS gre-2748,16,698864,288960.0
2022-11-01,2022,202211,на Горького,Asic,AS gre-2748,12,513180,216720.0
2022-12-01,2022,202212,на Горького,Asic,AS gre-2748,14,596638,252840.0
2021-01-01,2021,202101,на Горького,Asic,AS earth-9544,15,439245,168000.0
2021-02-01,2021,202102,на Горького,Asic,AS earth-9544,10,296100,112000.0
2021-03-01,2021,202103,на Горького,Asic,AS earth-9544,8,228432,89600.0
2021-04-01,2021,202104,на Горького,Asic,AS earth-9544,14,420448,156800.0
2021-05-01,2021,202105,на Горького,Asic,AS earth-9544,18,536886,201600.0
2021-06-01,2021,202106,на Горького,Asic,AS earth-9544,17,487560,190400.0
2021-07-01,2021,202107,на Горького,Asic,AS earth-9544,18,501498,201600.0
2021-08-01,2021,202108,на Горького,Asic,AS earth-9544,15,441405,168000.0
2021-09-01,2021,202109,на Горького,Asic,AS earth-9544,16,452400,179200.0
2021-10-01,2021,202110,на Горького,Asic,AS earth-9544,13,388427,145600.0
2021-11-01,2021,202111,на Горького,Asic,AS earth-9544,10,298420,112000.0
2021-12-01,2021,202112,на Горького,Asic,AS earth-9544,11,308242,123200.0
2022-01-01,2022,202201,на Горького,Asic,AS earth-9544,17,498253,190400.0
2022-02-01,2022,202202,на Горького,Asic,AS earth-9544,11,326227,123200.0
2022-03-01,2022,202203,на Горького,Asic,AS earth-9544,9,259758,100800.0
2022-04-01,2022,202204,на Горького,Asic,AS earth-9544,16,478320,179200.0
2022-05-01,2022,202205,на Горького,Asic,AS earth-9544,20,597500,224000.0
2022-06-01,2022,202206,на Горького,Asic,AS earth-9544,19,559702,212800.0
2022-07-01,2022,202207,на Горького,Asic,AS earth-9544,20,553280,224000.0
2022-08-01,2022,202208,на Горького,Asic,AS earth-9544,17,496332,190400.0
2022-09-01,2022,202209,на Горького,Asic,AS earth-9544,18,518166,201600.0
2022-10-01,2022,202210,на Горького,Asic,AS earth-9544,15,446295,168000.0
2022-11-01,2022,202211,на Горького,Asic,AS earth-9544,11,327954,123200.0
2022-12-01,2022,202212,на Горького,Asic,AS earth-9544,13,375596,145600.0
2021-01-01,2021,202101,на Горького,Asic,AS ais-7331,19,876964,478800.00000000006
2021-02-01,2021,202102,на Горького,Asic,AS ais-7331,12,560472,302400.00000000006
2021-03-01,2021,202103,на Горького,Asic,AS ais-7331,10,460770,252000.00000000003
2021-04-01,2021,202104,на Горького,Asic,AS ais-7331,18,839718,453600.00000000006
2021-05-01,2021,202105,на Горького,Asic,AS ais-7331,22,1042734,554400.0000000001
2021-06-01,2021,202106,на Горького,Asic,AS ais-7331,21,973497,529200.0000000001
2021-07-01,2021,202107,на Горького,Asic,AS ais-7331,22,985666,554400.0000000001
2021-08-01,2021,202108,на Горького,Asic,AS ais-7331,19,874019,478800.00000000006
2021-09-01,2021,202109,на Горького,Asic,AS ais-7331,20,914680,504000.00000000006
2021-10-01,2021,202110,на Горького,Asic,AS ais-7331,17,790500,428400.00000000006
2021-11-01,2021,202111,на Горького,Asic,AS ais-7331,12,556944,302400.00000000006
2021-12-01,2021,202112,на Горького,Asic,AS ais-7331,14,643930,352800.00000000006
2022-01-01,2022,202201,на Горького,Asic,AS ais-7331,21,959301,529200.0000000001
2022-02-01,2022,202202,на Горького,Asic,AS ais-7331,13,605605,327600.00000000006
2022-03-01,2022,202203,на Горького,Asic,AS ais-7331,11,500995,277200.00000000006
2022-04-01,2022,202204,на Горького,Asic,AS ais-7331,20,932260,504000.00000000006
2022-05-01,2022,202205,на Горького,Asic,AS ais-7331,25,1169275,630000.0000000001
2022-06-01,2022,202206,на Горького,Asic,AS ais-7331,23,1079482,579600.0000000001
2022-07-01,2022,202207,на Горького,Asic,AS ais-7331,25,1110475,630000.0000000001
2022-08-01,2022,202208,на Горького,Asic,AS ais-7331,21,973140,529200.0000000001
2022-09-01,2022,202209,на Горького,Asic,AS ais-7331,22,1019370,554400.0000000001
2022-10-01,2022,202210,на Горького,Asic,AS ais-7331,18,832878,453600.00000000006
2022-11-01,2022,202211,на Горького,Asic,AS ais-7331,13,606944,327600.00000000006
2022-12-01,2022,202212,на Горького,Asic,AS ais-7331,16,737600,403200.00000000006
2021-01-01,2021,202101,на Горького,Asic,AS ice-2172,19,346104,180880.0
2021-02-01,2021,202102,на Горького,Asic,AS ice-2172,12,222432,114240.0
2021-03-01,2021,202103,на Горького,Asic,AS ice-2172,10,173620,95200.0
2021-04-01,2021,202104,на Горького,Asic,AS ice-2172,18,330786,171360.0
2021-05-01,2021,202105,на Горького,Asic,AS ice-2172,22,409904,209440.0
2021-06-01,2021,202106,на Горького,Asic,AS ice-2172,21,377517,199920.0
2021-07-01,2021,202107,на Горького,Asic,AS ice-2172,22,378664,209440.0
2021-08-01,2021,202108,на Горького,Asic,AS ice-2172,19,332671,180880.0
2021-09-01,2021,202109,на Горького,Asic,AS ice-2172,20,361540,190400.0
2021-10-01,2021,202110,на Горького,Asic,AS ice-2172,17,319515,161840.0
2021-11-01,2021,202111,на Горького,Asic,AS ice-2172,12,225672,114240.0
2021-12-01,2021,202112,на Горького,Asic,AS ice-2172,14,251846,133280.0
2022-01-01,2022,202201,на Горького,Asic,AS ice-2172,21,378609,199920.0
2022-02-01,2022,202202,на Горького,Asic,AS ice-2172,13,245076,123760.0
2022-03-01,2022,202203,на Горького,Asic,AS ice-2172,11,194689,104720.0
2022-04-01,2022,202204,на Горького,Asic,AS ice-2172,20,375520,190400.0
2022-05-01,2022,202205,на Горького,Asic,AS ice-2172,25,467750,238000.0
2022-06-01,2022,202206,на Горького,Asic,AS ice-2172,23,416369,218960.0
2022-07-01,2022,202207,на Горького,Asic,AS ice-2172,25,412525,238000.0
2022-08-01,2022,202208,на Горького,Asic,AS ice-2172,21,368424,199920.0
2022-09-01,2022,202209,на Горького,Asic,AS ice-2172,22,398530,209440.0
2022-10-01,2022,202210,на Горького,Asic,AS ice-2172,18,331470,171360.0
2022-11-01,2022,202211,на Горького,Asic,AS ice-2172,13,246051,123760.0
2022-12-01,2022,202212,на Горького,Asic,AS ice-2172,16,283408,152320.0
2021-01-01,2021,202101,на Горького,Asic,AS ai-7676,15,602190,245700.0
2021-02-01,2021,202102,на Горького,Asic,AS ai-7676,10,403580,163800.0
2021-03-01,2021,202103,на Горького,Asic,AS ai-7676,8,317696,131040.0
2021-04-01,2021,202104,на Горького,Asic,AS ai-7676,14,573566,229320.0
2021-05-01,2021,202105,на Горького,Asic,AS ai-7676,18,743346,294840.0
2021-06-01,2021,202106,на Горького,Asic,AS ai-7676,17,689469,278460.0
2021-07-01,2021,202107,на Горького,Asic,AS ai-7676,18,707130,294840.0
2021-08-01,2021,202108,на Горького,Asic,AS ai-7676,15,592980,245700.0
2021-09-01,2021,202109,на Горького,Asic,AS ai-7676,16,645312,262080.0
2021-10-01,2021,202110,на Горького,Asic,AS ai-7676,13,521105,212940.0
2021-11-01,2021,202111,на Горького,Asic,AS ai-7676,10,406300,163800.0
2021-12-01,2021,202112,на Горького,Asic,AS ai-7676,12,474276,196560.0
2022-01-01,2022,202201,на Горького,Asic,AS ai-7676,17,679966,278460.0
2022-02-01,2022,202202,на Горького,Asic,AS ai-7676,11,452155,180180.0
2022-03-01,2022,202203,на Горького,Asic,AS ai-7676,9,362205,147420.0
2022-04-01,2022,202204,на Горького,Asic,AS ai-7676,16,649712,262080.0
2022-05-01,2022,202205,на Горького,Asic,AS ai-7676,20,829720,327600.0
2022-06-01,2022,202206,на Горького,Asic,AS ai-7676,19,760684,311220.0
2022-07-01,2022,202207,на Горького,Asic,AS ai-7676,20,781040,327600.0
2022-08-01,2022,202208,на Горького,Asic,AS ai-7676,17,675784,278460.0
2022-09-01,2022,202209,на Горького,Asic,AS ai-7676,18,708876,294840.0
2022-10-01,2022,202210,на Горького,Asic,AS ai-7676,15,610140,245700.0
2022-11-01,2022,202211,на Горького,Asic,AS ai-7676,11,445016,180180.0
2022-12-01,2022,202212,на Горького,Asic,AS ai-7676,13,514813,212940.0
2021-01-01,2021,202101,на Горького,Gunverse,GU air-3053,47,280355,108100.0
2021-02-01,2021,202102,на Горького,Gunverse,GU air-3053,29,205059,66700.0
2021-03-01,2021,202103,на Горького,Gunverse,GU air-3053,24,125328,55200.0
2021-04-01,2021,202104,на Горького,Gunverse,GU air-3053,44,285648,101200.0
2021-05-01,2021,202105,на Горького,Gunverse,GU air-3053,55,386980,126500.0
2021-06-01,2021,202106,на Горького,Gunverse,GU air-3053,52,338624,119600.0
2021-07-01,2021,202107,на Горького,Gunverse,GU air-3053,55,276815,126500.0
2021-08-01,2021,202108,на Горького,Gunverse,GU air-3053,47,283974,108100.0
2021-09-01,2021,202109,на Горького,Gunverse,GU air-3053,50,285500,115000.0
2021-10-01,2021,202110,на Горького,Gunverse,GU air-3053,41,258218,94300.0
2021-11-01,2021,202111,на Горького,Gunverse,GU air-3053,29,175392,66700.0
2021-12-01,2021,202112,на Горького,Gunverse,GU air-3053,35,183610,80500.0
2022-01-01,2022,202201,на Горького,Gunverse,GU air-3053,51,335019,117300.0
2022-02-01,2022,202202,на Горького,Gunverse,GU air-3053,32,197184,73600.0
2022-03-01,2022,202203,на Горького,Gunverse,GU air-3053,26,158236,59800.0
2022-04-01,2022,202204,на Горького,Gunverse,GU air-3053,48,322896,110400.0
2022-05-01,2022,202205,на Горького,Gunverse,GU air-3053,61,397232,140300.0
2022-06-01,2022,202206,на Горького,Gunverse,GU air-3053,58,378450,133400.0
2022-07-01,2022,202207,на Горького,Gunverse,GU air-3053,61,318969,140300.0
2022-08-01,2022,202208,на Горького,Gunverse,GU air-3053,51,302787,117300.0
2022-09-01,2022,202209,на Горького,Gunverse,GU air-3053,54,285984,124200.0
2022-10-01,2022,202210,на Горького,Gunverse,GU air-3053,45,296280,103500.0
2022-11-01,2022,202211,на Горького,Gunverse,GU air-3053,32,206176,73600.0
2022-12-01,2022,202212,на Горького,Gunverse,GU air-3053,39,197925,89700.0
2021-01-01,2021,202101,на Горького,Gunverse,GU grou-6409,41,426728,166050.0
2021-02-01,2021,202102,на Горького,Gunverse,GU grou-6409,26,254046,105300.0
2021-03-01,2021,202103,на Горького,Gunverse,GU grou-6409,21,201411,85050.0
2021-04-01,2021,202104,на Горького,Gunverse,GU grou-6409,39,407043,157950.0
2021-05-01,2021,202105,на Горького,Gunverse,GU grou-6409,49,531601,198450.0
2021-06-01,2021,202106,на Горького,Gunverse,GU grou-6409,46,483552,186300.0
2021-07-01,2021,202107,на Горького,Gunverse,GU grou-6409,49,439824,198450.0
2021-08-01,2021,202108,на Горького,Gunverse,GU grou-6409,41,415002,166050.0
2021-09-01,2021,202109,на Горького,Gunverse,GU grou-6409,44,431508,178200.0
2021-10-01,2021,202110,на Горького,Gunverse,GU grou-6409,36,382176,145800.0
2021-11-01,2021,202111,на Горького,Gunverse,GU grou-6409,26,278434,105300.0
2021-12-01,2021,202112,на Горького,Gunverse,GU grou-6409,31,294996,125550.0
2022-01-01,2022,202201,на Горького,Gunverse,GU grou-6409,45,453960,182250.0
2022-02-01,2022,202202,на Горького,Gunverse,GU grou-6409,29,305428,117450.0
2022-03-01,2022,202203,на Горького,Gunverse,GU grou-6409,23,222226,93150.0
2022-04-01,2022,202204,на Горького,Gunverse,GU grou-6409,43,460229,174150.0
2022-05-01,2022,202205,на Горького,Gunverse,GU grou-6409,54,557820,218700.0
2022-06-01,2022,202206,на Горького,Gunverse,GU grou-6409,51,539580,206550.0
2022-07-01,2022,202207,на Горького,Gunverse,GU grou-6409,54,460944,218700.0
2022-08-01,2022,202208,на Горького,Gunverse,GU grou-6409,45,435510,182250.0
2022-09-01,2022,202209,на Горького,Gunverse,GU grou-6409,48,500976,194400.0
2022-10-01,2022,202210,на Горького,Gunverse,GU grou-6409,40,431120,162000.0
2022-11-01,2022,202211,на Горького,Gunverse,GU grou-6409,29,285186,117450.0
2022-12-01,2022,202212,на Горького,Gunverse,GU grou-6409,34,338266,137700.0
2021-01-01,2021,202101,на Горького,Gunverse,GU gre-2865,47,375624,187529.99999999997
2021-02-01,2021,202102,на Горького,Gunverse,GU gre-2865,29,248791,115709.99999999999
2021-03-01,2021,202103,на Горького,Gunverse,GU gre-2865,24,196608,95759.99999999999
2021-04-01,2021,202104,на Горького,Gunverse,GU gre-2865,44,386452,175559.99999999997
2021-05-01,2021,202105,на Горького,Gunverse,GU gre-2865,55,529100,219449.99999999997
2021-06-01,2021,202106,на Горького,Gunverse,GU gre-2865,52,429780,207479.99999999997
2021-07-01,2021,202107,на Горького,Gunverse,GU gre-2865,55,368665,219449.99999999997
2021-08-01,2021,202108,на Горького,Gunverse,GU gre-2865,47,364391,187529.99999999997
2021-09-01,2021,202109,на Горького,Gunverse,GU gre-2865,50,369250,199499.99999999997
2021-10-01,2021,202110,на Горького,Gunverse,GU gre-2865,41,333371,163589.99999999997
2021-11-01,2021,202111,на Горького,Gunverse,GU gre-2865,29,252967,115709.99999999999
2021-12-01,2021,202112,на Горького,Gunverse,GU gre-2865,35,285565,139649.99999999997
2022-01-01,2022,202201,на Горького,Gunverse,GU gre-2865,51,428808,203489.99999999997
2022-02-01,2022,202202,на Горького,Gunverse,GU gre-2865,32,279008,127679.99999999999
2022-03-01,2022,202203,на Горького,Gunverse,GU gre-2865,26,213174,103739.99999999999
2022-04-01,2022,202204,на Горького,Gunverse,GU gre-2865,48,448032,191519.99999999997
2022-05-01,2022,202205,на Горького,Gunverse,GU gre-2865,61,572790,243389.99999999997
2022-06-01,2022,202206,на Горького,Gunverse,GU gre-2865,58,471946,231419.99999999997
2022-07-01,2022,202207,на Горького,Gunverse,GU gre-2865,61,390461,243389.99999999997
2022-08-01,2022,202208,на Горького,Gunverse,GU gre-2865,51,411621,203489.99999999997
2022-09-01,2022,202209,на Горького,Gunverse,GU gre-2865,54,427734,215459.99999999997
2022-10-01,2022,202210,на Горького,Gunverse,GU gre-2865,45,393615,179549.99999999997
2022-11-01,2022,202211,на Горького,Gunverse,GU gre-2865,32,250496,127679.99999999999
2022-12-01,2022,202212,на Горького,Gunverse,GU gre-2865,39,281853,155609.99999999997
2021-01-01,2021,202101,на Горького,Gunverse,GU earth-4729,41,418856,170765.0
2021-02-01,2021,202102,на Горького,Gunverse,GU earth-4729,26,262704,108290.0
2021-03-01,2021,202103,на Горького,Gunverse,GU earth-4729,21,184632,87465.0
2021-04-01,2021,202104,на Горького,Gunverse,GU earth-4729,38,401812,158270.0
2021-05-01,2021,202105,на Горького,Gunverse,GU earth-4729,48,500160,199920.0
2021-06-01,2021,202106,на Горького,Gunverse,GU earth-4729,46,436356,191590.0
2021-07-01,2021,202107,на Горького,Gunverse,GU earth-4729,48,404736,199920.0
2021-08-01,2021,202108,на Горького,Gunverse,GU earth-4729,41,354445,170765.0
2021-09-01,2021,202109,на Горького,Gunverse,GU earth-4729,43,409661,179095.0
2021-10-01,2021,202110,на Горького,Gunverse,GU earth-4729,36,377532,149940.0
2021-11-01,2021,202111,на Горького,Gunverse,GU earth-4729,26,261872,108290.0
2021-12-01,2021,202112,на Горького,Gunverse,GU earth-4729,31,294469,129115.0
2022-01-01,2022,202201,на Горького,Gunverse,GU earth-4729,45,459225,187425.0
2022-02-01,2022,202202,на Горького,Gunverse,GU earth-4729,28,278040,116620.0
2022-03-01,2022,202203,на Горького,Gunverse,GU earth-4729,23,216844,95795.0
2022-04-01,2022,202204,на Горького,Gunverse,GU earth-4729,42,444192,174930.0
2022-05-01,2022,202205,на Горького,Gunverse,GU earth-4729,53,562807,220745.0
2022-06-01,2022,202206,на Горького,Gunverse,GU earth-4729,50,482800,208250.0
2022-07-01,2022,202207,на Горького,Gunverse,GU earth-4729,53,439370,220745.0
2022-08-01,2022,202208,на Горького,Gunverse,GU earth-4729,45,415350,187425.0
2022-09-01,2022,202209,на Горького,Gunverse,GU earth-4729,48,469488,199920.0
2022-10-01,2022,202210,на Горького,Gunverse,GU earth-4729,39,381888,162435.0
2022-11-01,2022,202211,на Горького,Gunverse,GU earth-4729,28,277004,116620.0
2022-12-01,2022,202212,на Горького,Gunverse,GU earth-4729,34,311202,141610.0
2021-01-01,2021,202101,на Горького,Gunverse,GU ais-4465,41,301965,125460.0
2021-02-01,2021,202102,на Горького,Gunverse,GU ais-4465,26,199212,79560.0
2021-03-01,2021,202103,на Горького,Gunverse,GU ais-4465,21,135954,64260.0
2021-04-01,2021,202104,на Горького,Gunverse,GU ais-4465,38,307572,116280.0
2021-05-01,2021,202105,на Горького,Gunverse,GU ais-4465,48,380736,146880.0
2021-06-01,2021,202106,на Горького,Gunverse,GU ais-4465,46,316986,140760.0
2021-07-01,2021,202107,на Горького,Gunverse,GU ais-4465,48,289680,146880.0
2021-08-01,2021,202108,на Горького,Gunverse,GU ais-4465,41,253462,125460.0
2021-09-01,2021,202109,на Горького,Gunverse,GU ais-4465,43,285219,131580.0
2021-10-01,2021,202110,на Горького,Gunverse,GU ais-4465,36,256644,110160.0
2021-11-01,2021,202111,на Горького,Gunverse,GU ais-4465,26,173524,79560.0
2021-12-01,2021,202112,на Горького,Gunverse,GU ais-4465,31,220534,94860.0
2022-01-01,2022,202201,на Горького,Gunverse,GU ais-4465,45,311445,137700.0
2022-02-01,2022,202202,на Горького,Gunverse,GU ais-4465,28,194124,85680.0
2022-03-01,2022,202203,на Горького,Gunverse,GU ais-4465,23,148327,70380.0
2022-04-01,2022,202204,на Горького,Gunverse,GU ais-4465,42,308532,128520.0
2022-05-01,2022,202205,на Горького,Gunverse,GU ais-4465,53,421085,162180.0
2022-06-01,2022,202206,на Горького,Gunverse,GU ais-4465,50,356250,153000.0
2022-07-01,2022,202207,на Горького,Gunverse,GU ais-4465,53,336126,162180.0
2022-08-01,2022,202208,на Горького,Gunverse,GU ais-4465,45,325260,137700.0
2022-09-01,2022,202209,на Горького,Gunverse,GU ais-4465,48,345984,146880.0
2022-10-01,2022,202210,на Горького,Gunverse,GU ais-4465,39,279123,119340.0
2022-11-01,2022,202211,на Горького,Gunverse,GU ais-4465,28,200536,85680.0
2022-12-01,2022,202212,на Горького,Gunverse,GU ais-4465,34,240550,104040.0
2021-01-01,2021,202101,на Горького,Gunverse,GU ice-8917,43,371993,148608.0
2021-02-01,2021,202102,на Горького,Gunverse,GU ice-8917,27,230553,93312.0
2021-03-01,2021,202103,на Горького,Gunverse,GU ice-8917,22,174460,76032.0
2021-04-01,2021,202104,на Горького,Gunverse,GU ice-8917,40,344080,138240.0
2021-05-01,2021,202105,на Горького,Gunverse,GU ice-8917,51,463029,176256.0
2021-06-01,2021,202106,на Горького,Gunverse,GU ice-8917,48,434304,165888.0
2021-07-01,2021,202107,на Горького,Gunverse,GU ice-8917,51,323187,176256.0
2021-08-01,2021,202108,на Горького,Gunverse,GU ice-8917,43,342667,148608.0
2021-09-01,2021,202109,на Горького,Gunverse,GU ice-8917,45,351315,155520.0
2021-10-01,2021,202110,на Горького,Gunverse,GU ice-8917,37,322233,127872.0
2021-11-01,2021,202111,на Горького,Gunverse,GU ice-8917,27,215865,93312.0
2021-12-01,2021,202112,на Горького,Gunverse,GU ice-8917,32,267264,110592.0
2022-01-01,2022,202201,на Горького,Gunverse,GU ice-8917,47,410921,162432.0
2022-02-01,2022,202202,на Горького,Gunverse,GU ice-8917,29,252532,100224.0
2022-03-01,2022,202203,на Горького,Gunverse,GU ice-8917,24,190608,82944.0
2022-04-01,2022,202204,на Горького,Gunverse,GU ice-8917,44,397672,152064.0
2022-05-01,2022,202205,на Горького,Gunverse,GU ice-8917,56,511168,193536.0
2022-06-01,2022,202206,на Горького,Gunverse,GU ice-8917,53,428982,183168.0
2022-07-01,2022,202207,на Горького,Gunverse,GU ice-8917,56,390320,193536.0
2022-08-01,2022,202208,на Горького,Gunverse,GU ice-8917,47,374543,162432.0
2022-09-01,2022,202209,на Горького,Gunverse,GU ice-8917,50,388100,172800.0
2022-10-01,2022,202210,на Горького,Gunverse,GU ice-8917,41,351042,141696.0
2022-11-01,2022,202211,на Горького,Gunverse,GU ice-8917,29,235045,100224.0
2022-12-01,2022,202212,на Горького,Gunverse,GU ice-8917,35,286510,120960.0
2021-01-01,2021,202101,на Горького,Gunverse,GU ai-3849,44,477444,228228.0
2021-02-01,2021,202102,на Горького,Gunverse,GU ai-3849,28,295344,145236.0
2021-03-01,2021,202103,на Горького,Gunverse,GU ai-3849,22,222310,114114.0
2021-04-01,2021,202104,на Горького,Gunverse,GU ai-3849,41,446982,212667.0
2021-05-01,2021,202105,на Горького,Gunverse,GU ai-3849,52,562276,269724.0
2021-06-01,2021,202106,на Горького,Gunverse,GU ai-3849,49,525525,254163.0
2021-07-01,2021,202107,на Горького,Gunverse,GU ai-3849,52,451880,269724.0
2021-08-01,2021,202108,на Горького,Gunverse,GU ai-3849,44,422752,228228.0
2021-09-01,2021,202109,на Горького,Gunverse,GU ai-3849,47,478413,243789.0
2021-10-01,2021,202110,на Горького,Gunverse,GU ai-3849,39,418821,202293.0
2021-11-01,2021,202111,на Горького,Gunverse,GU ai-3849,28,297388,145236.0
2021-12-01,2021,202112,на Горького,Gunverse,GU ai-3849,33,339669,171171.0
2022-01-01,2022,202201,на Горького,Gunverse,GU ai-3849,48,492672,248976.0
2022-02-01,2022,202202,на Горького,Gunverse,GU ai-3849,30,312630,155610.0
2022-03-01,2022,202203,на Горького,Gunverse,GU ai-3849,24,245760,124488.0
2022-04-01,2022,202204,на Горького,Gunverse,GU ai-3849,45,456840,233415.0
2022-05-01,2022,202205,на Горького,Gunverse,GU ai-3849,57,635607,295659.0
2022-06-01,2022,202206,на Горького,Gunverse,GU ai-3849,54,560790,280098.0
2022-07-01,2022,202207,на Горького,Gunverse,GU ai-3849,57,492708,295659.0
2022-08-01,2022,202208,на Горького,Gunverse,GU ai-3849,48,464256,248976.0
2022-09-01,2022,202209,на Горького,Gunverse,GU ai-3849,51,510816,264537.0
2022-10-01,2022,202210,на Горького,Gunverse,GU ai-3849,42,427980,217854.0
2022-11-01,2022,202211,на Горького,Gunverse,GU ai-3849,30,323670,155610.0
2022-12-01,2022,202212,на Горького,Gunverse,GU ai-3849,36,340092,186732.0
2021-01-01,2021,202101,на Горького,Nuke,NK air-4421,47,623267,282000.0
2021-02-01,2021,202102,на Горького,Nuke,NK air-4421,30,406470,180000.0
2021-03-01,2021,202103,на Горького,Nuke,NK air-4421,24,313440,144000.0
2021-04-01,2021,202104,на Горького,Nuke,NK air-4421,44,585904,264000.0
2021-05-01,2021,202105,на Горького,Nuke,NK air-4421,56,768152,336000.0
2021-06-01,2021,202106,на Горького,Nuke,NK air-4421,53,716242,318000.0
2021-07-01,2021,202107,на Горького,Nuke,NK air-4421,56,664440,336000.0
2021-08-01,2021,202108,на Горького,Nuke,NK air-4421,47,619836,282000.0
2021-09-01,2021,202109,на Горького,Nuke,NK air-4421,50,627900,300000.0
2021-10-01,2021,202110,на Горького,Nuke,NK air-4421,41,559445,246000.0
2021-11-01,2021,202111,на Горького,Nuke,NK air-4421,30,390990,180000.0
2021-12-01,2021,202112,на Горького,Nuke,NK air-4421,35,450660,210000.0
2022-01-01,2022,202201,на Горького,Nuke,NK air-4421,52,665288,312000.0
2022-02-01,2022,202202,на Горького,Nuke,NK air-4421,33,450318,198000.0
2022-03-01,2022,202203,на Горького,Nuke,NK air-4421,26,331318,156000.0
2022-04-01,2022,202204,на Горького,Nuke,NK air-4421,49,675122,294000.0
2022-05-01,2022,202205,на Горького,Nuke,NK air-4421,61,855342,366000.0
2022-06-01,2022,202206,на Горького,Nuke,NK air-4421,58,750926,348000.0
2022-07-01,2022,202207,на Горького,Nuke,NK air-4421,61,692289,366000.0
2022-08-01,2022,202208,на Горького,Nuke,NK air-4421,52,664404,312000.0
2022-09-01,2022,202209,на Горького,Nuke,NK air-4421,55,708455,330000.0
2022-10-01,2022,202210,на Горького,Nuke,NK air-4421,45,576720,270000.0
2022-11-01,2022,202211,на Горького,Nuke,NK air-4421,33,434544,198000.0
2022-12-01,2022,202212,на Горького,Nuke,NK air-4421,39,500136,234000.0
2021-01-01,2021,202101,на Горького,Nuke,NK grou-9880,34,332384,180540.0
2021-02-01,2021,202102,на Горького,Nuke,NK grou-9880,22,222244,116820.0
2021-03-01,2021,202103,на Горького,Nuke,NK grou-9880,17,159154,90270.0
2021-04-01,2021,202104,на Горького,Nuke,NK grou-9880,32,336928,169920.0
2021-05-01,2021,202105,на Горького,Nuke,NK grou-9880,41,455223,217710.0
2021-06-01,2021,202106,на Горького,Nuke,NK grou-9880,38,372324,201780.0
2021-07-01,2021,202107,на Горького,Nuke,NK grou-9880,41,357397,217710.0
2021-08-01,2021,202108,на Горького,Nuke,NK grou-9880,34,351696,180540.0
2021-09-01,2021,202109,на Горького,Nuke,NK grou-9880,36,363204,191160.0
2021-10-01,2021,202110,на Горького,Nuke,NK grou-9880,30,327030,159300.0
2021-11-01,2021,202111,на Горького,Nuke,NK grou-9880,22,232078,116820.0
2021-12-01,2021,202112,на Горького,Nuke,NK grou-9880,26,263536,138060.0
2022-01-01,2022,202201,на Горького,Nuke,NK grou-9880,38,390716,201780.0
2022-02-01,2022,202202,на Горького,Nuke,NK grou-9880,24,258768,127440.0
2022-03-01,2022,202203,на Горького,Nuke,NK grou-9880,19,188385,100890.0
2022-04-01,2022,202204,на Горького,Nuke,NK grou-9880,35,376915,185850.0
2022-05-01,2022,202205,на Горького,Nuke,NK grou-9880,45,518760,238950.0
2022-06-01,2022,202206,на Горького,Nuke,NK grou-9880,42,428736,223020.0
2022-07-01,2022,202207,на Горького,Nuke,NK grou-9880,45,409410,238950.0
2022-08-01,2022,202208,на Горького,Nuke,NK grou-9880,38,382090,201780.0
2022-09-01,2022,202209,на Горького,Nuke,NK grou-9880,40,414520,212400.0
2022-10-01,2022,202210,на Горького,Nuke,NK grou-9880,33,349800,175230.0
2022-11-01,2022,202211,на Горького,Nuke,NK grou-9880,24,241296,127440.0
2022-12-01,2022,202212,на Горького,Nuke,NK grou-9880,28,288232,148680.0
2021-01-01,2021,202101,на Горького,Nuke,NK gre-7983,33,270105,106260.0
2021-02-01,2021,202102,на Горького,Nuke,NK gre-7983,21,182952,67620.0
2021-03-01,2021,202103,на Горького,Nuke,NK gre-7983,17,135201,54740.0
2021-04-01,2021,202104,на Горького,Nuke,NK gre-7983,31,272242,99820.0
2021-05-01,2021,202105,на Горького,Nuke,NK gre-7983,39,361959,125580.0
2021-06-01,2021,202106,на Горького,Nuke,NK gre-7983,37,299922,119140.0
2021-07-01,2021,202107,на Горького,Nuke,NK gre-7983,39,248079,125580.0
2021-08-01,2021,202108,на Горького,Nuke,NK gre-7983,33,239778,106260.0
2021-09-01,2021,202109,на Горького,Nuke,NK gre-7983,35,261205,112700.0
2021-10-01,2021,202110,на Горького,Nuke,NK gre-7983,29,235132,93380.0
2021-11-01,2021,202111,на Горького,Nuke,NK gre-7983,21,159894,67620.0
2021-12-01,2021,202112,на Горького,Nuke,NK gre-7983,25,204525,80500.0
2022-01-01,2022,202201,на Горького,Nuke,NK gre-7983,36,292212,115920.0
2022-02-01,2022,202202,на Горького,Nuke,NK gre-7983,23,208288,74060.0
2022-03-01,2022,202203,на Горького,Nuke,NK gre-7983,18,146016,57960.0
2022-04-01,2022,202204,на Горького,Nuke,NK gre-7983,34,296446,109480.0
2022-05-01,2022,202205,на Горького,Nuke,NK gre-7983,42,399042,135240.0
2022-06-01,2022,202206,на Горького,Nuke,NK gre-7983,40,321920,128800.0
2022-07-01,2022,202207,на Горького,Nuke,NK gre-7983,42,297612,135240.0
2022-08-01,2022,202208,на Горького,Nuke,NK gre-7983,36,273996,115920.0
2022-09-01,2022,202209,на Горького,Nuke,NK gre-7983,38,292144,122360.0
2022-10-01,2022,202210,на Горького,Nuke,NK gre-7983,31,265763,99820.0
2022-11-01,2022,202211,на Горького,Nuke,NK gre-7983,23,191038,74060.0
2022-12-01,2022,202212,на Горького,Nuke,NK gre-7983,27,206442,86940.0
2021-01-01,2021,202101,на Горького,Nuke,NK earth-5320,40,304560,132600.0
2021-02-01,2021,202102,на Горького,Nuke,NK earth-5320,25,202775,82875.0
2021-03-01,2021,202103,на Горького,Nuke,NK earth-5320,20,135700,66300.0
2021-04-01,2021,202104,на Горького,Nuke,NK earth-5320,38,304722,125970.0
2021-05-01,2021,202105,на Горького,Nuke,NK earth-5320,48,428304,159120.0
2021-06-01,2021,202106,на Горького,Nuke,NK earth-5320,45,347625,149175.0
2021-07-01,2021,202107,на Горького,Nuke,NK earth-5320,48,314112,159120.0
2021-08-01,2021,202108,на Горького,Nuke,NK earth-5320,40,274080,132600.0
2021-09-01,2021,202109,на Горького,Nuke,NK earth-5320,43,301430,142545.0
2021-10-01,2021,202110,на Горького,Nuke,NK earth-5320,35,274645,116025.0
2021-11-01,2021,202111,на Горького,Nuke,NK earth-5320,25,195825,82875.0
2021-12-01,2021,202112,на Горького,Nuke,NK earth-5320,30,211320,99450.0
2022-01-01,2022,202201,на Горького,Nuke,NK earth-5320,44,326392,145860.0
2022-02-01,2022,202202,на Горького,Nuke,NK earth-5320,28,215600,92820.0
2022-03-01,2022,202203,на Горького,Nuke,NK earth-5320,22,167420,72930.0
2022-04-01,2022,202204,на Горького,Nuke,NK earth-5320,42,371154,139230.0
2022-05-01,2022,202205,на Горького,Nuke,NK earth-5320,53,438999,175695.0
2022-06-01,2022,202206,на Горького,Nuke,NK earth-5320,50,392100,165750.0
2022-07-01,2022,202207,на Горького,Nuke,NK earth-5320,53,341373,175695.0
2022-08-01,2022,202208,на Горького,Nuke,NK earth-5320,44,301620,145860.0
2022-09-01,2022,202209,на Горького,Nuke,NK earth-5320,47,327872,155805.0
2022-10-01,2022,202210,на Горького,Nuke,NK earth-5320,39,295815,129285.0
2022-11-01,2022,202211,на Горького,Nuke,NK earth-5320,28,205492,92820.0
2022-12-01,2022,202212,на Горького,Nuke,NK earth-5320,33,252384,109395.0
2021-01-01,2021,202101,на Горького,Nuke,NK ais-5028,44,495924,206800.0
2021-02-01,2021,202102,на Горького,Nuke,NK ais-5028,28,333368,131600.0
2021-03-01,2021,202103,на Горького,Nuke,NK ais-5028,22,241230,103400.0
2021-04-01,2021,202104,на Горького,Nuke,NK ais-5028,42,475734,197400.0
2021-05-01,2021,202105,на Горького,Nuke,NK ais-5028,53,599536,249100.0
2021-06-01,2021,202106,на Горького,Nuke,NK ais-5028,50,556000,235000.0
2021-07-01,2021,202107,на Горького,Nuke,NK ais-5028,53,539699,249100.0
2021-08-01,2021,202108,на Горького,Nuke,NK ais-5028,44,466840,206800.0
2021-09-01,2021,202109,на Горького,Nuke,NK ais-5028,47,508540,220900.0
2021-10-01,2021,202110,на Горького,Nuke,NK ais-5028,39,462189,183300.0
2021-11-01,2021,202111,на Горького,Nuke,NK ais-5028,28,324604,131600.0
2021-12-01,2021,202112,на Горького,Nuke,NK ais-5028,33,372372,155100.0
2022-01-01,2022,202201,на Горького,Nuke,NK ais-5028,49,577171,230300.0
2022-02-01,2022,202202,на Горького,Nuke,NK ais-5028,31,366389,145700.0
2022-03-01,2022,202203,на Горького,Nuke,NK ais-5028,25,274150,117500.0
2022-04-01,2022,202204,на Горького,Nuke,NK ais-5028,46,545330,216200.0
2022-05-01,2022,202205,на Горького,Nuke,NK ais-5028,58,721752,272600.0
2022-06-01,2022,202206,на Горького,Nuke,NK ais-5028,55,597575,258500.0
2022-07-01,2022,202207,на Горького,Nuke,NK ais-5028,58,561208,272600.0
2022-08-01,2022,202208,на Горького,Nuke,NK ais-5028,49,519253,230300.0
2022-09-01,2022,202209,на Горького,Nuke,NK ais-5028,52,534924,244400.0
2022-10-01,2022,202210,на Горького,Nuke,NK ais-5028,43,515914,202100.0
2022-11-01,2022,202211,на Горького,Nuke,NK ais-5028,31,343666,145700.0
2022-12-01,2022,202212,на Горького,Nuke,NK ais-5028,37,405705,173900.0
2021-01-01,2021,202101,на Горького,Nuke,NK ice-4908,47,490868,252343.0
2021-02-01,2021,202102,на Горького,Nuke,NK ice-4908,29,295104,155701.0
2021-03-01,2021,202103,на Горького,Nuke,NK ice-4908,24,237288,128856.0
2021-04-01,2021,202104,на Горького,Nuke,NK ice-4908,44,488136,236236.0
2021-05-01,2021,202105,на Горького,Nuke,NK ice-4908,55,619300,295295.0
2021-06-01,2021,202106,на Горького,Nuke,NK ice-4908,53,558408,284557.0
2021-07-01,2021,202107,на Горького,Nuke,NK ice-4908,55,456830,295295.0
2021-08-01,2021,202108,на Горького,Nuke,NK ice-4908,47,448850,252343.0
2021-09-01,2021,202109,на Горького,Nuke,NK ice-4908,50,476900,268450.0
2021-10-01,2021,202110,на Горького,Nuke,NK ice-4908,41,432468,220129.0
2021-11-01,2021,202111,на Горького,Nuke,NK ice-4908,29,305573,155701.0
2021-12-01,2021,202112,на Горького,Nuke,NK ice-4908,35,338345,187915.0
2022-01-01,2022,202201,на Горького,Nuke,NK ice-4908,51,540651,273819.0
2022-02-01,2022,202202,на Горького,Nuke,NK ice-4908,32,321536,171808.0
2022-03-01,2022,202203,на Горького,Nuke,NK ice-4908,26,259142,139594.0
2022-04-01,2022,202204,на Горького,Nuke,NK ice-4908,48,537696,257712.0
2022-05-01,2022,202205,на Горького,Nuke,NK ice-4908,61,682529,327509.0
2022-06-01,2022,202206,на Горького,Nuke,NK ice-4908,58,597458,311402.0
2022-07-01,2022,202207,на Горького,Nuke,NK ice-4908,61,535885,327509.0
2022-08-01,2022,202208,на Горького,Nuke,NK ice-4908,51,504747,273819.0
2022-09-01,2022,202209,на Горького,Nuke,NK ice-4908,55,564190,295295.0
2022-10-01,2022,202210,на Горького,Nuke,NK ice-4908,45,490950,241605.0
2022-11-01,2022,202211,на Горького,Nuke,NK ice-4908,32,323264,171808.0
2022-12-01,2022,202212,на Горького,Nuke,NK ice-4908,39,404040,209391.0
2021-01-01,2021,202101,на Горького,Nuke,NK ai-2826,33,394944,181500.0
2021-02-01,2021,202102,на Горького,Nuke,NK ai-2826,21,259245,115500.0
2021-03-01,2021,202103,на Горького,Nuke,NK ai-2826,17,192950,93500.0
2021-04-01,2021,202104,на Горького,Nuke,NK ai-2826,31,387252,170500.0
2021-05-01,2021,202105,на Горького,Nuke,NK ai-2826,40,529280,220000.0
2021-06-01,2021,202106,на Горького,Nuke,NK ai-2826,38,467172,209000.0
2021-07-01,2021,202107,на Горького,Nuke,NK ai-2826,40,421520,220000.0
2021-08-01,2021,202108,на Горького,Nuke,NK ai-2826,33,396363,181500.0
2021-09-01,2021,202109,на Горького,Nuke,NK ai-2826,35,396130,192500.0
2021-10-01,2021,202110,на Горького,Nuke,NK ai-2826,29,364762,159500.0
2021-11-01,2021,202111,на Горького,Nuke,NK ai-2826,21,258384,115500.0
2021-12-01,2021,202112,на Горького,Nuke,NK ai-2826,25,305450,137500.0
2022-01-01,2022,202201,на Горького,Nuke,NK ai-2826,37,449920,203500.0
2022-02-01,2022,202202,на Горького,Nuke,NK ai-2826,23,276920,126500.0
2022-03-01,2022,202203,на Горького,Nuke,NK ai-2826,19,233358,104500.0
2022-04-01,2022,202204,на Горького,Nuke,NK ai-2826,34,431222,187000.0
2022-05-01,2022,202205,на Горького,Nuke,NK ai-2826,44,555676,242000.0
2022-06-01,2022,202206,на Горького,Nuke,NK ai-2826,41,525415,225500.0
2022-07-01,2022,202207,на Горького,Nuke,NK ai-2826,44,467324,242000.0
2022-08-01,2022,202208,на Горького,Nuke,NK ai-2826,37,445369,203500.0
2022-09-01,2022,202209,на Горького,Nuke,NK ai-2826,39,440427,214500.0
2022-10-01,2022,202210,на Горького,Nuke,NK ai-2826,32,387584,176000.0
2022-11-01,2022,202211,на Горького,Nuke,NK ai-2826,23,287799,126500.0
2022-12-01,2022,202212,на Горького,Nuke,NK ai-2826,28,342104,154000.0
2021-01-01,2021,202101,на Горького,Rubok,RB air-7636,11,41712,16632.0
2021-02-01,2021,202102,на Горького,Rubok,RB air-7636,7,32396,10584.0
2021-03-01,2021,202103,на Горького,Rubok,RB air-7636,6,18414,9072.0
2021-04-01,2021,202104,на Горького,Rubok,RB air-7636,10,40850,15120.0
2021-05-01,2021,202105,на Горького,Rubok,RB air-7636,12,64932,18144.0
2021-06-01,2021,202106,на Горького,Rubok,RB air-7636,12,44340,18144.0
2021-07-01,2021,202107,на Горького,Rubok,RB air-7636,12,33552,18144.0
2021-08-01,2021,202108,на Горького,Rubok,RB air-7636,11,43153,16632.0
2021-09-01,2021,202109,на Горького,Rubok,RB air-7636,11,44858,16632.0
2021-10-01,2021,202110,на Горького,Rubok,RB air-7636,9,33714,13608.0
2021-11-01,2021,202111,на Горького,Rubok,RB air-7636,7,28658,10584.0
2021-12-01,2021,202112,на Горького,Rubok,RB air-7636,8,33128,12096.0
2022-01-01,2022,202201,на Горького,Rubok,RB air-7636,12,51960,18144.0
2022-02-01,2022,202202,на Горького,Rubok,RB air-7636,7,30744,10584.0
2022-03-01,2022,202203,на Горького,Rubok,RB air-7636,6,19380,9072.0
2022-04-01,2022,202204,на Горького,Rubok,RB air-7636,11,54692,16632.0
2022-05-01,2022,202205,на Горького,Rubok,RB air-7636,14,67172,21168.0
2022-06-01,2022,202206,на Горького,Rubok,RB air-7636,13,57434,19656.0
2022-07-01,2022,202207,на Горького,Rubok,RB air-7636,14,43344,21168.0
2022-08-01,2022,202208,на Горького,Rubok,RB air-7636,12,48996,18144.0
2022-09-01,2022,202209,на Горького,Rubok,RB air-7636,12,47016,18144.0
2022-10-01,2022,202210,на Горького,Rubok,RB air-7636,10,39650,15120.0
2022-11-01,2022,202211,на Горького,Rubok,RB air-7636,7,25837,10584.0
2022-12-01,2022,202212,на Горького,Rubok,RB air-7636,9,28179,13608.0
2021-01-01,2021,202101,на Горького,Rubok,RB grou-5163,13,45669,10166.0
2021-02-01,2021,202102,на Горького,Rubok,RB grou-5163,8,24440,6256.0
2021-03-01,2021,202103,на Горького,Rubok,RB grou-5163,7,18886,5474.0
2021-04-01,2021,202104,на Горького,Rubok,RB grou-5163,12,43836,9384.0
2021-05-01,2021,202105,на Горького,Rubok,RB grou-5163,15,52065,11730.0
2021-06-01,2021,202106,на Горького,Rubok,RB grou-5163,14,43722,10948.0
2021-07-01,2021,202107,на Горького,Rubok,RB grou-5163,15,26235,11730.0
2021-08-01,2021,202108,на Горького,Rubok,RB grou-5163,13,31044,10166.0
2021-09-01,2021,202109,на Горького,Rubok,RB grou-5163,14,31584,10948.0
2021-10-01,2021,202110,на Горького,Rubok,RB grou-5163,11,30250,8602.0
2021-11-01,2021,202111,на Горького,Rubok,RB grou-5163,8,26920,6256.0
2021-12-01,2021,202112,на Горького,Rubok,RB grou-5163,10,21790,7820.0
2022-01-01,2022,202201,на Горького,Rubok,RB grou-5163,14,36820,10948.0
2022-02-01,2022,202202,на Горького,Rubok,RB grou-5163,9,26370,7038.0
2022-03-01,2022,202203,на Горького,Rubok,RB grou-5163,7,13965,5474.0
2022-04-01,2022,202204,на Горького,Rubok,RB grou-5163,13,41210,10166.0
2022-05-01,2022,202205,на Горького,Rubok,RB grou-5163,17,54978,13294.0
2022-06-01,2022,202206,на Горького,Rubok,RB grou-5163,16,48448,12512.0
2022-07-01,2022,202207,на Горького,Rubok,RB grou-5163,17,19176,13294.0
2022-08-01,2022,202208,на Горького,Rubok,RB grou-5163,14,36274,10948.0
2022-09-01,2022,202209,на Горького,Rubok,RB grou-5163,15,27825,11730.0
2022-10-01,2022,202210,на Горького,Rubok,RB grou-5163,12,34956,9384.0
2022-11-01,2022,202211,на Горького,Rubok,RB grou-5163,9,27909,7038.0
2022-12-01,2022,202212,на Горького,Rubok,RB grou-5163,11,27995,8602.0
2021-01-01,2021,202101,на Горького,Rubok,RB gre-1678,12,55632,21000.0
2021-02-01,2021,202102,на Горького,Rubok,RB gre-1678,7,33894,12250.0
2021-03-01,2021,202103,на Горького,Rubok,RB gre-1678,6,26916,10500.0
2021-04-01,2021,202104,на Горького,Rubok,RB gre-1678,11,54417,19250.0
2021-05-01,2021,202105,на Горького,Rubok,RB gre-1678,14,81452,24500.0
2021-06-01,2021,202106,на Горького,Rubok,RB gre-1678,13,69576,22750.0
2021-07-01,2021,202107,на Горького,Rubok,RB gre-1678,14,41608,24500.0
2021-08-01,2021,202108,на Горького,Rubok,RB gre-1678,12,52944,21000.0
2021-09-01,2021,202109,на Горького,Rubok,RB gre-1678,12,55596,21000.0
2021-10-01,2021,202110,на Горького,Rubok,RB gre-1678,10,50380,17500.0
2021-11-01,2021,202111,на Горького,Rubok,RB gre-1678,7,29862,12250.0
2021-12-01,2021,202112,на Горького,Rubok,RB gre-1678,9,41796,15750.0
2022-01-01,2022,202201,на Горького,Rubok,RB gre-1678,13,69706,22750.0
2022-02-01,2022,202202,на Горького,Rubok,RB gre-1678,8,37264,14000.0
2022-03-01,2022,202203,на Горького,Rubok,RB gre-1678,7,29771,12250.0
2022-04-01,2022,202204,на Горького,Rubok,RB gre-1678,12,66492,21000.0
2022-05-01,2022,202205,на Горького,Rubok,RB gre-1678,15,80865,26250.0
2022-06-01,2022,202206,на Горького,Rubok,RB gre-1678,14,71820,24500.0
2022-07-01,2022,202207,на Горького,Rubok,RB gre-1678,15,51390,26250.0
2022-08-01,2022,202208,на Горького,Rubok,RB gre-1678,13,47333,22750.0
2022-09-01,2022,202209,на Горького,Rubok,RB gre-1678,14,54110,24500.0
2022-10-01,2022,202210,на Горького,Rubok,RB gre-1678,11,54043,19250.0
2022-11-01,2022,202211,на Горького,Rubok,RB gre-1678,8,37856,14000.0
2022-12-01,2022,202212,на Горького,Rubok,RB gre-1678,10,46610,17500.0
2021-01-01,2021,202101,на Горького,Rubok,RB earth-5369,11,51788,27720.0
2021-02-01,2021,202102,на Горького,Rubok,RB earth-5369,7,40320,17640.0
2021-03-01,2021,202103,на Горького,Rubok,RB earth-5369,6,29424,15120.0
2021-04-01,2021,202104,на Горького,Rubok,RB earth-5369,10,57620,25200.0
2021-05-01,2021,202105,на Горького,Rubok,RB earth-5369,12,70560,30240.0
2021-06-01,2021,202106,на Горького,Rubok,RB earth-5369,12,62484,30240.0
2021-07-01,2021,202107,на Горького,Rubok,RB earth-5369,12,41892,30240.0
2021-08-01,2021,202108,на Горького,Rubok,RB earth-5369,11,49291,27720.0
2021-09-01,2021,202109,на Горького,Rubok,RB earth-5369,11,52844,27720.0
2021-10-01,2021,202110,на Горького,Rubok,RB earth-5369,9,54315,22680.0
2021-11-01,2021,202111,на Горького,Rubok,RB earth-5369,7,40306,17640.0
2021-12-01,2021,202112,на Горького,Rubok,RB earth-5369,8,34776,20160.0
2022-01-01,2022,202201,на Горького,Rubok,RB earth-5369,12,62052,30240.0
2022-02-01,2022,202202,на Горького,Rubok,RB earth-5369,7,39585,17640.0
2022-03-01,2022,202203,на Горького,Rubok,RB earth-5369,6,27732,15120.0
2022-04-01,2022,202204,на Горького,Rubok,RB earth-5369,11,70345,27720.0
2022-05-01,2022,202205,на Горького,Rubok,RB earth-5369,14,85946,35280.0
2022-06-01,2022,202206,на Горького,Rubok,RB earth-5369,13,67951,32760.0
2022-07-01,2022,202207,на Горького,Rubok,RB earth-5369,14,52332,35280.0
2022-08-01,2022,202208,на Горького,Rubok,RB earth-5369,12,54888,30240.0
2022-09-01,2022,202209,на Горького,Rubok,RB earth-5369,12,63612,30240.0
2022-10-01,2022,202210,на Горького,Rubok,RB earth-5369,10,56150,25200.0
2022-11-01,2022,202211,на Горького,Rubok,RB earth-5369,7,37968,17640.0
2022-12-01,2022,202212,на Горького,Rubok,RB earth-5369,9,38565,22680.0
2021-01-01,2021,202101,на Горького,Rubok,RB ais-8935,13,42419,12012.0
2021-02-01,2021,202102,на Горького,Rubok,RB ais-8935,9,30969,8316.0
2021-03-01,2021,202103,на Горького,Rubok,RB ais-8935,7,20748,6468.0
2021-04-01,2021,202104,на Горького,Rubok,RB ais-8935,13,48763,12012.0
2021-05-01,2021,202105,на Горького,Rubok,RB ais-8935,16,62928,14784.0
2021-06-01,2021,202106,на Горького,Rubok,RB ais-8935,15,48690,13860.0
2021-07-01,2021,202107,на Горького,Rubok,RB ais-8935,16,20720,14784.0
2021-08-01,2021,202108,на Горького,Rubok,RB ais-8935,13,38090,12012.0
2021-09-01,2021,202109,на Горького,Rubok,RB ais-8935,14,46914,12936.0
2021-10-01,2021,202110,на Горького,Rubok,RB ais-8935,12,45252,11088.0
2021-11-01,2021,202111,на Горького,Rubok,RB ais-8935,9,25920,8316.0
2021-12-01,2021,202112,на Горького,Rubok,RB ais-8935,10,26740,9240.0
2022-01-01,2022,202201,на Горького,Rubok,RB ais-8935,15,54075,13860.0
2022-02-01,2022,202202,на Горького,Rubok,RB ais-8935,9,34605,8316.0
2022-03-01,2022,202203,на Горького,Rubok,RB ais-8935,8,22536,7392.0
2022-04-01,2022,202204,на Горького,Rubok,RB ais-8935,14,52710,12936.0
2022-05-01,2022,202205,на Горького,Rubok,RB ais-8935,17,70635,15708.0
2022-06-01,2022,202206,на Горького,Rubok,RB ais-8935,16,58080,14784.0
2022-07-01,2022,202207,на Горького,Rubok,RB ais-8935,17,27608,15708.0
2022-08-01,2022,202208,на Горького,Rubok,RB ais-8935,15,48465,13860.0
2022-09-01,2022,202209,на Горького,Rubok,RB ais-8935,16,53696,14784.0
2022-10-01,2022,202210,на Горького,Rubok,RB ais-8935,13,50934,12012.0
2022-11-01,2022,202211,на Горького,Rubok,RB ais-8935,9,35712,8316.0
2022-12-01,2022,202212,на Горького,Rubok,RB ais-8935,11,34034,10164.0
2021-01-01,2021,202101,на Горького,Rubok,RB ice-6256,11,45331,12012.0
2021-02-01,2021,202102,на Горького,Rubok,RB ice-6256,7,27993,7644.0
2021-03-01,2021,202103,на Горького,Rubok,RB ice-6256,6,18150,6552.0
2021-04-01,2021,202104,на Горького,Rubok,RB ice-6256,10,39180,10920.0
2021-05-01,2021,202105,на Горького,Rubok,RB ice-6256,13,52728,14196.0
2021-06-01,2021,202106,на Горького,Rubok,RB ice-6256,12,43356,13104.0
2021-07-01,2021,202107,на Горького,Rubok,RB ice-6256,13,28951,14196.0
2021-08-01,2021,202108,на Горького,Rubok,RB ice-6256,11,37378,12012.0
2021-09-01,2021,202109,на Горького,Rubok,RB ice-6256,11,41481,12012.0
2021-10-01,2021,202110,на Горького,Rubok,RB ice-6256,10,47200,10920.0
2021-11-01,2021,202111,на Горького,Rubok,RB ice-6256,7,23618,7644.0
2021-12-01,2021,202112,на Горького,Rubok,RB ice-6256,8,28576,8736.0
2022-01-01,2022,202201,на Горького,Rubok,RB ice-6256,12,44544,13104.0
2022-02-01,2022,202202,на Горького,Rubok,RB ice-6256,8,33448,8736.0
2022-03-01,2022,202203,на Горького,Rubok,RB ice-6256,6,18606,6552.0
2022-04-01,2022,202204,на Горького,Rubok,RB ice-6256,11,44231,12012.0
2022-05-01,2022,202205,на Горького,Rubok,RB ice-6256,14,63042,15288.0
2022-06-01,2022,202206,на Горького,Rubok,RB ice-6256,13,52871,14196.0
2022-07-01,2022,202207,на Горького,Rubok,RB ice-6256,14,32340,15288.0
2022-08-01,2022,202208,на Горького,Rubok,RB ice-6256,12,31992,13104.0
2022-09-01,2022,202209,на Горького,Rubok,RB ice-6256,13,40989,14196.0
2022-10-01,2022,202210,на Горького,Rubok,RB ice-6256,10,41140,10920.0
2022-11-01,2022,202211,на Горького,Rubok,RB ice-6256,8,31312,8736.0
2022-12-01,2022,202212,на Горького,Rubok,RB ice-6256,9,28899,9828.0
2021-01-01,2021,202101,на Горького,Rubok,RB ai-9349,14,44856,12236.0
2021-02-01,2021,202102,на Горького,Rubok,RB ai-9349,9,32805,7866.0
2021-03-01,2021,202103,на Горького,Rubok,RB ai-9349,7,15813,6118.0
2021-04-01,2021,202104,на Горького,Rubok,RB ai-9349,13,51103,11362.0
2021-05-01,2021,202105,на Горького,Rubok,RB ai-9349,16,64288,13984.0
2021-06-01,2021,202106,на Горького,Rubok,RB ai-9349,15,49470,13110.0
2021-07-01,2021,202107,на Горького,Rubok,RB ai-9349,16,24736,13984.0
2021-08-01,2021,202108,на Горького,Rubok,RB ai-9349,14,32074,12236.0
2021-09-01,2021,202109,на Горького,Rubok,RB ai-9349,15,37560,13110.0
2021-10-01,2021,202110,на Горького,Rubok,RB ai-9349,12,44688,10488.0
2021-11-01,2021,202111,на Горького,Rubok,RB ai-9349,9,30951,7866.0
2021-12-01,2021,202112,на Горького,Rubok,RB ai-9349,10,31440,8740.0
2022-01-01,2022,202201,на Горького,Rubok,RB ai-9349,15,41085,13110.0
2022-02-01,2022,202202,на Горького,Rubok,RB ai-9349,10,33120,8740.0
2022-03-01,2022,202203,на Горького,Rubok,RB ai-9349,8,23288,6992.0
2022-04-01,2022,202204,на Горького,Rubok,RB ai-9349,14,49966,12236.0
2022-05-01,2022,202205,на Горького,Rubok,RB ai-9349,18,72090,15732.0
2022-06-01,2022,202206,на Горького,Rubok,RB ai-9349,17,58786,14858.0
2022-07-01,2022,202207,на Горького,Rubok,RB ai-9349,18,24426,15732.0
2022-08-01,2022,202208,на Горького,Rubok,RB ai-9349,15,30075,13110.0
2022-09-01,2022,202209,на Горького,Rubok,RB ai-9349,16,37680,13984.0
2022-10-01,2022,202210,на Горького,Rubok,RB ai-9349,13,39351,11362.0
2022-11-01,2022,202211,на Горького,Rubok,RB ai-9349,10,29880,8740.0
2022-12-01,2022,202212,на Горького,Rubok,RB ai-9349,11,31383,9614.0
2021-01-01,2021,202101,на Ломоносова,Galosha,KA air-9558,85,942480,510000.0
2021-02-01,2021,202102,на Ломоносова,Galosha,KA air-9558,54,618894,324000.0
2021-03-01,2021,202103,на Ломоносова,Galosha,KA air-9558,43,482116,258000.0
2021-04-01,2021,202104,на Ломоносова,Galosha,KA air-9558,80,945040,480000.0
2021-05-01,2021,202105,на Ломоносова,Galosha,KA air-9558,101,1260076,606000.0
2021-06-01,2021,202106,на Ломоносова,Galosha,KA air-9558,96,1104960,576000.0
2021-07-01,2021,202107,на Ломоносова,Galosha,KA air-9558,101,1014646,606000.0
2021-08-01,2021,202108,на Ломоносова,Galosha,KA air-9558,85,884850,510000.0
2021-09-01,2021,202109,на Ломоносова,Galosha,KA air-9558,91,968513,546000.0
2021-10-01,2021,202110,на Ломоносова,Galosha,KA air-9558,75,877200,450000.0
2021-11-01,2021,202111,на Ломоносова,Galosha,KA air-9558,54,629964,324000.0
2021-12-01,2021,202112,на Ломоносова,Galosha,KA air-9558,64,693888,384000.0
2022-01-01,2022,202201,на Ломоносова,Galosha,KA air-9558,94,989256,564000.0
2022-02-01,2022,202202,на Ломоносова,Galosha,KA air-9558,59,653956,354000.0
2022-03-01,2022,202203,на Ломоносова,Galosha,KA air-9558,47,504075,282000.0
2022-04-01,2022,202204,на Ломоносова,Galosha,KA air-9558,88,1071224,528000.0
2022-05-01,2022,202205,на Ломоносова,Galosha,KA air-9558,111,1297146,666000.0
2022-06-01,2022,202206,на Ломоносова,Galosha,KA air-9558,106,1177978,636000.0
2022-07-01,2022,202207,на Ломоносова,Galosha,KA air-9558,111,1149294,666000.0
2022-08-01,2022,202208,на Ломоносова,Galosha,KA air-9558,94,987940,564000.0
2022-09-01,2022,202209,на Ломоносова,Galosha,KA air-9558,100,1077000,600000.0
2022-10-01,2022,202210,на Ломоносова,Galosha,KA air-9558,82,910938,492000.0
2022-11-01,2022,202211,на Ломоносова,Galosha,KA air-9558,59,663691,354000.0
2022-12-01,2022,202212,на Ломоносова,Galosha,KA air-9558,71,748766,426000.0
2021-01-01,2021,202101,на Ломоносова,Galosha,KA grou-7567,78,1000038,552240.0
2021-02-01,2021,202102,на Ломоносова,Galosha,KA grou-7567,49,680365,346920.0
2021-03-01,2021,202103,на Ломоносова,Galosha,KA grou-7567,39,503100,276120.0
2021-04-01,2021,202104,на Ломоносова,Galosha,KA grou-7567,73,1007108,516840.0
2021-05-01,2021,202105,на Ломоносова,Galosha,KA grou-7567,93,1304604,658440.0
2021-06-01,2021,202106,на Ломоносова,Galosha,KA grou-7567,88,1184392,623040.0
2021-07-01,2021,202107,на Ломоносова,Galosha,KA grou-7567,93,1121952,658440.0
2021-08-01,2021,202108,на Ломоносова,Galosha,KA grou-7567,78,981474,552240.0
2021-09-01,2021,202109,на Ломоносова,Galosha,KA grou-7567,83,1050780,587640.0
2021-10-01,2021,202110,на Ломоносова,Galosha,KA grou-7567,69,961653,488520.0
2021-11-01,2021,202111,на Ломоносова,Galosha,KA grou-7567,49,629797,346920.0
2021-12-01,2021,202112,на Ломоносова,Galosha,KA grou-7567,59,757855,417720.0
2022-01-01,2022,202201,на Ломоносова,Galosha,KA grou-7567,86,1101144,608880.0
2022-02-01,2022,202202,на Ломоносова,Galosha,KA grou-7567,54,702702,382320.0
2022-03-01,2022,202203,на Ломоносова,Galosha,KA grou-7567,43,555732,304440.0
2022-04-01,2022,202204,на Ломоносова,Galosha,KA grou-7567,81,1059156,573480.0
2022-05-01,2022,202205,на Ломоносова,Galosha,KA grou-7567,102,1484916,722160.0
2022-06-01,2022,202206,на Ломоносова,Galosha,KA grou-7567,97,1288839,686760.0
2022-07-01,2022,202207,на Ломоносова,Galosha,KA grou-7567,102,1149642,722160.0
2022-08-01,2022,202208,на Ломоносова,Galosha,KA grou-7567,86,1056768,608880.0
2022-09-01,2022,202209,на Ломоносова,Galosha,KA grou-7567,91,1188187,644280.0
2022-10-01,2022,202210,на Ломоносова,Galosha,KA grou-7567,75,1037175,531000.0
2022-11-01,2022,202211,на Ломоносова,Galosha,KA grou-7567,54,711612,382320.0
2022-12-01,2022,202212,на Ломоносова,Galosha,KA grou-7567,65,807820,460200.0
2021-01-01,2021,202101,на Ломоносова,Galosha,KA gre-2749,78,2013804,819000.0
2021-02-01,2021,202102,на Ломоносова,Galosha,KA gre-2749,49,1305017,514500.0
2021-03-01,2021,202103,на Ломоносова,Galosha,KA gre-2749,39,1010061,409500.0
2021-04-01,2021,202104,на Ломоносова,Galosha,KA gre-2749,73,1934208,766500.0
2021-05-01,2021,202105,на Ломоносова,Galosha,KA gre-2749,93,2516115,976500.0
2021-06-01,2021,202106,на Ломоносова,Galosha,KA gre-2749,88,2284480,924000.0
2021-07-01,2021,202107,на Ломоносова,Galosha,KA gre-2749,93,2296728,976500.0
2021-08-01,2021,202108,на Ломоносова,Galosha,KA gre-2749,78,2035644,819000.0
2021-09-01,2021,202109,на Ломоносова,Galosha,KA gre-2749,83,2096331,871500.0
2021-10-01,2021,202110,на Ломоносова,Galosha,KA gre-2749,69,1806696,724500.0
2021-11-01,2021,202111,на Ломоносова,Galosha,KA gre-2749,49,1254008,514500.0
2021-12-01,2021,202112,на Ломоносова,Galosha,KA gre-2749,59,1488275,619500.0
2022-01-01,2022,202201,на Ломоносова,Galosha,KA gre-2749,86,2263778,903000.0
2022-02-01,2022,202202,на Ломоносова,Galosha,KA gre-2749,54,1410858,567000.0
2022-03-01,2022,202203,на Ломоносова,Galosha,KA gre-2749,43,1123203,451500.0
2022-04-01,2022,202204,на Ломоносова,Galosha,KA gre-2749,81,2147553,850500.0
2022-05-01,2022,202205,на Ломоносова,Galosha,KA gre-2749,102,2760732,1071000.0
2022-06-01,2022,202206,на Ломоносова,Galosha,KA gre-2749,97,2615411,1018500.0
2022-07-01,2022,202207,на Ломоносова,Galosha,KA gre-2749,102,2582436,1071000.0
2022-08-01,2022,202208,на Ломоносова,Galosha,KA gre-2749,86,2205642,903000.0
2022-09-01,2022,202209,на Ломоносова,Galosha,KA gre-2749,91,2405312,955500.0
2022-10-01,2022,202210,на Ломоносова,Galosha,KA gre-2749,75,2019450,787500.0
2022-11-01,2022,202211,на Ломоносова,Galosha,KA gre-2749,54,1396602,567000.0
2022-12-01,2022,202212,на Ломоносова,Galosha,KA gre-2749,65,1707355,682500.0
2021-01-01,2021,202101,на Ломоносова,Galosha,KA earth-3018,85,1591370,635800.0
2021-02-01,2021,202102,на Ломоносова,Galosha,KA earth-3018,53,982355,396440.0
2021-03-01,2021,202103,на Ломоносова,Galosha,KA earth-3018,43,765314,321640.0
2021-04-01,2021,202104,на Ломоносова,Galosha,KA earth-3018,79,1499499,590920.0
2021-05-01,2021,202105,на Ломоносова,Galosha,KA earth-3018,101,1870015,755480.0
2021-06-01,2021,202106,на Ломоносова,Galosha,KA earth-3018,95,1789990,710600.0
2021-07-01,2021,202107,на Ломоносова,Galosha,KA earth-3018,101,1710435,755480.0
2021-08-01,2021,202108,на Ломоносова,Galosha,KA earth-3018,85,1543345,635800.0
2021-09-01,2021,202109,на Ломоносова,Galosha,KA earth-3018,90,1598400,673200.0
2021-10-01,2021,202110,на Ломоносова,Galosha,KA earth-3018,74,1373884,553520.0
2021-11-01,2021,202111,на Ломоносова,Galosha,KA earth-3018,53,1000958,396440.0
2021-12-01,2021,202112,на Ломоносова,Galosha,KA earth-3018,64,1147904,478720.0
2022-01-01,2022,202201,на Ломоносова,Galosha,KA earth-3018,93,1714362,695640.0
2022-02-01,2022,202202,на Ломоносова,Galosha,KA earth-3018,58,1035126,433840.0
2022-03-01,2022,202203,на Ломоносова,Galosha,KA earth-3018,47,809575,351560.0
2022-04-01,2022,202204,на Ломоносова,Galosha,KA earth-3018,87,1597233,650760.0
2022-05-01,2022,202205,на Ломоносова,Galosha,KA earth-3018,111,2094015,830280.0
2022-06-01,2022,202206,на Ломоносова,Galosha,KA earth-3018,105,1925280,785400.0
2022-07-01,2022,202207,на Ломоносова,Galosha,KA earth-3018,111,1866576,830280.0
2022-08-01,2022,202208,на Ломоносова,Galosha,KA earth-3018,93,1606854,695640.0
2022-09-01,2022,202209,на Ломоносова,Galosha,KA earth-3018,99,1828530,740520.0
2022-10-01,2022,202210,на Ломоносова,Galosha,KA earth-3018,82,1497484,613360.0
2022-11-01,2022,202211,на Ломоносова,Galosha,KA earth-3018,58,1093938,433840.0
2022-12-01,2022,202212,на Ломоносова,Galosha,KA earth-3018,70,1220450,523600.0
2021-01-01,2021,202101,на Ломоносова,Galosha,KA ais-3700,66,2064876,1108800.0
2021-02-01,2021,202102,на Ломоносова,Galosha,KA ais-3700,41,1311221,688800.0
2021-03-01,2021,202103,на Ломоносова,Galosha,KA ais-3700,33,1012374,554400.0
2021-04-01,2021,202104,на Ломоносова,Galosha,KA ais-3700,62,1969492,1041600.0
2021-05-01,2021,202105,на Ломоносова,Galosha,KA ais-3700,78,2495142,1310400.0
2021-06-01,2021,202106,на Ломоносова,Galosha,KA ais-3700,74,2343432,1243200.0
2021-07-01,2021,202107,на Ломоносова,Galosha,KA ais-3700,78,2309658,1310400.0
2021-08-01,2021,202108,на Ломоносова,Galosha,KA ais-3700,66,2008314,1108800.0
2021-09-01,2021,202109,на Ломоносова,Galosha,KA ais-3700,70,2132620,1176000.0
2021-10-01,2021,202110,на Ломоносова,Galosha,KA ais-3700,58,1805134,974400.0
2021-11-01,2021,202111,на Ломоносова,Galosha,KA ais-3700,41,1267228,688800.0
2021-12-01,2021,202112,на Ломоносова,Galosha,KA ais-3700,50,1532950,840000.0
2022-01-01,2022,202201,на Ломоносова,Galosha,KA ais-3700,73,2308552,1226400.0
2022-02-01,2022,202202,на Ломоносова,Galosha,KA ais-3700,46,1460914,772800.0
2022-03-01,2022,202203,на Ломоносова,Galosha,KA ais-3700,37,1161134,621600.0
2022-04-01,2022,202204,на Ломоносова,Galosha,KA ais-3700,68,2167364,1142400.0
2022-05-01,2022,202205,на Ломоносова,Galosha,KA ais-3700,86,2762062,1444800.0
2022-06-01,2022,202206,на Ломоносова,Galosha,KA ais-3700,82,2616538,1377600.0
2022-07-01,2022,202207,на Ломоносова,Galosha,KA ais-3700,86,2597716,1444800.0
2022-08-01,2022,202208,на Ломоносова,Galosha,KA ais-3700,73,2223069,1226400.0
2022-09-01,2022,202209,на Ломоносова,Galosha,KA ais-3700,77,2374680,1293600.0
2022-10-01,2022,202210,на Ломоносова,Galosha,KA ais-3700,64,2008960,1075200.0
2022-11-01,2022,202211,на Ломоносова,Galosha,KA ais-3700,46,1431658,772800.0
2022-12-01,2022,202212,на Ломоносова,Galosha,KA ais-3700,55,1714350,924000.0
2021-01-01,2021,202101,на Ломоносова,Galosha,KA ice-7591,63,1043028,387450.0
2021-02-01,2021,202102,на Ломоносова,Galosha,KA ice-7591,40,681440,246000.0
2021-03-01,2021,202103,на Ломоносова,Galosha,KA ice-7591,32,503008,196800.0
2021-04-01,2021,202104,на Ломоносова,Galosha,KA ice-7591,59,991495,362850.0
2021-05-01,2021,202105,на Ломоносова,Galosha,KA ice-7591,75,1254525,461250.0
2021-06-01,2021,202106,на Ломоносова,Galosha,KA ice-7591,71,1151549,436650.0
2021-07-01,2021,202107,на Ломоносова,Galosha,KA ice-7591,75,1158750,461250.0
2021-08-01,2021,202108,на Ломоносова,Galosha,KA ice-7591,63,1019844,387450.0
2021-09-01,2021,202109,на Ломоносова,Galosha,KA ice-7591,67,1043793,412050.0
2021-10-01,2021,202110,на Ломоносова,Galosha,KA ice-7591,55,890340,338250.0
2021-11-01,2021,202111,на Ломоносова,Galosha,KA ice-7591,40,633120,246000.0
2021-12-01,2021,202112,на Ломоносова,Galosha,KA ice-7591,47,744010,289050.0
2022-01-01,2022,202201,на Ломоносова,Galosha,KA ice-7591,69,1140156,424350.0
2022-02-01,2022,202202,на Ломоносова,Galosha,KA ice-7591,44,719180,270600.0
2022-03-01,2022,202203,на Ломоносова,Galosha,KA ice-7591,35,562625,215250.0
2022-04-01,2022,202204,на Ломоносова,Galosha,KA ice-7591,65,1083940,399750.0
2022-05-01,2022,202205,на Ломоносова,Galosha,KA ice-7591,82,1409744,504300.0
2022-06-01,2022,202206,на Ломоносова,Galosha,KA ice-7591,78,1245270,479700.0
2022-07-01,2022,202207,на Ломоносова,Galosha,KA ice-7591,82,1194904,504300.0
2022-08-01,2022,202208,на Ломоносова,Galosha,KA ice-7591,69,1041348,424350.0
2022-09-01,2022,202209,на Ломоносова,Galosha,KA ice-7591,74,1215894,455100.0
2022-10-01,2022,202210,на Ломоносова,Galosha,KA ice-7591,61,1035597,375150.0
2022-11-01,2022,202211,на Ломоносова,Galosha,KA ice-7591,44,709148,270600.0
2022-12-01,2022,202212,на Ломоносова,Galosha,KA ice-7591,52,825760,319800.0
2021-01-01,2021,202101,на Ломоносова,Galosha,KA ai-2818,83,968029,365200.0
2021-02-01,2021,202102,на Ломоносова,Galosha,KA ai-2818,52,651976,228800.0
2021-03-01,2021,202103,на Ломоносова,Galosha,KA ai-2818,42,491232,184800.0
2021-04-01,2021,202104,на Ломоносова,Galosha,KA ai-2818,77,984907,338800.0
2021-05-01,2021,202105,на Ломоносова,Galosha,KA ai-2818,98,1240190,431200.0
2021-06-01,2021,202106,на Ломоносова,Galosha,KA ai-2818,93,1096005,409200.0
2021-07-01,2021,202107,на Ломоносова,Galosha,KA ai-2818,98,1094268,431200.0
2021-08-01,2021,202108,на Ломоносова,Galosha,KA ai-2818,83,991269,365200.0
2021-09-01,2021,202109,на Ломоносова,Galosha,KA ai-2818,88,1038664,387200.0
2021-10-01,2021,202110,на Ломоносова,Galosha,KA ai-2818,72,924480,316800.0
2021-11-01,2021,202111,на Ломоносова,Galosha,KA ai-2818,52,647920,228800.0
2021-12-01,2021,202112,на Ломоносова,Galosha,KA ai-2818,62,729368,272800.0
2022-01-01,2022,202201,на Ломоносова,Galosha,KA ai-2818,91,1126853,400400.0
2022-02-01,2022,202202,на Ломоносова,Galosha,KA ai-2818,57,695400,250800.0
2022-03-01,2022,202203,на Ломоносова,Galosha,KA ai-2818,46,527022,202400.0
2022-04-01,2022,202204,на Ломоносова,Galosha,KA ai-2818,85,1133900,374000.0
2022-05-01,2022,202205,на Ломоносова,Galosha,KA ai-2818,108,1392876,475200.0
2022-06-01,2022,202206,на Ломоносова,Galosha,KA ai-2818,102,1320084,448800.0
2022-07-01,2022,202207,на Ломоносова,Galosha,KA ai-2818,108,1131516,475200.0
2022-08-01,2022,202208,на Ломоносова,Galosha,KA ai-2818,91,1084538,400400.0
2022-09-01,2022,202209,на Ломоносова,Galosha,KA ai-2818,96,1135104,422400.0
2022-10-01,2022,202210,на Ломоносова,Galosha,KA ai-2818,80,972880,352000.0
2022-11-01,2022,202211,на Ломоносова,Galosha,KA ai-2818,57,675336,250800.0
2022-12-01,2022,202212,на Ломоносова,Galosha,KA ai-2818,68,773636,299200.0
2021-01-01,2021,202101,на Ломоносова,Babidas,BA air-5353,42,205506,76146.0
2021-02-01,2021,202102,на Ломоносова,Babidas,BA air-5353,26,144326,47138.0
2021-03-01,2021,202103,на Ломоносова,Babidas,BA air-5353,21,98868,38073.0
2021-04-01,2021,202104,на Ломоносова,Babidas,BA air-5353,39,202995,70707.0
2021-05-01,2021,202105,на Ломоносова,Babidas,BA air-5353,50,282050,90650.0
2021-06-01,2021,202106,на Ломоносова,Babidas,BA air-5353,47,231052,85211.0
2021-07-01,2021,202107,на Ломоносова,Babidas,BA air-5353,50,158750,90650.0
2021-08-01,2021,202108,на Ломоносова,Babidas,BA air-5353,42,193116,76146.0
2021-09-01,2021,202109,на Ломоносова,Babidas,BA air-5353,44,193160,79772.0
2021-10-01,2021,202110,на Ломоносова,Babidas,BA air-5353,37,199208,67081.0
2021-11-01,2021,202111,на Ломоносова,Babidas,BA air-5353,26,119158,47138.0
2021-12-01,2021,202112,на Ломоносова,Babidas,BA air-5353,32,141120,58016.0
2022-01-01,2022,202201,на Ломоносова,Babidas,BA air-5353,46,216706,83398.0
2022-02-01,2022,202202,на Ломоносова,Babidas,BA air-5353,29,142013,52577.0
2022-03-01,2022,202203,на Ломоносова,Babidas,BA air-5353,23,107410,41699.0
2022-04-01,2022,202204,на Ломоносова,Babidas,BA air-5353,43,206056,77959.0
2022-05-01,2022,202205,на Ломоносова,Babidas,BA air-5353,55,312290,99715.0
2022-06-01,2022,202206,на Ломоносова,Babidas,BA air-5353,52,227032,94276.0
2022-07-01,2022,202207,на Ломоносова,Babidas,BA air-5353,55,181555,99715.0
2022-08-01,2022,202208,на Ломоносова,Babidas,BA air-5353,46,231564,83398.0
2022-09-01,2022,202209,на Ломоносова,Babidas,BA air-5353,49,207956,88837.0
2022-10-01,2022,202210,на Ломоносова,Babidas,BA air-5353,40,197520,72520.0
2022-11-01,2022,202211,на Ломоносова,Babidas,BA air-5353,29,150713,52577.0
2022-12-01,2022,202212,на Ломоносова,Babidas,BA air-5353,35,170100,63455.0
2021-01-01,2021,202101,на Ломоносова,Babidas,BA grou-9248,33,134211,37950.0
2021-02-01,2021,202102,на Ломоносова,Babidas,BA grou-9248,21,86709,24150.0
2021-03-01,2021,202103,на Ломоносова,Babidas,BA grou-9248,17,58225,19550.0
2021-04-01,2021,202104,на Ломоносова,Babidas,BA grou-9248,31,121303,35650.0
2021-05-01,2021,202105,на Ломоносова,Babidas,BA grou-9248,39,178581,44850.0
2021-06-01,2021,202106,на Ломоносова,Babidas,BA grou-9248,37,138195,42550.0
2021-07-01,2021,202107,на Ломоносова,Babidas,BA grou-9248,39,85293,44850.0
2021-08-01,2021,202108,на Ломоносова,Babidas,BA grou-9248,33,109626,37950.0
2021-09-01,2021,202109,на Ломоносова,Babidas,BA grou-9248,35,116795,40250.0
2021-10-01,2021,202110,на Ломоносова,Babidas,BA grou-9248,29,110664,33350.0
2021-11-01,2021,202111,на Ломоносова,Babidas,BA grou-9248,21,85281,24150.0
2021-12-01,2021,202112,на Ломоносова,Babidas,BA grou-9248,25,82400,28750.0
2022-01-01,2022,202201,на Ломоносова,Babidas,BA grou-9248,36,129780,41400.0
2022-02-01,2022,202202,на Ломоносова,Babidas,BA grou-9248,23,106283,26450.0
2022-03-01,2022,202203,на Ломоносова,Babidas,BA grou-9248,18,63054,20700.0
2022-04-01,2022,202204,на Ломоносова,Babidas,BA grou-9248,34,153238,39100.0
2022-05-01,2022,202205,на Ломоносова,Babidas,BA grou-9248,43,206873,49450.0
2022-06-01,2022,202206,на Ломоносова,Babidas,BA grou-9248,41,158711,47150.0
2022-07-01,2022,202207,на Ломоносова,Babidas,BA grou-9248,43,110940,49450.0
2022-08-01,2022,202208,на Ломоносова,Babidas,BA grou-9248,36,125316,41400.0
2022-09-01,2022,202209,на Ломоносова,Babidas,BA grou-9248,38,120080,43700.0
2022-10-01,2022,202210,на Ломоносова,Babidas,BA grou-9248,32,148256,36800.0
2022-11-01,2022,202211,на Ломоносова,Babidas,BA grou-9248,23,95887,26450.0
2022-12-01,2022,202212,на Ломоносова,Babidas,BA grou-9248,27,101898,31050.0
2021-01-01,2021,202101,на Ломоносова,Babidas,BA gre-3658,42,188664,56028.0
2021-02-01,2021,202102,на Ломоносова,Babidas,BA gre-3658,27,133299,36018.0
2021-03-01,2021,202103,на Ломоносова,Babidas,BA gre-3658,21,87234,28014.0
2021-04-01,2021,202104,на Ломоносова,Babidas,BA gre-3658,40,182120,53360.0
2021-05-01,2021,202105,на Ломоносова,Babidas,BA gre-3658,50,254950,66700.0
2021-06-01,2021,202106,на Ломоносова,Babidas,BA gre-3658,47,215824,62698.0
2021-07-01,2021,202107,на Ломоносова,Babidas,BA gre-3658,50,143050,66700.0
2021-08-01,2021,202108,на Ломоносова,Babidas,BA gre-3658,42,134610,56028.0
2021-09-01,2021,202109,на Ломоносова,Babidas,BA gre-3658,45,149670,60030.0
2021-10-01,2021,202110,на Ломоносова,Babidas,BA gre-3658,37,168905,49358.0
2021-11-01,2021,202111,на Ломоносова,Babidas,BA gre-3658,27,112725,36018.0
2021-12-01,2021,202112,на Ломоносова,Babidas,BA gre-3658,32,121216,42688.0
2022-01-01,2022,202201,на Ломоносова,Babidas,BA gre-3658,46,188002,61364.0
2022-02-01,2022,202202,на Ломоносова,Babidas,BA gre-3658,29,127600,38686.0
2022-03-01,2022,202203,на Ломоносова,Babidas,BA gre-3658,23,87653,30682.0
2022-04-01,2022,202204,на Ломоносова,Babidas,BA gre-3658,44,198484,58696.0
2022-05-01,2022,202205,на Ломоносова,Babidas,BA gre-3658,55,227865,73370.0
2022-06-01,2022,202206,на Ломоносова,Babidas,BA gre-3658,52,230464,69368.0
2022-07-01,2022,202207,на Ломоносова,Babidas,BA gre-3658,55,165110,73370.0
2022-08-01,2022,202208,на Ломоносова,Babidas,BA gre-3658,46,144164,61364.0
2022-09-01,2022,202209,на Ломоносова,Babidas,BA gre-3658,49,210945,65366.0
2022-10-01,2022,202210,на Ломоносова,Babidas,BA gre-3658,41,176505,54694.0
2022-11-01,2022,202211,на Ломоносова,Babidas,BA gre-3658,29,120495,38686.0
2022-12-01,2022,202212,на Ломоносова,Babidas,BA gre-3658,35,142485,46690.0
2021-01-01,2021,202101,на Ломоносова,Babidas,BA earth-3530,35,199955,70560.0
2021-02-01,2021,202102,на Ломоносова,Babidas,BA earth-3530,22,122144,44352.0
2021-03-01,2021,202103,на Ломоносова,Babidas,BA earth-3530,18,91188,36288.0
2021-04-01,2021,202104,на Ломоносова,Babidas,BA earth-3530,33,195591,66528.0
2021-05-01,2021,202105,на Ломоносова,Babidas,BA earth-3530,42,259770,84672.0
2021-06-01,2021,202106,на Ломоносова,Babidas,BA earth-3530,39,208260,78624.0
2021-07-01,2021,202107,на Ломоносова,Babidas,BA earth-3530,42,179466,84672.0
2021-08-01,2021,202108,на Ломоносова,Babidas,BA earth-3530,35,171990,70560.0
2021-09-01,2021,202109,на Ломоносова,Babidas,BA earth-3530,37,201243,74592.0
2021-10-01,2021,202110,на Ломоносова,Babidas,BA earth-3530,31,177537,62496.0
2021-11-01,2021,202111,на Ломоносова,Babidas,BA earth-3530,22,116358,44352.0
2021-12-01,2021,202112,на Ломоносова,Babidas,BA earth-3530,26,144248,52416.0
2022-01-01,2022,202201,на Ломоносова,Babidas,BA earth-3530,39,204477,78624.0
2022-02-01,2022,202202,на Ломоносова,Babidas,BA earth-3530,24,127416,48384.0
2022-03-01,2022,202203,на Ломоносова,Babidas,BA earth-3530,20,101520,40320.0
2022-04-01,2022,202204,на Ломоносова,Babidas,BA earth-3530,36,211140,72576.0
2022-05-01,2022,202205,на Ломоносова,Babidas,BA earth-3530,46,288328,92736.0
2022-06-01,2022,202206,на Ломоносова,Babidas,BA earth-3530,43,209367,86688.0
2022-07-01,2022,202207,на Ломоносова,Babidas,BA earth-3530,46,199548,92736.0
2022-08-01,2022,202208,на Ломоносова,Babidas,BA earth-3530,39,187707,78624.0
2022-09-01,2022,202209,на Ломоносова,Babidas,BA earth-3530,41,222671,82656.0
2022-10-01,2022,202210,на Ломоносова,Babidas,BA earth-3530,34,184280,68544.0
2022-11-01,2022,202211,на Ломоносова,Babidas,BA earth-3530,24,119712,48384.0
2022-12-01,2022,202212,на Ломоносова,Babidas,BA earth-3530,29,122351,58464.0
2021-01-01,2021,202101,на Ломоносова,Babidas,BA ais-1740,32,107712,29920.000000000004
2021-02-01,2021,202102,на Ломоносова,Babidas,BA ais-1740,20,54240,18700.000000000004
2021-03-01,2021,202103,на Ломоносова,Babidas,BA ais-1740,16,41072,14960.000000000002
2021-04-01,2021,202104,на Ломоносова,Babidas,BA ais-1740,30,97860,28050.000000000004
2021-05-01,2021,202105,на Ломоносова,Babidas,BA ais-1740,38,135014,35530.00000000001
2021-06-01,2021,202106,на Ломоносова,Babidas,BA ais-1740,36,98136,33660.00000000001
2021-07-01,2021,202107,на Ломоносова,Babidas,BA ais-1740,38,57000,35530.00000000001
2021-08-01,2021,202108,на Ломоносова,Babidas,BA ais-1740,32,83168,29920.000000000004
2021-09-01,2021,202109,на Ломоносова,Babidas,BA ais-1740,34,76806,31790.000000000004
2021-10-01,2021,202110,на Ломоносова,Babidas,BA ais-1740,28,102116,26180.000000000004
2021-11-01,2021,202111,на Ломоносова,Babidas,BA ais-1740,20,60940,18700.000000000004
2021-12-01,2021,202112,на Ломоносова,Babidas,BA ais-1740,24,75216,22440.000000000004
2022-01-01,2022,202201,на Ломоносова,Babidas,BA ais-1740,35,114940,32725.000000000004
2022-02-01,2022,202202,на Ломоносова,Babidas,BA ais-1740,22,69168,20570.000000000004
2022-03-01,2022,202203,на Ломоносова,Babidas,BA ais-1740,18,50868,16830.000000000004
2022-04-01,2022,202204,на Ломоносова,Babidas,BA ais-1740,33,102036,30855.000000000004
2022-05-01,2022,202205,на Ломоносова,Babidas,BA ais-1740,41,171667,38335.00000000001
2022-06-01,2022,202206,на Ломоносова,Babidas,BA ais-1740,39,148200,36465.00000000001
2022-07-01,2022,202207,на Ломоносова,Babidas,BA ais-1740,41,68019,38335.00000000001
2022-08-01,2022,202208,на Ломоносова,Babidas,BA ais-1740,35,79520,32725.000000000004
2022-09-01,2022,202209,на Ломоносова,Babidas,BA ais-1740,37,105117,34595.00000000001
2022-10-01,2022,202210,на Ломоносова,Babidas,BA ais-1740,31,91729,28985.000000000004
2022-11-01,2022,202211,на Ломоносова,Babidas,BA ais-1740,22,68376,20570.000000000004
2022-12-01,2022,202212,на Ломоносова,Babidas,BA ais-1740,26,52650,24310.000000000004
2021-01-01,2021,202101,на Ломоносова,Babidas,BA ice-4231,39,182832,77064.0
2021-02-01,2021,202102,на Ломоносова,Babidas,BA ice-4231,25,122225,49400.0
2021-03-01,2021,202103,на Ломоносова,Babidas,BA ice-4231,20,92260,39520.0
2021-04-01,2021,202104,на Ломоносова,Babidas,BA ice-4231,37,201650,73112.0
2021-05-01,2021,202105,на Ломоносова,Babidas,BA ice-4231,46,298770,90896.0
2021-06-01,2021,202106,на Ломоносова,Babidas,BA ice-4231,44,229416,86944.0
2021-07-01,2021,202107,на Ломоносова,Babidas,BA ice-4231,46,132664,90896.0
2021-08-01,2021,202108,на Ломоносова,Babidas,BA ice-4231,39,175890,77064.0
2021-09-01,2021,202109,на Ломоносова,Babidas,BA ice-4231,41,202212,81016.0
2021-10-01,2021,202110,на Ломоносова,Babidas,BA ice-4231,34,182750,67184.0
2021-11-01,2021,202111,на Ломоносова,Babidas,BA ice-4231,25,136625,49400.0
2021-12-01,2021,202112,на Ломоносова,Babidas,BA ice-4231,29,126469,57304.0
2022-01-01,2022,202201,на Ломоносова,Babidas,BA ice-4231,43,227771,84968.0
2022-02-01,2022,202202,на Ломоносова,Babidas,BA ice-4231,27,156924,53352.0
2022-03-01,2022,202203,на Ломоносова,Babidas,BA ice-4231,22,103092,43472.0
2022-04-01,2022,202204,на Ломоносова,Babidas,BA ice-4231,40,244080,79040.0
2022-05-01,2022,202205,на Ломоносова,Babidas,BA ice-4231,51,313038,100776.0
2022-06-01,2022,202206,на Ломоносова,Babidas,BA ice-4231,48,244128,94848.0
2022-07-01,2022,202207,на Ломоносова,Babidas,BA ice-4231,51,146676,100776.0
2022-08-01,2022,202208,на Ломоносова,Babidas,BA ice-4231,43,204852,84968.0
2022-09-01,2022,202209,на Ломоносова,Babidas,BA ice-4231,46,218408,90896.0
2022-10-01,2022,202210,на Ломоносова,Babidas,BA ice-4231,38,216904,75088.0
2022-11-01,2022,202211,на Ломоносова,Babidas,BA ice-4231,27,134730,53352.0
2022-12-01,2022,202212,на Ломоносова,Babidas,BA ice-4231,32,142144,63232.0
2021-01-01,2021,202101,на Ломоносова,Babidas,BA ai-2960,35,189910,63000.0
2021-02-01,2021,202102,на Ломоносова,Babidas,BA ai-2960,22,120780,39600.0
2021-03-01,2021,202103,на Ломоносова,Babidas,BA ai-2960,18,92448,32400.0
2021-04-01,2021,202104,на Ломоносова,Babidas,BA ai-2960,33,222948,59400.0
2021-05-01,2021,202105,на Ломоносова,Babidas,BA ai-2960,42,255360,75600.0
2021-06-01,2021,202106,на Ломоносова,Babidas,BA ai-2960,39,228735,70200.0
2021-07-01,2021,202107,на Ломоносова,Babidas,BA ai-2960,42,180264,75600.0
2021-08-01,2021,202108,на Ломоносова,Babidas,BA ai-2960,35,169085,63000.0
2021-09-01,2021,202109,на Ломоносова,Babidas,BA ai-2960,37,191623,66600.0
2021-10-01,2021,202110,на Ломоносова,Babidas,BA ai-2960,31,181877,55800.0
2021-11-01,2021,202111,на Ломоносова,Babidas,BA ai-2960,22,142758,39600.0
2021-12-01,2021,202112,на Ломоносова,Babidas,BA ai-2960,26,147108,46800.0
2022-01-01,2022,202201,на Ломоносова,Babidas,BA ai-2960,39,207402,70200.0
2022-02-01,2022,202202,на Ломоносова,Babidas,BA ai-2960,24,148872,43200.0
2022-03-01,2022,202203,на Ломоносова,Babidas,BA ai-2960,20,95020,36000.0
2022-04-01,2022,202204,на Ломоносова,Babidas,BA ai-2960,36,207756,64800.0
2022-05-01,2022,202205,на Ломоносова,Babidas,BA ai-2960,46,287316,82800.0
2022-06-01,2022,202206,на Ломоносова,Babidas,BA ai-2960,43,264278,77400.0
2022-07-01,2022,202207,на Ломоносова,Babidas,BA ai-2960,46,196052,82800.0
2022-08-01,2022,202208,на Ломоносова,Babidas,BA ai-2960,39,201396,70200.0
2022-09-01,2022,202209,на Ломоносова,Babidas,BA ai-2960,41,211765,73800.0
2022-10-01,2022,202210,на Ломоносова,Babidas,BA ai-2960,34,206244,61200.0
2022-11-01,2022,202211,на Ломоносова,Babidas,BA ai-2960,24,143880,43200.0
2022-12-01,2022,202212,на Ломоносова,Babidas,BA ai-2960,29,147813,52200.0
2021-01-01,2021,202101,на Ломоносова,Asic,AS air-7520,24,872856,495600.0
2021-02-01,2021,202102,на Ломоносова,Asic,AS air-7520,15,544320,309750.0
2021-03-01,2021,202103,на Ломоносова,Asic,AS air-7520,12,429096,247800.0
2021-04-01,2021,202104,на Ломоносова,Asic,AS air-7520,22,803836,454300.0
2021-05-01,2021,202105,на Ломоносова,Asic,AS air-7520,28,1044820,578200.0
2021-06-01,2021,202106,на Ломоносова,Asic,AS air-7520,27,978588,557550.0
2021-07-01,2021,202107,на Ломоносова,Asic,AS air-7520,28,984284,578200.0
2021-08-01,2021,202108,на Ломоносова,Asic,AS air-7520,24,866088,495600.0
2021-09-01,2021,202109,на Ломоносова,Asic,AS air-7520,25,879275,516250.0
2021-10-01,2021,202110,на Ломоносова,Asic,AS air-7520,21,765786,433650.0
2021-11-01,2021,202111,на Ломоносова,Asic,AS air-7520,15,552075,309750.0
2021-12-01,2021,202112,на Ломоносова,Asic,AS air-7520,18,648558,371700.0
2022-01-01,2022,202201,на Ломоносова,Asic,AS air-7520,26,937716,536900.0
2022-02-01,2022,202202,на Ломоносова,Asic,AS air-7520,16,585200,330400.0
2022-03-01,2022,202203,на Ломоносова,Asic,AS air-7520,13,468858,268450.0
2022-04-01,2022,202204,на Ломоносова,Asic,AS air-7520,24,878928,495600.0
2022-05-01,2022,202205,на Ломоносова,Asic,AS air-7520,31,1127005,640150.0
2022-06-01,2022,202206,на Ломоносова,Asic,AS air-7520,29,1062734,598850.0
2022-07-01,2022,202207,на Ломоносова,Asic,AS air-7520,31,1080040,640150.0
2022-08-01,2022,202208,на Ломоносова,Asic,AS air-7520,26,914446,536900.0
2022-09-01,2022,202209,на Ломоносова,Asic,AS air-7520,28,1012732,578200.0
2022-10-01,2022,202210,на Ломоносова,Asic,AS air-7520,23,852840,474950.0
2022-11-01,2022,202211,на Ломоносова,Asic,AS air-7520,16,575728,330400.0
2022-12-01,2022,202212,на Ломоносова,Asic,AS air-7520,20,713240,413000.0
2021-01-01,2021,202101,на Ломоносова,Asic,AS grou-3318,19,636215,297920.0
2021-02-01,2021,202102,на Ломоносова,Asic,AS grou-3318,12,398976,188160.0
2021-03-01,2021,202103,на Ломоносова,Asic,AS grou-3318,10,327930,156800.0
2021-04-01,2021,202104,на Ломоносова,Asic,AS grou-3318,18,607680,282240.0
2021-05-01,2021,202105,на Ломоносова,Asic,AS grou-3318,23,774847,360640.0
2021-06-01,2021,202106,на Ломоносова,Asic,AS grou-3318,21,699111,329280.0
2021-07-01,2021,202107,на Ломоносова,Asic,AS grou-3318,23,720452,360640.0
2021-08-01,2021,202108,на Ломоносова,Asic,AS grou-3318,19,626753,297920.0
2021-09-01,2021,202109,на Ломоносова,Asic,AS grou-3318,20,650900,313600.0
2021-10-01,2021,202110,на Ломоносова,Asic,AS grou-3318,17,563295,266560.0
2021-11-01,2021,202111,на Ломоносова,Asic,AS grou-3318,12,401256,188160.0
2021-12-01,2021,202112,на Ломоносова,Asic,AS grou-3318,14,461314,219520.0
2022-01-01,2022,202201,на Ломоносова,Asic,AS grou-3318,21,698124,329280.0
2022-02-01,2022,202202,на Ломоносова,Asic,AS grou-3318,13,427076,203840.0
2022-03-01,2022,202203,на Ломоносова,Asic,AS grou-3318,11,362329,172480.0
2022-04-01,2022,202204,на Ломоносова,Asic,AS grou-3318,20,667660,313600.0
2022-05-01,2022,202205,на Ломоносова,Asic,AS grou-3318,25,832625,392000.0
2022-06-01,2022,202206,на Ломоносова,Asic,AS grou-3318,23,763094,360640.0
2022-07-01,2022,202207,на Ломоносова,Asic,AS grou-3318,25,794675,392000.0
2022-08-01,2022,202208,на Ломоносова,Asic,AS grou-3318,21,691320,329280.0
2022-09-01,2022,202209,на Ломоносова,Asic,AS grou-3318,22,715880,344960.0
2022-10-01,2022,202210,на Ломоносова,Asic,AS grou-3318,18,604746,282240.0
2022-11-01,2022,202211,на Ломоносова,Asic,AS grou-3318,13,426166,203840.0
2022-12-01,2022,202212,на Ломоносова,Asic,AS grou-3318,16,530560,250880.0
2021-01-01,2021,202101,на Ломоносова,Asic,AS gre-2748,21,893907,379260.0
2021-02-01,2021,202102,на Ломоносова,Asic,AS gre-2748,13,567645,234780.0
2021-03-01,2021,202103,на Ломоносова,Asic,AS gre-2748,11,472285,198660.0
2021-04-01,2021,202104,на Ломоносова,Asic,AS gre-2748,20,878940,361200.0
2021-05-01,2021,202105,на Ломоносова,Asic,AS gre-2748,25,1109450,451500.0
2021-06-01,2021,202106,на Ломоносова,Asic,AS gre-2748,24,1028928,433440.0
2021-07-01,2021,202107,на Ломоносова,Asic,AS gre-2748,25,1060475,451500.0
2021-08-01,2021,202108,на Ломоносова,Asic,AS gre-2748,21,907263,379260.0
2021-09-01,2021,202109,на Ломоносова,Asic,AS gre-2748,23,983733,415380.0
2021-10-01,2021,202110,на Ломоносова,Asic,AS gre-2748,19,815499,343140.0
2021-11-01,2021,202111,на Ломоносова,Asic,AS gre-2748,13,564720,234780.0
2021-12-01,2021,202112,на Ломоносова,Asic,AS gre-2748,16,685360,288960.0
2022-01-01,2022,202201,на Ломоносова,Asic,AS gre-2748,23,988356,415380.0
2022-02-01,2022,202202,на Ломоносова,Asic,AS gre-2748,15,655185,270900.0
2022-03-01,2022,202203,на Ломоносова,Asic,AS gre-2748,12,510132,216720.0
2022-04-01,2022,202204,на Ломоносова,Asic,AS gre-2748,22,974490,397320.0
2022-05-01,2022,202205,на Ломоносова,Asic,AS gre-2748,28,1242304,505680.0
2022-06-01,2022,202206,на Ломоносова,Asic,AS gre-2748,26,1134380,469560.0
2022-07-01,2022,202207,на Ломоносова,Asic,AS gre-2748,28,1166592,505680.0
2022-08-01,2022,202208,на Ломоносова,Asic,AS gre-2748,23,979110,415380.0
2022-09-01,2022,202209,на Ломоносова,Asic,AS gre-2748,25,1067525,451500.0
2022-10-01,2022,202210,на Ломоносова,Asic,AS gre-2748,20,858140,361200.0
2022-11-01,2022,202211,на Ломоносова,Asic,AS gre-2748,15,656955,270900.0
2022-12-01,2022,202212,на Ломоносова,Asic,AS gre-2748,18,767160,325080.0
2021-01-01,2021,202101,на Ломоносова,Asic,AS earth-9544,19,561678,212800.0
2021-02-01,2021,202102,на Ломоносова,Asic,AS earth-9544,12,353472,134400.0
2021-03-01,2021,202103,на Ломоносова,Asic,AS earth-9544,10,284380,112000.0
2021-04-01,2021,202104,на Ломоносова,Asic,AS earth-9544,18,533448,201600.0
2021-05-01,2021,202105,на Ломоносова,Asic,AS earth-9544,23,696486,257600.0
2021-06-01,2021,202106,на Ломоносова,Asic,AS earth-9544,22,650430,246400.0
2021-07-01,2021,202107,на Ломоносова,Asic,AS earth-9544,23,625094,257600.0
2021-08-01,2021,202108,на Ломоносова,Asic,AS earth-9544,19,536788,212800.0
2021-09-01,2021,202109,на Ломоносова,Asic,AS earth-9544,20,572580,224000.0
2021-10-01,2021,202110,на Ломоносова,Asic,AS earth-9544,17,509456,190400.0
2021-11-01,2021,202111,на Ломоносова,Asic,AS earth-9544,12,349932,134400.0
2021-12-01,2021,202112,на Ломоносова,Asic,AS earth-9544,15,433485,168000.0
2022-01-01,2022,202201,на Ломоносова,Asic,AS earth-9544,21,611520,235200.0
2022-02-01,2022,202202,на Ломоносова,Asic,AS earth-9544,13,380367,145600.0
2022-03-01,2022,202203,на Ломоносова,Asic,AS earth-9544,11,320474,123200.0
2022-04-01,2022,202204,на Ломоносова,Asic,AS earth-9544,20,593640,224000.0
2022-05-01,2022,202205,на Ломоносова,Asic,AS earth-9544,25,751200,280000.0
2022-06-01,2022,202206,на Ломоносова,Asic,AS earth-9544,24,696648,268800.0
2022-07-01,2022,202207,на Ломоносова,Asic,AS earth-9544,25,686125,280000.0
2022-08-01,2022,202208,на Ломоносова,Asic,AS earth-9544,21,616476,235200.0
2022-09-01,2022,202209,на Ломоносова,Asic,AS earth-9544,22,638110,246400.0
2022-10-01,2022,202210,на Ломоносова,Asic,AS earth-9544,19,557042,212800.0
2022-11-01,2022,202211,на Ломоносова,Asic,AS earth-9544,13,371865,145600.0
2022-12-01,2022,202212,на Ломоносова,Asic,AS earth-9544,16,464688,179200.0
2021-01-01,2021,202101,на Ломоносова,Asic,AS ais-7331,24,1111752,604800.0000000001
2021-02-01,2021,202102,на Ломоносова,Asic,AS ais-7331,15,701055,378000.00000000006
2021-03-01,2021,202103,на Ломоносова,Asic,AS ais-7331,12,547296,302400.00000000006
2021-04-01,2021,202104,на Ломоносова,Asic,AS ais-7331,23,1084059,579600.0000000001
2021-05-01,2021,202105,на Ломоносова,Asic,AS ais-7331,29,1352386,730800.0000000001
2021-06-01,2021,202106,на Ломоносова,Asic,AS ais-7331,27,1242135,680400.0000000001
2021-07-01,2021,202107,на Ломоносова,Asic,AS ais-7331,29,1309437,730800.0000000001
2021-08-01,2021,202108,на Ломоносова,Asic,AS ais-7331,24,1096224,604800.0000000001
2021-09-01,2021,202109,на Ломоносова,Asic,AS ais-7331,26,1195740,655200.0000000001
2021-10-01,2021,202110,на Ломоносова,Asic,AS ais-7331,21,968184,529200.0000000001
2021-11-01,2021,202111,на Ломоносова,Asic,AS ais-7331,15,699540,378000.00000000006
2021-12-01,2021,202112,на Ломоносова,Asic,AS ais-7331,18,835596,453600.00000000006
2022-01-01,2022,202201,на Ломоносова,Asic,AS ais-7331,27,1249209,680400.0000000001
2022-02-01,2022,202202,на Ломоносова,Asic,AS ais-7331,17,797096,428400.00000000006
2022-03-01,2022,202203,на Ломоносова,Asic,AS ais-7331,14,632268,352800.00000000006
2022-04-01,2022,202204,на Ломоносова,Asic,AS ais-7331,25,1162125,630000.0000000001
2022-05-01,2022,202205,на Ломоносова,Asic,AS ais-7331,32,1519584,806400.0000000001
2022-06-01,2022,202206,на Ломоносова,Asic,AS ais-7331,30,1402620,756000.0000000001
2022-07-01,2022,202207,на Ломоносова,Asic,AS ais-7331,32,1447328,806400.0000000001
2022-08-01,2022,202208,на Ломоносова,Asic,AS ais-7331,27,1227339,680400.0000000001
2022-09-01,2022,202209,на Ломоносова,Asic,AS ais-7331,28,1278032,705600.0000000001
2022-10-01,2022,202210,на Ломоносова,Asic,AS ais-7331,23,1056620,579600.0000000001
2022-11-01,2022,202211,на Ломоносова,Asic,AS ais-7331,17,798303,428400.00000000006
2022-12-01,2022,202212,на Ломоносова,Asic,AS ais-7331,20,903140,504000.00000000006
2021-01-01,2021,202101,на Ломоносова,Asic,AS ice-2172,24,443832,228480.0
2021-02-01,2021,202102,на Ломоносова,Asic,AS ice-2172,15,276975,142800.0
2021-03-01,2021,202103,на Ломоносова,Asic,AS ice-2172,12,216084,114240.0
2021-04-01,2021,202104,на Ломоносова,Asic,AS ice-2172,23,423476,218960.0
2021-05-01,2021,202105,на Ломоносова,Asic,AS ice-2172,29,550884,276080.0
2021-06-01,2021,202106,на Ломоносова,Asic,AS ice-2172,27,493074,257040.0
2021-07-01,2021,202107,на Ломоносова,Asic,AS ice-2172,29,503730,276080.0
2021-08-01,2021,202108,на Ломоносова,Asic,AS ice-2172,24,420936,228480.0
2021-09-01,2021,202109,на Ломоносова,Asic,AS ice-2172,26,452686,247520.0
2021-10-01,2021,202110,на Ломоносова,Asic,AS ice-2172,21,388815,199920.0
2021-11-01,2021,202111,на Ломоносова,Asic,AS ice-2172,15,276120,142800.0
2021-12-01,2021,202112,на Ломоносова,Asic,AS ice-2172,18,321372,171360.0
2022-01-01,2022,202201,на Ломоносова,Asic,AS ice-2172,27,506682,257040.0
2022-02-01,2022,202202,на Ломоносова,Asic,AS ice-2172,17,309128,161840.0
2022-03-01,2022,202203,на Ломоносова,Asic,AS ice-2172,14,254982,133280.0
2022-04-01,2022,202204,на Ломоносова,Asic,AS ice-2172,25,480300,238000.0
2022-05-01,2022,202205,на Ломоносова,Asic,AS ice-2172,32,593376,304640.0
2022-06-01,2022,202206,на Ломоносова,Asic,AS ice-2172,30,532980,285600.0
2022-07-01,2022,202207,на Ломоносова,Asic,AS ice-2172,32,523040,304640.0
2022-08-01,2022,202208,на Ломоносова,Asic,AS ice-2172,27,468315,257040.0
2022-09-01,2022,202209,на Ломоносова,Asic,AS ice-2172,28,496664,266560.0
2022-10-01,2022,202210,на Ломоносова,Asic,AS ice-2172,23,426144,218960.0
2022-11-01,2022,202211,на Ломоносова,Asic,AS ice-2172,17,316319,161840.0
2022-12-01,2022,202212,на Ломоносова,Asic,AS ice-2172,20,351860,190400.0
2021-01-01,2021,202101,на Ломоносова,Asic,AS ai-7676,20,808780,327600.0
2021-02-01,2021,202102,на Ломоносова,Asic,AS ai-7676,12,492288,196560.0
2021-03-01,2021,202103,на Ломоносова,Asic,AS ai-7676,10,394750,163800.0
2021-04-01,2021,202104,на Ломоносова,Asic,AS ai-7676,18,745110,294840.0
2021-05-01,2021,202105,на Ломоносова,Asic,AS ai-7676,23,947347,376740.0
2021-06-01,2021,202106,на Ломоносова,Asic,AS ai-7676,22,890010,360360.0
2021-07-01,2021,202107,на Ломоносова,Asic,AS ai-7676,23,885293,376740.0
2021-08-01,2021,202108,на Ломоносова,Asic,AS ai-7676,20,796820,327600.0
2021-09-01,2021,202109,на Ломоносова,Asic,AS ai-7676,21,827295,343980.0
2021-10-01,2021,202110,на Ломоносова,Asic,AS ai-7676,17,685457,278460.0
2021-11-01,2021,202111,на Ломоносова,Asic,AS ai-7676,12,484392,196560.0
2021-12-01,2021,202112,на Ломоносова,Asic,AS ai-7676,15,594165,245700.0
2022-01-01,2022,202201,на Ломоносова,Asic,AS ai-7676,21,847875,343980.0
2022-02-01,2022,202202,на Ломоносова,Asic,AS ai-7676,14,567812,229320.0
2022-03-01,2022,202203,на Ломоносова,Asic,AS ai-7676,11,433334,180180.0
2022-04-01,2022,202204,на Ломоносова,Asic,AS ai-7676,20,812440,327600.0
2022-05-01,2022,202205,на Ломоносова,Asic,AS ai-7676,25,1032100,409500.0
2022-06-01,2022,202206,на Ломоносова,Asic,AS ai-7676,24,967680,393120.0
2022-07-01,2022,202207,на Ломоносова,Asic,AS ai-7676,25,985950,409500.0
2022-08-01,2022,202208,на Ломоносова,Asic,AS ai-7676,21,836724,343980.0
2022-09-01,2022,202209,на Ломоносова,Asic,AS ai-7676,23,909627,376740.0
2022-10-01,2022,202210,на Ломоносова,Asic,AS ai-7676,19,766498,311220.0
2022-11-01,2022,202211,на Ломоносова,Asic,AS ai-7676,14,567000,229320.0
2022-12-01,2022,202212,на Ломоносова,Asic,AS ai-7676,16,626432,262080.0
2021-01-01,2021,202101,на Ломоносова,Gunverse,GU air-3053,60,373200,138000.0
2021-02-01,2021,202102,на Ломоносова,Gunverse,GU air-3053,38,234232,87400.0
2021-03-01,2021,202103,на Ломоносова,Gunverse,GU air-3053,30,157800,69000.0
2021-04-01,2021,202104,на Ломоносова,Gunverse,GU air-3053,56,398552,128800.0
2021-05-01,2021,202105,на Ломоносова,Gunverse,GU air-3053,71,491391,163300.0
2021-06-01,2021,202106,на Ломоносова,Gunverse,GU air-3053,67,440391,154100.0
2021-07-01,2021,202107,на Ломоносова,Gunverse,GU air-3053,71,295857,163300.0
2021-08-01,2021,202108,на Ломоносова,Gunverse,GU air-3053,60,372840,138000.0
2021-09-01,2021,202109,на Ломоносова,Gunverse,GU air-3053,64,383424,147200.0
2021-10-01,2021,202110,на Ломоносова,Gunverse,GU air-3053,52,309816,119600.0
2021-11-01,2021,202111,на Ломоносова,Gunverse,GU air-3053,38,228342,87400.0
2021-12-01,2021,202112,на Ломоносова,Gunverse,GU air-3053,45,238005,103500.0
2022-01-01,2022,202201,на Ломоносова,Gunverse,GU air-3053,66,420222,151800.0
2022-02-01,2022,202202,на Ломоносова,Gunverse,GU air-3053,41,288353,94300.0
2022-03-01,2022,202203,на Ломоносова,Gunverse,GU air-3053,33,182655,75900.0
2022-04-01,2022,202204,на Ломоносова,Gunverse,GU air-3053,62,410378,142600.0
2022-05-01,2022,202205,на Ломоносова,Gunverse,GU air-3053,78,492726,179400.0
2022-06-01,2022,202206,на Ломоносова,Gunverse,GU air-3053,74,498760,170200.0
2022-07-01,2022,202207,на Ломоносова,Gunverse,GU air-3053,78,360828,179400.0
2022-08-01,2022,202208,на Ломоносова,Gunverse,GU air-3053,66,355740,151800.0
2022-09-01,2022,202209,на Ломоносова,Gunverse,GU air-3053,70,402500,161000.0
2022-10-01,2022,202210,на Ломоносова,Gunverse,GU air-3053,58,372418,133400.0
2022-11-01,2022,202211,на Ломоносова,Gunverse,GU air-3053,41,248009,94300.0
2022-12-01,2022,202212,на Ломоносова,Gunverse,GU air-3053,49,287189,112700.0
2021-01-01,2021,202101,на Ломоносова,Gunverse,GU grou-6409,53,544893,214650.0
2021-02-01,2021,202102,на Ломоносова,Gunverse,GU grou-6409,33,323994,133650.0
2021-03-01,2021,202103,на Ломоносова,Gunverse,GU grou-6409,27,279126,109350.0
2021-04-01,2021,202104,на Ломоносова,Gunverse,GU grou-6409,50,538300,202500.0
2021-05-01,2021,202105,на Ломоносова,Gunverse,GU grou-6409,63,706797,255150.0
2021-06-01,2021,202106,на Ломоносова,Gunverse,GU grou-6409,59,610709,238950.0
2021-07-01,2021,202107,на Ломоносова,Gunverse,GU grou-6409,63,535311,255150.0
2021-08-01,2021,202108,на Ломоносова,Gunverse,GU grou-6409,53,503129,214650.0
2021-09-01,2021,202109,на Ломоносова,Gunverse,GU grou-6409,56,590856,226800.0
2021-10-01,2021,202110,на Ломоносова,Gunverse,GU grou-6409,46,459356,186300.0
2021-11-01,2021,202111,на Ломоносова,Gunverse,GU grou-6409,33,340890,133650.0
2021-12-01,2021,202112,на Ломоносова,Gunverse,GU grou-6409,40,380640,162000.0
2022-01-01,2022,202201,на Ломоносова,Gunverse,GU grou-6409,58,600880,234900.0
2022-02-01,2022,202202,на Ломоносова,Gunverse,GU grou-6409,37,379324,149850.0
2022-03-01,2022,202203,на Ломоносова,Gunverse,GU grou-6409,29,287100,117450.0
2022-04-01,2022,202204,на Ломоносова,Gunverse,GU grou-6409,55,582120,222750.0
2022-05-01,2022,202205,на Ломоносова,Gunverse,GU grou-6409,69,766521,279450.0
2022-06-01,2022,202206,на Ломоносова,Gunverse,GU grou-6409,65,705835,263250.0
2022-07-01,2022,202207,на Ломоносова,Gunverse,GU grou-6409,69,605199,279450.0
2022-08-01,2022,202208,на Ломоносова,Gunverse,GU grou-6409,58,563180,234900.0
2022-09-01,2022,202209,на Ломоносова,Gunverse,GU grou-6409,62,594084,251100.0
2022-10-01,2022,202210,на Ломоносова,Gunverse,GU grou-6409,51,556461,206550.0
2022-11-01,2022,202211,на Ломоносова,Gunverse,GU grou-6409,37,398379,149850.0
2022-12-01,2022,202212,на Ломоносова,Gunverse,GU grou-6409,44,431772,178200.0
2021-01-01,2021,202101,на Ломоносова,Gunverse,GU gre-2865,60,487200,239399.99999999997
2021-02-01,2021,202102,на Ломоносова,Gunverse,GU gre-2865,38,326040,151619.99999999997
2021-03-01,2021,202103,на Ломоносова,Gunverse,GU gre-2865,30,224700,119699.99999999999
2021-04-01,2021,202104,на Ломоносова,Gunverse,GU gre-2865,56,500192,223439.99999999997
2021-05-01,2021,202105,на Ломоносова,Gunverse,GU gre-2865,71,611026,283289.99999999994
2021-06-01,2021,202106,на Ломоносова,Gunverse,GU gre-2865,67,577540,267329.99999999994
2021-07-01,2021,202107,на Ломоносова,Gunverse,GU gre-2865,71,492030,283289.99999999994
2021-08-01,2021,202108,на Ломоносова,Gunverse,GU gre-2865,60,506340,239399.99999999997
2021-09-01,2021,202109,на Ломоносова,Gunverse,GU gre-2865,64,471872,255359.99999999997
2021-10-01,2021,202110,на Ломоносова,Gunverse,GU gre-2865,52,439816,207479.99999999997
2021-11-01,2021,202111,на Ломоносова,Gunverse,GU gre-2865,38,320264,151619.99999999997
2021-12-01,2021,202112,на Ломоносова,Gunverse,GU gre-2865,45,377100,179549.99999999997
2022-01-01,2022,202201,на Ломоносова,Gunverse,GU gre-2865,66,580206,263339.99999999994
2022-02-01,2022,202202,на Ломоносова,Gunverse,GU gre-2865,41,367114,163589.99999999997
2022-03-01,2022,202203,на Ломоносова,Gunverse,GU gre-2865,33,260733,131669.99999999997
2022-04-01,2022,202204,на Ломоносова,Gunverse,GU gre-2865,62,567052,247379.99999999997
2022-05-01,2022,202205,на Ломоносова,Gunverse,GU gre-2865,78,734058,311219.99999999994
2022-06-01,2022,202206,на Ломоносова,Gunverse,GU gre-2865,74,621008,295259.99999999994
2022-07-01,2022,202207,на Ломоносова,Gunverse,GU gre-2865,78,584220,311219.99999999994
2022-08-01,2022,202208,на Ломоносова,Gunverse,GU gre-2865,66,468996,263339.99999999994
2022-09-01,2022,202209,на Ломоносова,Gunverse,GU gre-2865,70,506800,279299.99999999994
2022-10-01,2022,202210,на Ломоносова,Gunverse,GU gre-2865,58,493638,231419.99999999997
2022-11-01,2022,202211,на Ломоносова,Gunverse,GU gre-2865,41,345876,163589.99999999997
2022-12-01,2022,202212,на Ломоносова,Gunverse,GU gre-2865,49,363041,195509.99999999997
2021-01-01,2021,202101,на Ломоносова,Gunverse,GU earth-4729,52,517972,216580.0
2021-02-01,2021,202102,на Ломоносова,Gunverse,GU earth-4729,33,328680,137445.0
2021-03-01,2021,202103,на Ломоносова,Gunverse,GU earth-4729,26,231114,108290.0
2021-04-01,2021,202104,на Ломоносова,Gunverse,GU earth-4729,49,536599,204085.0
2021-05-01,2021,202105,на Ломоносова,Gunverse,GU earth-4729,62,661478,258230.0
2021-06-01,2021,202106,на Ломоносова,Gunverse,GU earth-4729,59,575663,245735.0
2021-07-01,2021,202107,на Ломоносова,Gunverse,GU earth-4729,62,504618,258230.0
2021-08-01,2021,202108,на Ломоносова,Gunverse,GU earth-4729,52,497380,216580.0
2021-09-01,2021,202109,на Ломоносова,Gunverse,GU earth-4729,56,488320,233240.0
2021-10-01,2021,202110,на Ломоносова,Gunverse,GU earth-4729,46,446384,191590.0
2021-11-01,2021,202111,на Ломоносова,Gunverse,GU earth-4729,33,334125,137445.0
2021-12-01,2021,202112,на Ломоносова,Gunverse,GU earth-4729,39,378495,162435.0
2022-01-01,2022,202201,на Ломоносова,Gunverse,GU earth-4729,58,556220,241570.0
2022-02-01,2022,202202,на Ломоносова,Gunverse,GU earth-4729,36,371268,149940.0
2022-03-01,2022,202203,на Ломоносова,Gunverse,GU earth-4729,29,246906,120785.0
2022-04-01,2022,202204,на Ломоносова,Gunverse,GU earth-4729,54,576450,224910.0
2022-05-01,2022,202205,на Ломоносова,Gunverse,GU earth-4729,68,697136,283220.0
2022-06-01,2022,202206,на Ломоносова,Gunverse,GU earth-4729,65,604695,270725.0
2022-07-01,2022,202207,на Ломоносова,Gunverse,GU earth-4729,68,583848,283220.0
2022-08-01,2022,202208,на Ломоносова,Gunverse,GU earth-4729,58,552682,241570.0
2022-09-01,2022,202209,на Ломоносова,Gunverse,GU earth-4729,61,602375,254065.0
2022-10-01,2022,202210,на Ломоносова,Gunverse,GU earth-4729,50,506750,208250.0
2022-11-01,2022,202211,на Ломоносова,Gunverse,GU earth-4729,36,358380,149940.0
2022-12-01,2022,202212,на Ломоносова,Gunverse,GU earth-4729,43,387258,179095.0
2021-01-01,2021,202101,на Ломоносова,Gunverse,GU ais-4465,52,378872,159120.0
2021-02-01,2021,202102,на Ломоносова,Gunverse,GU ais-4465,33,242385,100980.0
2021-03-01,2021,202103,на Ломоносова,Gunverse,GU ais-4465,26,173992,79560.0
2021-04-01,2021,202104,на Ломоносова,Gunverse,GU ais-4465,49,399497,149940.0
2021-05-01,2021,202105,на Ломоносова,Gunverse,GU ais-4465,62,504432,189720.0
2021-06-01,2021,202106,на Ломоносова,Gunverse,GU ais-4465,59,455480,180540.0
2021-07-01,2021,202107,на Ломоносова,Gunverse,GU ais-4465,62,388182,189720.0
2021-08-01,2021,202108,на Ломоносова,Gunverse,GU ais-4465,52,321620,159120.0
2021-09-01,2021,202109,на Ломоносова,Gunverse,GU ais-4465,56,369768,171360.0
2021-10-01,2021,202110,на Ломоносова,Gunverse,GU ais-4465,46,370852,140760.0
2021-11-01,2021,202111,на Ломоносова,Gunverse,GU ais-4465,33,217239,100980.0
2021-12-01,2021,202112,на Ломоносова,Gunverse,GU ais-4465,39,265980,119340.0
2022-01-01,2022,202201,на Ломоносова,Gunverse,GU ais-4465,58,417542,177480.0
2022-02-01,2022,202202,на Ломоносова,Gunverse,GU ais-4465,36,258444,110160.0
2022-03-01,2022,202203,на Ломоносова,Gunverse,GU ais-4465,29,188790,88740.0
2022-04-01,2022,202204,на Ломоносова,Gunverse,GU ais-4465,54,409806,165240.0
2022-05-01,2022,202205,на Ломоносова,Gunverse,GU ais-4465,68,558688,208080.0
2022-06-01,2022,202206,на Ломоносова,Gunverse,GU ais-4465,65,511810,198900.0
2022-07-01,2022,202207,на Ломоносова,Gunverse,GU ais-4465,68,386648,208080.0
2022-08-01,2022,202208,на Ломоносова,Gunverse,GU ais-4465,58,380422,177480.0
2022-09-01,2022,202209,на Ломоносова,Gunverse,GU ais-4465,61,432063,186660.0
2022-10-01,2022,202210,на Ломоносова,Gunverse,GU ais-4465,50,373500,153000.0
2022-11-01,2022,202211,на Ломоносова,Gunverse,GU ais-4465,36,280764,110160.0
2022-12-01,2022,202212,на Ломоносова,Gunverse,GU ais-4465,43,296528,131580.0
2021-01-01,2021,202101,на Ломоносова,Gunverse,GU ice-8917,55,473275,190080.0
2021-02-01,2021,202102,на Ломоносова,Gunverse,GU ice-8917,34,298214,117504.0
2021-03-01,2021,202103,на Ломоносова,Gunverse,GU ice-8917,28,224532,96768.0
2021-04-01,2021,202104,на Ломоносова,Gunverse,GU ice-8917,51,442170,176256.0
2021-05-01,2021,202105,на Ломоносова,Gunverse,GU ice-8917,65,622765,224640.0
2021-06-01,2021,202106,на Ломоносова,Gunverse,GU ice-8917,61,512705,210816.0
2021-07-01,2021,202107,на Ломоносова,Gunverse,GU ice-8917,65,440375,224640.0
2021-08-01,2021,202108,на Ломоносова,Gunverse,GU ice-8917,55,464310,190080.0
2021-09-01,2021,202109,на Ломоносова,Gunverse,GU ice-8917,58,475948,200448.0
2021-10-01,2021,202110,на Ломоносова,Gunverse,GU ice-8917,48,427056,165888.0
2021-11-01,2021,202111,на Ломоносова,Gunverse,GU ice-8917,34,289850,117504.0
2021-12-01,2021,202112,на Ломоносова,Gunverse,GU ice-8917,41,352354,141696.0
2022-01-01,2022,202201,на Ломоносова,Gunverse,GU ice-8917,60,502260,207360.0
2022-02-01,2022,202202,на Ломоносова,Gunverse,GU ice-8917,38,316920,131328.0
2022-03-01,2022,202203,на Ломоносова,Gunverse,GU ice-8917,30,247200,103680.0
2022-04-01,2022,202204,на Ломоносова,Gunverse,GU ice-8917,56,474600,193536.0
2022-05-01,2022,202205,на Ломоносова,Gunverse,GU ice-8917,71,681032,245376.0
2022-06-01,2022,202206,на Ломоносова,Gunverse,GU ice-8917,68,597176,235008.0
2022-07-01,2022,202207,на Ломоносова,Gunverse,GU ice-8917,71,492527,245376.0
2022-08-01,2022,202208,на Ломоносова,Gunverse,GU ice-8917,60,476520,207360.0
2022-09-01,2022,202209,на Ломоносова,Gunverse,GU ice-8917,64,520576,221184.0
2022-10-01,2022,202210,на Ломоносова,Gunverse,GU ice-8917,53,452567,183168.0
2022-11-01,2022,202211,на Ломоносова,Gunverse,GU ice-8917,38,327788,131328.0
2022-12-01,2022,202212,на Ломоносова,Gunverse,GU ice-8917,45,366390,155520.0
2021-01-01,2021,202101,на Ломоносова,Gunverse,GU ai-3849,56,550872,290472.0
2021-02-01,2021,202102,на Ломоносова,Gunverse,GU ai-3849,35,365925,181545.0
2021-03-01,2021,202103,на Ломоносова,Gunverse,GU ai-3849,28,281624,145236.0
2021-04-01,2021,202104,на Ломоносова,Gunverse,GU ai-3849,53,602610,274911.0
2021-05-01,2021,202105,на Ломоносова,Gunverse,GU ai-3849,67,699078,347529.0
2021-06-01,2021,202106,на Ломоносова,Gunverse,GU ai-3849,63,678447,326781.0
2021-07-01,2021,202107,на Ломоносова,Gunverse,GU ai-3849,67,640855,347529.0
2021-08-01,2021,202108,на Ломоносова,Gunverse,GU ai-3849,56,573944,290472.0
2021-09-01,2021,202109,на Ломоносова,Gunverse,GU ai-3849,60,635100,311220.0
2021-10-01,2021,202110,на Ломоносова,Gunverse,GU ai-3849,49,512589,254163.0
2021-11-01,2021,202111,на Ломоносова,Gunverse,GU ai-3849,35,363055,181545.0
2021-12-01,2021,202112,на Ломоносова,Gunverse,GU ai-3849,42,430962,217854.0
2022-01-01,2022,202201,на Ломоносова,Gunverse,GU ai-3849,62,651000,321594.0
2022-02-01,2022,202202,на Ломоносова,Gunverse,GU ai-3849,39,412113,202293.0
2022-03-01,2022,202203,на Ломоносова,Gunverse,GU ai-3849,31,309380,160797.0
2022-04-01,2022,202204,на Ломоносова,Gunverse,GU ai-3849,58,611088,300846.0
2022-05-01,2022,202205,на Ломоносова,Gunverse,GU ai-3849,73,838697,378651.0
2022-06-01,2022,202206,на Ломоносова,Gunverse,GU ai-3849,70,753270,363090.0
2022-07-01,2022,202207,на Ломоносова,Gunverse,GU ai-3849,73,626778,378651.0
2022-08-01,2022,202208,на Ломоносова,Gunverse,GU ai-3849,62,609398,321594.0
2022-09-01,2022,202209,на Ломоносова,Gunverse,GU ai-3849,66,634722,342342.0
2022-10-01,2022,202210,на Ломоносова,Gunverse,GU ai-3849,54,562842,280098.0
2022-11-01,2022,202211,на Ломоносова,Gunverse,GU ai-3849,39,408408,202293.0
2022-12-01,2022,202212,на Ломоносова,Gunverse,GU ai-3849,47,464642,243789.0
2021-01-01,2021,202101,на Ломоносова,Nuke,NK air-4421,60,793140,360000.0
2021-02-01,2021,202102,на Ломоносова,Nuke,NK air-4421,38,497610,228000.0
2021-03-01,2021,202103,на Ломоносова,Nuke,NK air-4421,30,395580,180000.0
2021-04-01,2021,202104,на Ломоносова,Nuke,NK air-4421,57,788595,342000.0
2021-05-01,2021,202105,на Ломоносова,Nuke,NK air-4421,72,1001448,432000.0
2021-06-01,2021,202106,на Ломоносова,Nuke,NK air-4421,68,905556,408000.0
2021-07-01,2021,202107,на Ломоносова,Nuke,NK air-4421,72,800208,432000.0
2021-08-01,2021,202108,на Ломоносова,Nuke,NK air-4421,60,751320,360000.0
2021-09-01,2021,202109,на Ломоносова,Nuke,NK air-4421,64,834112,384000.0
2021-10-01,2021,202110,на Ломоносова,Nuke,NK air-4421,53,728114,318000.0
2021-11-01,2021,202111,на Ломоносова,Nuke,NK air-4421,38,515508,228000.0
2021-12-01,2021,202112,на Ломоносова,Nuke,NK air-4421,45,567270,270000.0
2022-01-01,2022,202201,на Ломоносова,Nuke,NK air-4421,66,891990,396000.0
2022-02-01,2022,202202,на Ломоносова,Nuke,NK air-4421,42,547638,252000.0
2022-03-01,2022,202203,на Ломоносова,Nuke,NK air-4421,33,417351,198000.0
2022-04-01,2022,202204,на Ломоносова,Nuke,NK air-4421,62,859754,372000.0
2022-05-01,2022,202205,на Ломоносова,Nuke,NK air-4421,79,1075506,474000.0
2022-06-01,2022,202206,на Ломоносова,Nuke,NK air-4421,75,990675,450000.0
2022-07-01,2022,202207,на Ломоносова,Nuke,NK air-4421,79,928092,474000.0
2022-08-01,2022,202208,на Ломоносова,Nuke,NK air-4421,66,829884,396000.0
2022-09-01,2022,202209,на Ломоносова,Nuke,NK air-4421,71,881110,426000.0
2022-10-01,2022,202210,на Ломоносова,Nuke,NK air-4421,58,776794,348000.0
2022-11-01,2022,202211,на Ломоносова,Nuke,NK air-4421,42,540834,252000.0
2022-12-01,2022,202212,на Ломоносова,Nuke,NK air-4421,50,661700,300000.0
2021-01-01,2021,202101,на Ломоносова,Nuke,NK grou-9880,44,451264,233640.0
2021-02-01,2021,202102,на Ломоносова,Nuke,NK grou-9880,28,286048,148680.0
2021-03-01,2021,202103,на Ломоносова,Nuke,NK grou-9880,22,222464,116820.0
2021-04-01,2021,202104,на Ломоносова,Nuke,NK grou-9880,41,449401,217710.0
2021-05-01,2021,202105,на Ломоносова,Nuke,NK grou-9880,52,573612,276120.0
2021-06-01,2021,202106,на Ломоносова,Nuke,NK grou-9880,49,505239,260190.0
2021-07-01,2021,202107,на Ломоносова,Nuke,NK grou-9880,52,465816,276120.0
2021-08-01,2021,202108,на Ломоносова,Nuke,NK grou-9880,44,434984,233640.0
2021-09-01,2021,202109,на Ломоносова,Nuke,NK grou-9880,47,437993,249570.0
2021-10-01,2021,202110,на Ломоносова,Nuke,NK grou-9880,38,383686,201780.0
2021-11-01,2021,202111,на Ломоносова,Nuke,NK grou-9880,28,282660,148680.0
2021-12-01,2021,202112,на Ломоносова,Nuke,NK grou-9880,33,310662,175230.0
2022-01-01,2022,202201,на Ломоносова,Nuke,NK grou-9880,48,482064,254880.0
2022-02-01,2022,202202,на Ломоносова,Nuke,NK grou-9880,30,322740,159300.0
2022-03-01,2022,202203,на Ломоносова,Nuke,NK grou-9880,24,244440,127440.0
2022-04-01,2022,202204,на Ломоносова,Nuke,NK grou-9880,45,492840,238950.0
2022-05-01,2022,202205,на Ломоносова,Nuke,NK grou-9880,57,630306,302670.0
2022-06-01,2022,202206,на Ломоносова,Nuke,NK grou-9880,54,573696,286740.0
2022-07-01,2022,202207,на Ломоносова,Nuke,NK grou-9880,57,510891,302670.0
2022-08-01,2022,202208,на Ломоносова,Nuke,NK grou-9880,48,450336,254880.0
2022-09-01,2022,202209,на Ломоносова,Nuke,NK grou-9880,51,512703,270810.0
2022-10-01,2022,202210,на Ломоносова,Nuke,NK grou-9880,42,448224,223020.0
2022-11-01,2022,202211,на Ломоносова,Nuke,NK grou-9880,30,305880,159300.0
2022-12-01,2022,202212,на Ломоносова,Nuke,NK grou-9880,36,339984,191160.0
2021-01-01,2021,202101,на Ломоносова,Nuke,NK gre-7983,42,373800,135240.0
2021-02-01,2021,202102,на Ломоносова,Nuke,NK gre-7983,26,230594,83720.0
2021-03-01,2021,202103,на Ломоносова,Nuke,NK gre-7983,21,147966,67620.0
2021-04-01,2021,202104,на Ломоносова,Nuke,NK gre-7983,39,363402,125580.0
2021-05-01,2021,202105,на Ломоносова,Nuke,NK gre-7983,50,459900,161000.0
2021-06-01,2021,202106,на Ломоносова,Nuke,NK gre-7983,47,396821,151340.0
2021-07-01,2021,202107,на Ломоносова,Nuke,NK gre-7983,50,342550,161000.0
2021-08-01,2021,202108,на Ломоносова,Nuke,NK gre-7983,42,323736,135240.0
2021-09-01,2021,202109,на Ломоносова,Nuke,NK gre-7983,44,325820,141680.0
2021-10-01,2021,202110,на Ломоносова,Nuke,NK gre-7983,37,309135,119140.0
2021-11-01,2021,202111,на Ломоносова,Nuke,NK gre-7983,26,208806,83720.0
2021-12-01,2021,202112,на Ломоносова,Nuke,NK gre-7983,31,223045,99820.0
2022-01-01,2022,202201,на Ломоносова,Nuke,NK gre-7983,46,356730,148120.0
2022-02-01,2022,202202,на Ломоносова,Nuke,NK gre-7983,29,241454,93380.0
2022-03-01,2022,202203,на Ломоносова,Nuke,NK gre-7983,23,178434,74060.0
2022-04-01,2022,202204,на Ломоносова,Nuke,NK gre-7983,43,396546,138460.0
2022-05-01,2022,202205,на Ломоносова,Nuke,NK gre-7983,54,470934,173880.0
2022-06-01,2022,202206,на Ломоносова,Nuke,NK gre-7983,52,430404,167440.0
2022-07-01,2022,202207,на Ломоносова,Nuke,NK gre-7983,54,361476,173880.0
2022-08-01,2022,202208,на Ломоносова,Nuke,NK gre-7983,46,356868,148120.0
2022-09-01,2022,202209,на Ломоносова,Nuke,NK gre-7983,49,375879,157780.0
2022-10-01,2022,202210,на Ломоносова,Nuke,NK gre-7983,40,353640,128800.0
2022-11-01,2022,202211,на Ломоносова,Nuke,NK gre-7983,29,235654,93380.0
2022-12-01,2022,202212,на Ломоносова,Nuke,NK gre-7983,35,267925,112700.0
2021-01-01,2021,202101,на Ломоносова,Nuke,NK earth-5320,52,403312,172380.0
2021-02-01,2021,202102,на Ломоносова,Nuke,NK earth-5320,33,281754,109395.0
2021-03-01,2021,202103,на Ломоносова,Nuke,NK earth-5320,26,184392,86190.0
2021-04-01,2021,202104,на Ломоносова,Nuke,NK earth-5320,49,407337,162435.0
2021-05-01,2021,202105,на Ломоносова,Nuke,NK earth-5320,62,540206,205530.0
2021-06-01,2021,202106,на Ломоносова,Nuke,NK earth-5320,58,470728,192270.0
2021-07-01,2021,202107,на Ломоносова,Nuke,NK earth-5320,62,402566,205530.0
2021-08-01,2021,202108,на Ломоносова,Nuke,NK earth-5320,52,370968,172380.0
2021-09-01,2021,202109,на Ломоносова,Nuke,NK earth-5320,55,387860,182325.0
2021-10-01,2021,202110,на Ломоносова,Nuke,NK earth-5320,45,343845,149175.0
2021-11-01,2021,202111,на Ломоносова,Nuke,NK earth-5320,33,262482,109395.0
2021-12-01,2021,202112,на Ломоносова,Nuke,NK earth-5320,39,282009,129285.0
2022-01-01,2022,202201,на Ломоносова,Nuke,NK earth-5320,57,473499,188955.0
2022-02-01,2022,202202,на Ломоносова,Nuke,NK earth-5320,36,274428,119340.0
2022-03-01,2022,202203,на Ломоносова,Nuke,NK earth-5320,29,206509,96135.0
2022-04-01,2022,202204,на Ломоносова,Nuke,NK earth-5320,54,416664,179010.0
2022-05-01,2022,202205,на Ломоносова,Nuke,NK earth-5320,68,536044,225420.0
2022-06-01,2022,202206,на Ломоносова,Nuke,NK earth-5320,64,525120,212160.0
2022-07-01,2022,202207,на Ломоносова,Nuke,NK earth-5320,68,434384,225420.0
2022-08-01,2022,202208,на Ломоносова,Nuke,NK earth-5320,57,451611,188955.0
2022-09-01,2022,202209,на Ломоносова,Nuke,NK earth-5320,61,455975,202215.0
2022-10-01,2022,202210,на Ломоносова,Nuke,NK earth-5320,50,407000,165750.0
2022-11-01,2022,202211,на Ломоносова,Nuke,NK earth-5320,36,261360,119340.0
2022-12-01,2022,202212,на Ломоносова,Nuke,NK earth-5320,43,330713,142545.0
2021-01-01,2021,202101,на Ломоносова,Nuke,NK ais-5028,57,612066,267900.0
2021-02-01,2021,202102,на Ломоносова,Nuke,NK ais-5028,36,409284,169200.0
2021-03-01,2021,202103,на Ломоносова,Nuke,NK ais-5028,29,317405,136300.0
2021-04-01,2021,202104,на Ломоносова,Nuke,NK ais-5028,53,608016,249100.0
2021-05-01,2021,202105,на Ломоносова,Nuke,NK ais-5028,68,806480,319600.0
2021-06-01,2021,202106,на Ломоносова,Nuke,NK ais-5028,64,753280,300800.0
2021-07-01,2021,202107,на Ломоносова,Nuke,NK ais-5028,68,664224,319600.0
2021-08-01,2021,202108,на Ломоносова,Nuke,NK ais-5028,57,631959,267900.0
2021-09-01,2021,202109,на Ломоносова,Nuke,NK ais-5028,60,622560,282000.0
2021-10-01,2021,202110,на Ломоносова,Nuke,NK ais-5028,50,558650,235000.0
2021-11-01,2021,202111,на Ломоносова,Nuke,NK ais-5028,36,405864,169200.0
2021-12-01,2021,202112,на Ломоносова,Nuke,NK ais-5028,43,470936,202100.0
2022-01-01,2022,202201,на Ломоносова,Nuke,NK ais-5028,63,676242,296100.0
2022-02-01,2022,202202,на Ломоносова,Nuke,NK ais-5028,39,461019,183300.0
2022-03-01,2022,202203,на Ломоносова,Nuke,NK ais-5028,32,353888,150400.0
2022-04-01,2022,202204,на Ломоносова,Nuke,NK ais-5028,59,669237,277300.0
2022-05-01,2022,202205,на Ломоносова,Nuke,NK ais-5028,74,852184,347800.0
2022-06-01,2022,202206,на Ломоносова,Nuke,NK ais-5028,70,822710,329000.0
2022-07-01,2022,202207,на Ломоносова,Nuke,NK ais-5028,74,699374,347800.0
2022-08-01,2022,202208,на Ломоносова,Nuke,NK ais-5028,63,717129,296100.0
2022-09-01,2022,202209,на Ломоносова,Nuke,NK ais-5028,66,734316,310200.0
2022-10-01,2022,202210,на Ломоносова,Nuke,NK ais-5028,55,626890,258500.0
2022-11-01,2022,202211,на Ломоносова,Nuke,NK ais-5028,39,430716,183300.0
2022-12-01,2022,202212,на Ломоносова,Nuke,NK ais-5028,47,493218,220900.0
2021-01-01,2021,202101,на Ломоносова,Nuke,NK ice-4908,60,626340,322140.0
2021-02-01,2021,202102,на Ломоносова,Nuke,NK ice-4908,38,397708,204022.0
2021-03-01,2021,202103,на Ломоносова,Nuke,NK ice-4908,30,294930,161070.0
2021-04-01,2021,202104,на Ломоносова,Nuke,NK ice-4908,56,589008,300664.0
2021-05-01,2021,202105,на Ломоносова,Nuke,NK ice-4908,71,768788,381199.0
2021-06-01,2021,202106,на Ломоносова,Nuke,NK ice-4908,67,713416,359723.0
2021-07-01,2021,202107,на Ломоносова,Nuke,NK ice-4908,71,639000,381199.0
2021-08-01,2021,202108,на Ломоносова,Nuke,NK ice-4908,60,579360,322140.0
2021-09-01,2021,202109,на Ломоносова,Nuke,NK ice-4908,64,628672,343616.0
2021-10-01,2021,202110,на Ломоносова,Nuke,NK ice-4908,53,548868,284557.0
2021-11-01,2021,202111,на Ломоносова,Nuke,NK ice-4908,38,399912,204022.0
2021-12-01,2021,202112,на Ломоносова,Nuke,NK ice-4908,45,445545,241605.0
2022-01-01,2022,202201,на Ломоносова,Nuke,NK ice-4908,66,675444,354354.0
2022-02-01,2022,202202,на Ломоносова,Nuke,NK ice-4908,41,428696,220129.0
2022-03-01,2022,202203,на Ломоносова,Nuke,NK ice-4908,33,317460,177177.0
2022-04-01,2022,202204,на Ломоносова,Nuke,NK ice-4908,62,671088,332878.0
2022-05-01,2022,202205,на Ломоносова,Nuke,NK ice-4908,78,826722,418782.0
2022-06-01,2022,202206,на Ломоносова,Nuke,NK ice-4908,74,767158,397306.0
2022-07-01,2022,202207,на Ломоносова,Nuke,NK ice-4908,78,657228,418782.0
2022-08-01,2022,202208,на Ломоносова,Nuke,NK ice-4908,66,662442,354354.0
2022-09-01,2022,202209,на Ломоносова,Nuke,NK ice-4908,70,682920,375830.0
2022-10-01,2022,202210,на Ломоносова,Nuke,NK ice-4908,58,592238,311402.0
2022-11-01,2022,202211,на Ломоносова,Nuke,NK ice-4908,41,411763,220129.0
2022-12-01,2022,202212,на Ломоносова,Nuke,NK ice-4908,50,499100,268450.0
2021-01-01,2021,202101,на Ломоносова,Nuke,NK ai-2826,43,512775,236500.0
2021-02-01,2021,202102,на Ломоносова,Nuke,NK ai-2826,27,337824,148500.0
2021-03-01,2021,202103,на Ломоносова,Nuke,NK ai-2826,22,263076,121000.0
2021-04-01,2021,202104,на Ломоносова,Nuke,NK ai-2826,40,510680,220000.0
2021-05-01,2021,202105,на Ломоносова,Nuke,NK ai-2826,51,649332,280500.0
2021-06-01,2021,202106,на Ломоносова,Nuke,NK ai-2826,48,594144,264000.0
2021-07-01,2021,202107,на Ломоносова,Nuke,NK ai-2826,51,524637,280500.0
2021-08-01,2021,202108,на Ломоносова,Nuke,NK ai-2826,43,508217,236500.0
2021-09-01,2021,202109,на Ломоносова,Nuke,NK ai-2826,45,546480,247500.0
2021-10-01,2021,202110,на Ломоносова,Nuke,NK ai-2826,38,459990,209000.0
2021-11-01,2021,202111,на Ломоносова,Nuke,NK ai-2826,27,321705,148500.0
2021-12-01,2021,202112,на Ломоносова,Nuke,NK ai-2826,32,393248,176000.0
2022-01-01,2022,202201,на Ломоносова,Nuke,NK ai-2826,47,605548,258500.0
2022-02-01,2022,202202,на Ломоносова,Nuke,NK ai-2826,30,373950,165000.0
2022-03-01,2022,202203,на Ломоносова,Nuke,NK ai-2826,24,272352,132000.0
2022-04-01,2022,202204,на Ломоносова,Nuke,NK ai-2826,44,576048,242000.0
2022-05-01,2022,202205,на Ломоносова,Nuke,NK ai-2826,56,714840,308000.0
2022-06-01,2022,202206,на Ломоносова,Nuke,NK ai-2826,53,619888,291500.0
2022-07-01,2022,202207,на Ломоносова,Nuke,NK ai-2826,56,608664,308000.0
2022-08-01,2022,202208,на Ломоносова,Nuke,NK ai-2826,47,528374,258500.0
2022-09-01,2022,202209,на Ломоносова,Nuke,NK ai-2826,50,592900,275000.0
2022-10-01,2022,202210,на Ломоносова,Nuke,NK ai-2826,41,497494,225500.0
2022-11-01,2022,202211,на Ломоносова,Nuke,NK ai-2826,30,367230,165000.0
2022-12-01,2022,202212,на Ломоносова,Nuke,NK ai-2826,35,400925,192500.0
2021-01-01,2021,202101,на Ломоносова,Rubok,RB air-7636,13,51831,19656.0
2021-02-01,2021,202102,на Ломоносова,Rubok,RB air-7636,9,37890,13608.0
2021-03-01,2021,202103,на Ломоносова,Rubok,RB air-7636,7,24234,10584.0
2021-04-01,2021,202104,на Ломоносова,Rubok,RB air-7636,13,60762,19656.0
2021-05-01,2021,202105,на Ломоносова,Rubok,RB air-7636,16,77472,24192.0
2021-06-01,2021,202106,на Ломоносова,Rubok,RB air-7636,15,69600,22680.0
2021-07-01,2021,202107,на Ломоносова,Rubok,RB air-7636,16,36048,24192.0
2021-08-01,2021,202108,на Ломоносова,Rubok,RB air-7636,13,47593,19656.0
2021-09-01,2021,202109,на Ломоносова,Rubok,RB air-7636,14,42700,21168.0
2021-10-01,2021,202110,на Ломоносова,Rubok,RB air-7636,12,54000,18144.0
2021-11-01,2021,202111,на Ломоносова,Rubok,RB air-7636,9,37683,13608.0
2021-12-01,2021,202112,на Ломоносова,Rubok,RB air-7636,10,36190,15120.0
2022-01-01,2022,202201,на Ломоносова,Rubok,RB air-7636,15,65970,22680.0
2022-02-01,2022,202202,на Ломоносова,Rubok,RB air-7636,9,39843,13608.0
2022-03-01,2022,202203,на Ломоносова,Rubok,RB air-7636,8,27272,12096.0
2022-04-01,2022,202204,на Ломоносова,Rubok,RB air-7636,14,64288,21168.0
2022-05-01,2022,202205,на Ломоносова,Rubok,RB air-7636,17,75803,25704.0
2022-06-01,2022,202206,на Ломоносова,Rubok,RB air-7636,17,60486,25704.0
2022-07-01,2022,202207,на Ломоносова,Rubok,RB air-7636,17,40630,25704.0
2022-08-01,2022,202208,на Ломоносова,Rubok,RB air-7636,15,54420,22680.0
2022-09-01,2022,202209,на Ломоносова,Rubok,RB air-7636,16,50736,24192.0
2022-10-01,2022,202210,на Ломоносова,Rubok,RB air-7636,13,53924,19656.0
2022-11-01,2022,202211,на Ломоносова,Rubok,RB air-7636,9,39375,13608.0
2022-12-01,2022,202212,на Ломоносова,Rubok,RB air-7636,11,40953,16632.0
2021-01-01,2021,202101,на Ломоносова,Rubok,RB grou-5163,16,46464,12512.0
2021-02-01,2021,202102,на Ломоносова,Rubok,RB grou-5163,10,28510,7820.0
2021-03-01,2021,202103,на Ломоносова,Rubok,RB grou-5163,8,15256,6256.0
2021-04-01,2021,202104,на Ломоносова,Rubok,RB grou-5163,15,44160,11730.0
2021-05-01,2021,202105,на Ломоносова,Rubok,RB grou-5163,19,58007,14858.0
2021-06-01,2021,202106,на Ломоносова,Rubok,RB grou-5163,18,44856,14076.0
2021-07-01,2021,202107,на Ломоносова,Rubok,RB grou-5163,19,27588,14858.0
2021-08-01,2021,202108,на Ломоносова,Rubok,RB grou-5163,16,43856,12512.0
2021-09-01,2021,202109,на Ломоносова,Rubok,RB grou-5163,17,47617,13294.0
2021-10-01,2021,202110,на Ломоносова,Rubok,RB grou-5163,14,40460,10948.0
2021-11-01,2021,202111,на Ломоносова,Rubok,RB grou-5163,10,22320,7820.0
2021-12-01,2021,202112,на Ломоносова,Rubok,RB grou-5163,12,30756,9384.0
2022-01-01,2022,202201,на Ломоносова,Rubok,RB grou-5163,18,45180,14076.0
2022-02-01,2022,202202,на Ломоносова,Rubok,RB grou-5163,11,37609,8602.0
2022-03-01,2022,202203,на Ломоносова,Rubok,RB grou-5163,9,25110,7038.0
2022-04-01,2022,202204,на Ломоносова,Rubok,RB grou-5163,17,50779,13294.0
2022-05-01,2022,202205,на Ломоносова,Rubok,RB grou-5163,21,82383,16422.0
2022-06-01,2022,202206,на Ломоносова,Rubok,RB grou-5163,20,50500,15640.0
2022-07-01,2022,202207,на Ломоносова,Rubok,RB grou-5163,21,30093,16422.0
2022-08-01,2022,202208,на Ломоносова,Rubok,RB grou-5163,18,42912,14076.0
2022-09-01,2022,202209,на Ломоносова,Rubok,RB grou-5163,19,52649,14858.0
2022-10-01,2022,202210,на Ломоносова,Rubok,RB grou-5163,16,45456,12512.0
2022-11-01,2022,202211,на Ломоносова,Rubok,RB grou-5163,11,35970,8602.0
2022-12-01,2022,202212,на Ломоносова,Rubok,RB grou-5163,14,29274,10948.0
2021-01-01,2021,202101,на Ломоносова,Rubok,RB gre-1678,15,78465,26250.0
2021-02-01,2021,202102,на Ломоносова,Rubok,RB gre-1678,9,49284,15750.0
2021-03-01,2021,202103,на Ломоносова,Rubok,RB gre-1678,8,31664,14000.0
2021-04-01,2021,202104,на Ломоносова,Rubok,RB gre-1678,14,78498,24500.0
2021-05-01,2021,202105,на Ломоносова,Rubok,RB gre-1678,18,93780,31500.0
2021-06-01,2021,202106,на Ломоносова,Rubok,RB gre-1678,17,81141,29750.0
2021-07-01,2021,202107,на Ломоносова,Rubok,RB gre-1678,18,57456,31500.0
2021-08-01,2021,202108,на Ломоносова,Rubok,RB gre-1678,15,68250,26250.0
2021-09-01,2021,202109,на Ломоносова,Rubok,RB gre-1678,16,69456,28000.0
2021-10-01,2021,202110,на Ломоносова,Rubok,RB gre-1678,13,64259,22750.0
2021-11-01,2021,202111,на Ломоносова,Rubok,RB gre-1678,9,43137,15750.0
2021-12-01,2021,202112,на Ломоносова,Rubok,RB gre-1678,11,49115,19250.0
2022-01-01,2022,202201,на Ломоносова,Rubok,RB gre-1678,16,75264,28000.0
2022-02-01,2022,202202,на Ломоносова,Rubok,RB gre-1678,10,56250,17500.0
2022-03-01,2022,202203,на Ломоносова,Rubok,RB gre-1678,8,30224,14000.0
2022-04-01,2022,202204,на Ломоносова,Rubok,RB gre-1678,15,76305,26250.0
2022-05-01,2022,202205,на Ломоносова,Rubok,RB gre-1678,19,107635,33250.0
2022-06-01,2022,202206,на Ломоносова,Rubok,RB gre-1678,18,84132,31500.0
2022-07-01,2022,202207,на Ломоносова,Rubok,RB gre-1678,19,70870,33250.0
2022-08-01,2022,202208,на Ломоносова,Rubok,RB gre-1678,16,73536,28000.0
2022-09-01,2022,202209,на Ломоносова,Rubok,RB gre-1678,17,78574,29750.0
2022-10-01,2022,202210,на Ломоносова,Rubok,RB gre-1678,14,61572,24500.0
2022-11-01,2022,202211,на Ломоносова,Rubok,RB gre-1678,10,42570,17500.0
2022-12-01,2022,202212,на Ломоносова,Rubok,RB gre-1678,12,53820,21000.0
2021-01-01,2021,202101,на Ломоносова,Rubok,RB earth-5369,13,68445,32760.0
2021-02-01,2021,202102,на Ломоносова,Rubok,RB earth-5369,9,50967,22680.0
2021-03-01,2021,202103,на Ломоносова,Rubok,RB earth-5369,7,30086,17640.0
2021-04-01,2021,202104,на Ломоносова,Rubok,RB earth-5369,13,73580,32760.0
2021-05-01,2021,202105,на Ломоносова,Rubok,RB earth-5369,16,94784,40320.0
2021-06-01,2021,202106,на Ломоносова,Rubok,RB earth-5369,15,91260,37800.0
2021-07-01,2021,202107,на Ломоносова,Rubok,RB earth-5369,16,62384,40320.0
2021-08-01,2021,202108,на Ломоносова,Rubok,RB earth-5369,13,70746,32760.0
2021-09-01,2021,202109,на Ломоносова,Rubok,RB earth-5369,14,74928,35280.0
2021-10-01,2021,202110,на Ломоносова,Rubok,RB earth-5369,12,60300,30240.0
2021-11-01,2021,202111,на Ломоносова,Rubok,RB earth-5369,9,47925,22680.0
2021-12-01,2021,202112,на Ломоносова,Rubok,RB earth-5369,10,45410,25200.0
2022-01-01,2022,202201,на Ломоносова,Rubok,RB earth-5369,15,76815,37800.0
2022-02-01,2022,202202,на Ломоносова,Rubok,RB earth-5369,9,51894,22680.0
2022-03-01,2022,202203,на Ломоносова,Rubok,RB earth-5369,8,37800,20160.0
2022-04-01,2022,202204,на Ломоносова,Rubok,RB earth-5369,14,81816,35280.0
2022-05-01,2022,202205,на Ломоносова,Rubok,RB earth-5369,17,113407,42840.0
2022-06-01,2022,202206,на Ломоносова,Rubok,RB earth-5369,17,88145,42840.0
2022-07-01,2022,202207,на Ломоносова,Rubok,RB earth-5369,17,67711,42840.0
2022-08-01,2022,202208,на Ломоносова,Rubok,RB earth-5369,15,74730,37800.0
2022-09-01,2022,202209,на Ломоносова,Rubok,RB earth-5369,16,77152,40320.0
2022-10-01,2022,202210,на Ломоносова,Rubok,RB earth-5369,13,73697,32760.0
2022-11-01,2022,202211,на Ломоносова,Rubok,RB earth-5369,9,47997,22680.0
2022-12-01,2022,202212,на Ломоносова,Rubok,RB earth-5369,11,56364,27720.0
2021-01-01,2021,202101,на Ломоносова,Rubok,RB ais-8935,17,50201,15708.0
2021-02-01,2021,202102,на Ломоносова,Rubok,RB ais-8935,11,45694,10164.0
2021-03-01,2021,202103,на Ломоносова,Rubok,RB ais-8935,9,27081,8316.0
2021-04-01,2021,202104,на Ломоносова,Rubok,RB ais-8935,16,55888,14784.0
2021-05-01,2021,202105,на Ломоносова,Rubok,RB ais-8935,20,76440,18480.0
2021-06-01,2021,202106,на Ломоносова,Rubok,RB ais-8935,19,70642,17556.0
2021-07-01,2021,202107,на Ломоносова,Rubok,RB ais-8935,20,41040,18480.0
2021-08-01,2021,202108,на Ломоносова,Rubok,RB ais-8935,17,45594,15708.0
2021-09-01,2021,202109,на Ломоносова,Rubok,RB ais-8935,18,56988,16632.0
2021-10-01,2021,202110,на Ломоносова,Rubok,RB ais-8935,15,63885,13860.0
2021-11-01,2021,202111,на Ломоносова,Rubok,RB ais-8935,11,37411,10164.0
2021-12-01,2021,202112,на Ломоносова,Rubok,RB ais-8935,13,36829,12012.0
2022-01-01,2022,202201,на Ломоносова,Rubok,RB ais-8935,19,71668,17556.0
2022-02-01,2022,202202,на Ломоносова,Rubok,RB ais-8935,12,46560,11088.0
2022-03-01,2022,202203,на Ломоносова,Rubok,RB ais-8935,10,26280,9240.0
2022-04-01,2022,202204,на Ломоносова,Rubok,RB ais-8935,18,75726,16632.0
2022-05-01,2022,202205,на Ломоносова,Rubok,RB ais-8935,22,96580,20328.0
2022-06-01,2022,202206,на Ломоносова,Rubok,RB ais-8935,21,82131,19404.0
2022-07-01,2022,202207,на Ломоносова,Rubok,RB ais-8935,22,43120,20328.0
2022-08-01,2022,202208,на Ломоносова,Rubok,RB ais-8935,19,45182,17556.0
2022-09-01,2022,202209,на Ломоносова,Rubok,RB ais-8935,20,55880,18480.0
2022-10-01,2022,202210,на Ломоносова,Rubok,RB ais-8935,16,52144,14784.0
2022-11-01,2022,202211,на Ломоносова,Rubok,RB ais-8935,12,38460,11088.0
2022-12-01,2022,202212,на Ломоносова,Rubok,RB ais-8935,14,38850,12936.0
2021-01-01,2021,202101,на Ломоносова,Rubok,RB ice-6256,14,48132,15288.0
2021-02-01,2021,202102,на Ломоносова,Rubok,RB ice-6256,9,38475,9828.0
2021-03-01,2021,202103,на Ломоносова,Rubok,RB ice-6256,7,23471,7644.0
2021-04-01,2021,202104,на Ломоносова,Rubok,RB ice-6256,13,53053,14196.0
2021-05-01,2021,202105,на Ломоносова,Rubok,RB ice-6256,16,72528,17472.0
2021-06-01,2021,202106,на Ломоносова,Rubok,RB ice-6256,15,57570,16380.0
2021-07-01,2021,202107,на Ломоносова,Rubok,RB ice-6256,16,34880,17472.0
2021-08-01,2021,202108,на Ломоносова,Rubok,RB ice-6256,14,52010,15288.0
2021-09-01,2021,202109,на Ломоносова,Rubok,RB ice-6256,15,59040,16380.0
2021-10-01,2021,202110,на Ломоносова,Rubok,RB ice-6256,12,46980,13104.0
2021-11-01,2021,202111,на Ломоносова,Rubok,RB ice-6256,9,30060,9828.0
2021-12-01,2021,202112,на Ломоносова,Rubok,RB ice-6256,10,30890,10920.0
2022-01-01,2022,202201,на Ломоносова,Rubok,RB ice-6256,15,47415,16380.0
2022-02-01,2022,202202,на Ломоносова,Rubok,RB ice-6256,10,38800,10920.0
2022-03-01,2022,202203,на Ломоносова,Rubok,RB ice-6256,8,29992,8736.0
2022-04-01,2022,202204,на Ломоносова,Rubok,RB ice-6256,14,65352,15288.0
2022-05-01,2022,202205,на Ломоносова,Rubok,RB ice-6256,18,77436,19656.0
2022-06-01,2022,202206,на Ломоносова,Rubok,RB ice-6256,17,64005,18564.0
2022-07-01,2022,202207,на Ломоносова,Rubok,RB ice-6256,18,43884,19656.0
2022-08-01,2022,202208,на Ломоносова,Rubok,RB ice-6256,15,53730,16380.0
2022-09-01,2022,202209,на Ломоносова,Rubok,RB ice-6256,16,44960,17472.0
2022-10-01,2022,202210,на Ломоносова,Rubok,RB ice-6256,13,55146,14196.0
2022-11-01,2022,202211,на Ломоносова,Rubok,RB ice-6256,10,43190,10920.0
2022-12-01,2022,202212,на Ломоносова,Rubok,RB ice-6256,11,36322,12012.0
2021-01-01,2021,202101,на Ломоносова,Rubok,RB ai-9349,17,62781,14858.0
2021-02-01,2021,202102,на Ломоносова,Rubok,RB ai-9349,11,39314,9614.0
2021-03-01,2021,202103,на Ломоносова,Rubok,RB ai-9349,9,25686,7866.0
2021-04-01,2021,202104,на Ломоносова,Rubok,RB ai-9349,16,59280,13984.0
2021-05-01,2021,202105,на Ломоносова,Rubok,RB ai-9349,21,90993,18354.0
2021-06-01,2021,202106,на Ломоносова,Rubok,RB ai-9349,20,69180,17480.0
2021-07-01,2021,202107,на Ломоносова,Rubok,RB ai-9349,21,43344,18354.0
2021-08-01,2021,202108,на Ломоносова,Rubok,RB ai-9349,17,39950,14858.0
2021-09-01,2021,202109,на Ломоносова,Rubok,RB ai-9349,19,64220,16606.0
2021-10-01,2021,202110,на Ломоносова,Rubok,RB ai-9349,15,54540,13110.0
2021-11-01,2021,202111,на Ломоносова,Rubok,RB ai-9349,11,28347,9614.0
2021-12-01,2021,202112,на Ломоносова,Rubok,RB ai-9349,13,31317,11362.0
2022-01-01,2022,202201,на Ломоносова,Rubok,RB ai-9349,19,61598,16606.0
2022-02-01,2022,202202,на Ломоносова,Rubok,RB ai-9349,12,38700,10488.0
2022-03-01,2022,202203,на Ломоносова,Rubok,RB ai-9349,10,25860,8740.0
2022-04-01,2022,202204,на Ломоносова,Rubok,RB ai-9349,18,66978,15732.0
2022-05-01,2022,202205,на Ломоносова,Rubok,RB ai-9349,23,76222,20102.0
2022-06-01,2022,202206,на Ломоносова,Rubok,RB ai-9349,22,73370,19228.0
2022-07-01,2022,202207,на Ломоносова,Rubok,RB ai-9349,23,28865,20102.0
2022-08-01,2022,202208,на Ломоносова,Rubok,RB ai-9349,19,49970,16606.0
2022-09-01,2022,202209,на Ломоносова,Rubok,RB ai-9349,20,53060,17480.0
2022-10-01,2022,202210,на Ломоносова,Rubok,RB ai-9349,17,65178,14858.0
2022-11-01,2022,202211,на Ломоносова,Rubok,RB ai-9349,12,33060,10488.0
2022-12-01,2022,202212,на Ломоносова,Rubok,RB ai-9349,15,42285,13110.0
2021-01-01,2021,202101,на Гагарина,Galosha,KA air-9558,38,424650,228000.0
2021-02-01,2021,202102,на Гагарина,Galosha,KA air-9558,24,269040,144000.0
2021-03-01,2021,202103,на Гагарина,Galosha,KA air-9558,19,205618,114000.0
2021-04-01,2021,202104,на Гагарина,Galosha,KA air-9558,36,429804,216000.0
2021-05-01,2021,202105,на Гагарина,Galosha,KA air-9558,45,529065,270000.0
2021-06-01,2021,202106,на Гагарина,Galosha,KA air-9558,43,493898,258000.0
2021-07-01,2021,202107,на Гагарина,Galosha,KA air-9558,45,456570,270000.0
2021-08-01,2021,202108,на Гагарина,Galosha,KA air-9558,38,413212,228000.0
2021-09-01,2021,202109,на Гагарина,Galosha,KA air-9558,41,438495,246000.0
2021-10-01,2021,202110,на Гагарина,Galosha,KA air-9558,34,404328,204000.0
2021-11-01,2021,202111,на Гагарина,Galosha,KA air-9558,24,273120,144000.0
2021-12-01,2021,202112,на Гагарина,Galosha,KA air-9558,29,313664,174000.0
2022-01-01,2022,202201,на Гагарина,Galosha,KA air-9558,42,462420,252000.0
2022-02-01,2022,202202,на Гагарина,Galosha,KA air-9558,26,300170,156000.0
2022-03-01,2022,202203,на Гагарина,Galosha,KA air-9558,21,232344,126000.0
2022-04-01,2022,202204,на Гагарина,Galosha,KA air-9558,39,455013,234000.0
2022-05-01,2022,202205,на Гагарина,Galosha,KA air-9558,50,597550,300000.0
2022-06-01,2022,202206,на Гагарина,Galosha,KA air-9558,47,552955,282000.0
2022-07-01,2022,202207,на Гагарина,Galosha,KA air-9558,50,488500,300000.0
2022-08-01,2022,202208,на Гагарина,Galosha,KA air-9558,42,470106,252000.0
2022-09-01,2022,202209,на Гагарина,Galosha,KA air-9558,45,506250,270000.0
2022-10-01,2022,202210,на Гагарина,Galosha,KA air-9558,37,430051,222000.0
2022-11-01,2022,202211,на Гагарина,Galosha,KA air-9558,26,283322,156000.0
2022-12-01,2022,202212,на Гагарина,Galosha,KA air-9558,32,344736,192000.0
2021-01-01,2021,202101,на Гагарина,Galosha,KA grou-7567,35,469000,247800.0
2021-02-01,2021,202102,на Гагарина,Galosha,KA grou-7567,22,296912,155760.0
2021-03-01,2021,202103,на Гагарина,Galosha,KA grou-7567,18,235260,127440.0
2021-04-01,2021,202104,на Гагарина,Galosha,KA grou-7567,33,442497,233640.0
2021-05-01,2021,202105,на Гагарина,Galosha,KA grou-7567,42,588924,297360.0
2021-06-01,2021,202106,на Гагарина,Galosha,KA grou-7567,39,523887,276120.0
2021-07-01,2021,202107,на Гагарина,Galosha,KA grou-7567,42,507066,297360.0
2021-08-01,2021,202108,на Гагарина,Galosha,KA grou-7567,35,468755,247800.0
2021-09-01,2021,202109,на Гагарина,Galosha,KA grou-7567,37,489510,261960.0
2021-10-01,2021,202110,на Гагарина,Galosha,KA grou-7567,31,430156,219480.0
2021-11-01,2021,202111,на Гагарина,Galosha,KA grou-7567,22,282172,155760.0
2021-12-01,2021,202112,на Гагарина,Galosha,KA grou-7567,26,326534,184080.0
2022-01-01,2022,202201,на Гагарина,Galosha,KA grou-7567,39,520767,276120.0
2022-02-01,2022,202202,на Гагарина,Galosha,KA grou-7567,24,330864,169920.0
2022-03-01,2022,202203,на Гагарина,Galosha,KA grou-7567,20,252640,141600.0
2022-04-01,2022,202204,на Гагарина,Galosha,KA grou-7567,36,504108,254880.0
2022-05-01,2022,202205,на Гагарина,Galosha,KA grou-7567,46,658536,325680.0
2022-06-01,2022,202206,на Гагарина,Galosha,KA grou-7567,43,583553,304440.0
2022-07-01,2022,202207,на Гагарина,Galosha,KA grou-7567,46,542432,325680.0
2022-08-01,2022,202208,на Гагарина,Galosha,KA grou-7567,39,487227,276120.0
2022-09-01,2022,202209,на Гагарина,Galosha,KA grou-7567,41,498273,290280.0
2022-10-01,2022,202210,на Гагарина,Galosha,KA grou-7567,34,470628,240720.0
2022-11-01,2022,202211,на Гагарина,Galosha,KA grou-7567,24,308064,169920.0
2022-12-01,2022,202212,на Гагарина,Galosha,KA grou-7567,29,355192,205320.0
2021-01-01,2021,202101,на Гагарина,Galosha,KA gre-2749,35,917630,367500.0
2021-02-01,2021,202102,на Гагарина,Galosha,KA gre-2749,22,577434,231000.0
2021-03-01,2021,202103,на Гагарина,Galosha,KA gre-2749,18,463140,189000.0
2021-04-01,2021,202104,на Гагарина,Galosha,KA gre-2749,33,863412,346500.0
2021-05-01,2021,202105,на Гагарина,Galosha,KA gre-2749,42,1123458,441000.0
2021-06-01,2021,202106,на Гагарина,Galosha,KA gre-2749,39,1037790,409500.0
2021-07-01,2021,202107,на Гагарина,Galosha,KA gre-2749,42,1015182,441000.0
2021-08-01,2021,202108,на Гагарина,Galosha,KA gre-2749,35,884660,367500.0
2021-09-01,2021,202109,на Гагарина,Galosha,KA gre-2749,37,939208,388500.0
2021-10-01,2021,202110,на Гагарина,Galosha,KA gre-2749,31,819268,325500.0
2021-11-01,2021,202111,на Гагарина,Galosha,KA gre-2749,22,585046,231000.0
2021-12-01,2021,202112,на Гагарина,Galosha,KA gre-2749,26,672048,273000.0
2022-01-01,2022,202201,на Гагарина,Galosha,KA gre-2749,39,1026012,409500.0
2022-02-01,2022,202202,на Гагарина,Galosha,KA gre-2749,24,631248,252000.0
2022-03-01,2022,202203,на Гагарина,Galosha,KA gre-2749,20,503520,210000.0
2022-04-01,2022,202204,на Гагарина,Galosha,KA gre-2749,36,966708,378000.0
2022-05-01,2022,202205,на Гагарина,Galosha,KA gre-2749,46,1219046,483000.0
2022-06-01,2022,202206,на Гагарина,Galosha,KA gre-2749,43,1106304,451500.0
2022-07-01,2022,202207,на Гагарина,Galosha,KA gre-2749,46,1130358,483000.0
2022-08-01,2022,202208,на Гагарина,Galosha,KA gre-2749,39,996801,409500.0
2022-09-01,2022,202209,на Гагарина,Galosha,KA gre-2749,41,1083999,430500.0
2022-10-01,2022,202210,на Гагарина,Galosha,KA gre-2749,34,887400,357000.0
2022-11-01,2022,202211,на Гагарина,Galosha,KA gre-2749,24,638160,252000.0
2022-12-01,2022,202212,на Гагарина,Galosha,KA gre-2749,29,750027,304500.0
2021-01-01,2021,202101,на Гагарина,Galosha,KA earth-3018,38,703494,284240.0
2021-02-01,2021,202102,на Гагарина,Galosha,KA earth-3018,24,449136,179520.0
2021-03-01,2021,202103,на Гагарина,Galosha,KA earth-3018,19,339454,142120.0
2021-04-01,2021,202104,на Гагарина,Galosha,KA earth-3018,36,665928,269280.0
2021-05-01,2021,202105,на Гагарина,Galosha,KA earth-3018,45,870570,336600.0
2021-06-01,2021,202106,на Гагарина,Galosha,KA earth-3018,43,764153,321640.0
2021-07-01,2021,202107,на Гагарина,Galosha,KA earth-3018,45,758205,336600.0
2021-08-01,2021,202108,на Гагарина,Galosha,KA earth-3018,38,681416,284240.0
2021-09-01,2021,202109,на Гагарина,Galosha,KA earth-3018,40,693760,299200.0
2021-10-01,2021,202110,на Гагарина,Galosha,KA earth-3018,33,598125,246840.0
2021-11-01,2021,202111,на Гагарина,Galosha,KA earth-3018,24,444552,179520.0
2021-12-01,2021,202112,на Гагарина,Galosha,KA earth-3018,29,534876,216920.0
2022-01-01,2022,202201,на Гагарина,Galosha,KA earth-3018,42,774270,314160.0
2022-02-01,2022,202202,на Гагарина,Galosha,KA earth-3018,26,469040,194480.0
2022-03-01,2022,202203,на Гагарина,Galosha,KA earth-3018,21,367731,157080.0
2022-04-01,2022,202204,на Гагарина,Galosha,KA earth-3018,39,743184,291720.0
2022-05-01,2022,202205,на Гагарина,Galosha,KA earth-3018,49,927129,366520.0
2022-06-01,2022,202206,на Гагарина,Galosha,KA earth-3018,47,863437,351560.0
2022-07-01,2022,202207,на Гагарина,Galosha,KA earth-3018,49,817271,366520.0
2022-08-01,2022,202208,на Гагарина,Galosha,KA earth-3018,42,757134,314160.0
2022-09-01,2022,202209,на Гагарина,Galosha,KA earth-3018,44,777568,329120.0
2022-10-01,2022,202210,на Гагарина,Galosha,KA earth-3018,37,703000,276760.0
2022-11-01,2022,202211,на Гагарина,Galosha,KA earth-3018,26,483314,194480.0
2022-12-01,2022,202212,на Гагарина,Galosha,KA earth-3018,31,559829,231880.0
2021-01-01,2021,202101,на Гагарина,Galosha,KA ais-3700,30,944340,504000.0
2021-02-01,2021,202102,на Гагарина,Galosha,KA ais-3700,19,593674,319200.0
2021-03-01,2021,202103,на Гагарина,Galosha,KA ais-3700,15,460905,252000.0
2021-04-01,2021,202104,на Гагарина,Galosha,KA ais-3700,28,904456,470400.0
2021-05-01,2021,202105,на Гагарина,Galosha,KA ais-3700,35,1113875,588000.0
2021-06-01,2021,202106,на Гагарина,Galosha,KA ais-3700,33,1041447,554400.0
2021-07-01,2021,202107,на Гагарина,Galosha,KA ais-3700,35,1027740,588000.0
2021-08-01,2021,202108,на Гагарина,Galosha,KA ais-3700,30,924810,504000.0
2021-09-01,2021,202109,на Гагарина,Galosha,KA ais-3700,31,964534,520800.0
2021-10-01,2021,202110,на Гагарина,Galosha,KA ais-3700,26,815750,436800.0
2021-11-01,2021,202111,на Гагарина,Galosha,KA ais-3700,19,586682,319200.0
2021-12-01,2021,202112,на Гагарина,Galosha,KA ais-3700,22,669064,369600.0
2022-01-01,2022,202201,на Гагарина,Galosha,KA ais-3700,33,1035936,554400.0
2022-02-01,2022,202202,на Гагарина,Galosha,KA ais-3700,21,651273,352800.0
2022-03-01,2022,202203,на Гагарина,Galosha,KA ais-3700,17,520200,285600.0
2022-04-01,2022,202204,на Гагарина,Galosha,KA ais-3700,31,992930,520800.0
2022-05-01,2022,202205,на Гагарина,Galosha,KA ais-3700,39,1241214,655200.0
2022-06-01,2022,202206,на Гагарина,Galosha,KA ais-3700,37,1169940,621600.0
2022-07-01,2022,202207,на Гагарина,Galosha,KA ais-3700,39,1173549,655200.0
2022-08-01,2022,202208,на Гагарина,Galosha,KA ais-3700,33,1019865,554400.0
2022-09-01,2022,202209,на Гагарина,Galosha,KA ais-3700,35,1082970,588000.0
2022-10-01,2022,202210,на Гагарина,Galosha,KA ais-3700,29,904075,487200.0
2022-11-01,2022,202211,на Гагарина,Galosha,KA ais-3700,21,662109,352800.0
2022-12-01,2022,202212,на Гагарина,Galosha,KA ais-3700,25,761025,420000.0
2021-01-01,2021,202101,на Гагарина,Galosha,KA ice-7591,28,446012,172200.0
2021-02-01,2021,202102,на Гагарина,Galosha,KA ice-7591,18,300510,110700.0
2021-03-01,2021,202103,на Гагарина,Galosha,KA ice-7591,14,224686,86100.0
2021-04-01,2021,202104,на Гагарина,Galosha,KA ice-7591,27,444204,166050.0
2021-05-01,2021,202105,на Гагарина,Galosha,KA ice-7591,34,571166,209100.0
2021-06-01,2021,202106,на Гагарина,Galosha,KA ice-7591,32,506976,196800.0
2021-07-01,2021,202107,на Гагарина,Galosha,KA ice-7591,34,494428,209100.0
2021-08-01,2021,202108,на Гагарина,Galosha,KA ice-7591,28,453068,172200.0
2021-09-01,2021,202109,на Гагарина,Galosha,KA ice-7591,30,491910,184500.0
2021-10-01,2021,202110,на Гагарина,Galosha,KA ice-7591,25,419050,153750.0
2021-11-01,2021,202111,на Гагарина,Galosha,KA ice-7591,18,286632,110700.0
2021-12-01,2021,202112,на Гагарина,Galosha,KA ice-7591,21,330981,129150.0
2022-01-01,2022,202201,на Гагарина,Galosha,KA ice-7591,31,497953,190650.0
2022-02-01,2022,202202,на Гагарина,Galosha,KA ice-7591,20,326440,123000.0
2022-03-01,2022,202203,на Гагарина,Galosha,KA ice-7591,16,257344,98400.0
2022-04-01,2022,202204,на Гагарина,Galosha,KA ice-7591,29,491550,178350.0
2022-05-01,2022,202205,на Гагарина,Galosha,KA ice-7591,37,611758,227550.0
2022-06-01,2022,202206,на Гагарина,Galosha,KA ice-7591,35,562275,215250.0
2022-07-01,2022,202207,на Гагарина,Galosha,KA ice-7591,37,550005,227550.0
2022-08-01,2022,202208,на Гагарина,Galosha,KA ice-7591,31,490420,190650.0
2022-09-01,2022,202209,на Гагарина,Galosha,KA ice-7591,33,503151,202950.0
2022-10-01,2022,202210,на Гагарина,Galosha,KA ice-7591,27,447093,166050.0
2022-11-01,2022,202211,на Гагарина,Galosha,KA ice-7591,20,317480,123000.0
2022-12-01,2022,202212,на Гагарина,Galosha,KA ice-7591,23,376970,141450.0
2021-01-01,2021,202101,на Гагарина,Galosha,KA ai-2818,37,461242,162800.0
2021-02-01,2021,202102,на Гагарина,Galosha,KA ai-2818,23,297597,101200.0
2021-03-01,2021,202103,на Гагарина,Galosha,KA ai-2818,19,228171,83600.0
2021-04-01,2021,202104,на Гагарина,Galosha,KA ai-2818,35,428890,154000.0
2021-05-01,2021,202105,на Гагарина,Galosha,KA ai-2818,44,547580,193600.0
2021-06-01,2021,202106,на Гагарина,Galosha,KA ai-2818,42,530040,184800.0
2021-07-01,2021,202107,на Гагарина,Galosha,KA ai-2818,44,473968,193600.0
2021-08-01,2021,202108,на Гагарина,Galosha,KA ai-2818,37,441447,162800.0
2021-09-01,2021,202109,на Гагарина,Galosha,KA ai-2818,39,469833,171600.0
2021-10-01,2021,202110,на Гагарина,Galosha,KA ai-2818,32,383648,140800.0
2021-11-01,2021,202111,на Гагарина,Galosha,KA ai-2818,23,282164,101200.0
2021-12-01,2021,202112,на Гагарина,Galosha,KA ai-2818,28,332864,123200.0
2022-01-01,2022,202201,на Гагарина,Galosha,KA ai-2818,41,502742,180400.0
2022-02-01,2022,202202,на Гагарина,Galosha,KA ai-2818,26,317798,114400.0
2022-03-01,2022,202203,на Гагарина,Galosha,KA ai-2818,21,260379,92400.0
2022-04-01,2022,202204,на Гагарина,Galosha,KA ai-2818,38,491416,167200.0
2022-05-01,2022,202205,на Гагарина,Galosha,KA ai-2818,48,614976,211200.0
2022-06-01,2022,202206,на Гагарина,Galosha,KA ai-2818,46,579968,202400.0
2022-07-01,2022,202207,на Гагарина,Galosha,KA ai-2818,48,502224,211200.0
2022-08-01,2022,202208,на Гагарина,Galosha,KA ai-2818,41,482898,180400.0
2022-09-01,2022,202209,на Гагарина,Galosha,KA ai-2818,43,498413,189200.0
2022-10-01,2022,202210,на Гагарина,Galosha,KA ai-2818,36,441792,158400.0
2022-11-01,2022,202211,на Гагарина,Galosha,KA ai-2818,26,307216,114400.0
2022-12-01,2022,202212,на Гагарина,Galosha,KA ai-2818,31,381920,136400.0
2021-01-01,2021,202101,на Гагарина,Babidas,BA air-5353,19,107312,34447.0
2021-02-01,2021,202102,на Гагарина,Babidas,BA air-5353,12,65280,21756.0
2021-03-01,2021,202103,на Гагарина,Babidas,BA air-5353,10,44900,18130.0
2021-04-01,2021,202104,на Гагарина,Babidas,BA air-5353,18,107010,32634.0
2021-05-01,2021,202105,на Гагарина,Babidas,BA air-5353,22,128942,39886.0
2021-06-01,2021,202106,на Гагарина,Babidas,BA air-5353,21,102102,38073.0
2021-07-01,2021,202107,на Гагарина,Babidas,BA air-5353,22,75042,39886.0
2021-08-01,2021,202108,на Гагарина,Babidas,BA air-5353,19,86013,34447.0
2021-09-01,2021,202109,на Гагарина,Babidas,BA air-5353,20,89140,36260.0
2021-10-01,2021,202110,на Гагарина,Babidas,BA air-5353,17,92633,30821.0
2021-11-01,2021,202111,на Гагарина,Babidas,BA air-5353,12,59292,21756.0
2021-12-01,2021,202112,на Гагарина,Babidas,BA air-5353,14,70882,25382.0
2022-01-01,2022,202201,на Гагарина,Babidas,BA air-5353,21,104391,38073.0
2022-02-01,2022,202202,на Гагарина,Babidas,BA air-5353,13,60905,23569.0
2022-03-01,2022,202203,на Гагарина,Babidas,BA air-5353,11,52030,19943.0
2022-04-01,2022,202204,на Гагарина,Babidas,BA air-5353,19,101840,34447.0
2022-05-01,2022,202205,на Гагарина,Babidas,BA air-5353,25,140450,45325.0
2022-06-01,2022,202206,на Гагарина,Babidas,BA air-5353,23,123648,41699.0
2022-07-01,2022,202207,на Гагарина,Babidas,BA air-5353,25,74000,45325.0
2022-08-01,2022,202208,на Гагарина,Babidas,BA air-5353,21,84588,38073.0
2022-09-01,2022,202209,на Гагарина,Babidas,BA air-5353,22,97328,39886.0
2022-10-01,2022,202210,на Гагарина,Babidas,BA air-5353,18,89658,32634.0
2022-11-01,2022,202211,на Гагарина,Babidas,BA air-5353,13,68835,23569.0
2022-12-01,2022,202212,на Гагарина,Babidas,BA air-5353,16,66336,29008.0
2021-01-01,2021,202101,на Гагарина,Babidas,BA grou-9248,15,58650,17250.0
2021-02-01,2021,202102,на Гагарина,Babidas,BA grou-9248,9,34875,10350.0
2021-03-01,2021,202103,на Гагарина,Babidas,BA grou-9248,8,26480,9200.0
2021-04-01,2021,202104,на Гагарина,Babidas,BA grou-9248,14,62230,16100.0
2021-05-01,2021,202105,на Гагарина,Babidas,BA grou-9248,18,87696,20700.0
2021-06-01,2021,202106,на Гагарина,Babidas,BA grou-9248,17,61098,19550.0
2021-07-01,2021,202107,на Гагарина,Babidas,BA grou-9248,18,39456,20700.0
2021-08-01,2021,202108,на Гагарина,Babidas,BA grou-9248,15,56220,17250.0
2021-09-01,2021,202109,на Гагарина,Babidas,BA grou-9248,16,63360,18400.0
2021-10-01,2021,202110,на Гагарина,Babidas,BA grou-9248,13,48152,14950.0
2021-11-01,2021,202111,на Гагарина,Babidas,BA grou-9248,9,34875,10350.0
2021-12-01,2021,202112,на Гагарина,Babidas,BA grou-9248,11,35618,12650.0
2022-01-01,2022,202201,на Гагарина,Babidas,BA grou-9248,16,59328,18400.0
2022-02-01,2022,202202,на Гагарина,Babidas,BA grou-9248,10,43540,11500.0
2022-03-01,2022,202203,на Гагарина,Babidas,BA grou-9248,8,28104,9200.0
2022-04-01,2022,202204,на Гагарина,Babidas,BA grou-9248,15,68280,17250.0
2022-05-01,2022,202205,на Гагарина,Babidas,BA grou-9248,19,92017,21850.0
2022-06-01,2022,202206,на Гагарина,Babidas,BA grou-9248,18,58698,20700.0
2022-07-01,2022,202207,на Гагарина,Babidas,BA grou-9248,19,46512,21850.0
2022-08-01,2022,202208,на Гагарина,Babidas,BA grou-9248,16,46976,18400.0
2022-09-01,2022,202209,на Гагарина,Babidas,BA grou-9248,17,63376,19550.0
2022-10-01,2022,202210,на Гагарина,Babidas,BA grou-9248,14,56140,16100.0
2022-11-01,2022,202211,на Гагарина,Babidas,BA grou-9248,10,38650,11500.0
2022-12-01,2022,202212,на Гагарина,Babidas,BA grou-9248,12,30228,13800.0
2021-01-01,2021,202101,на Гагарина,Babidas,BA gre-3658,19,84607,25346.0
2021-02-01,2021,202102,на Гагарина,Babidas,BA gre-3658,12,51660,16008.0
2021-03-01,2021,202103,на Гагарина,Babidas,BA gre-3658,10,40150,13340.0
2021-04-01,2021,202104,на Гагарина,Babidas,BA gre-3658,18,74754,24012.0
2021-05-01,2021,202105,на Гагарина,Babidas,BA gre-3658,23,121854,30682.0
2021-06-01,2021,202106,на Гагарина,Babidas,BA gre-3658,21,88200,28014.0
2021-07-01,2021,202107,на Гагарина,Babidas,BA gre-3658,23,58765,30682.0
2021-08-01,2021,202108,на Гагарина,Babidas,BA gre-3658,19,64201,25346.0
2021-09-01,2021,202109,на Гагарина,Babidas,BA gre-3658,20,70340,26680.0
2021-10-01,2021,202110,на Гагарина,Babidas,BA gre-3658,17,82280,22678.0
2021-11-01,2021,202111,на Гагарина,Babidas,BA gre-3658,12,46956,16008.0
2021-12-01,2021,202112,на Гагарина,Babidas,BA gre-3658,14,56238,18676.0
2022-01-01,2022,202201,на Гагарина,Babidas,BA gre-3658,21,89145,28014.0
2022-02-01,2022,202202,на Гагарина,Babidas,BA gre-3658,13,55471,17342.0
2022-03-01,2022,202203,на Гагарина,Babidas,BA gre-3658,11,44418,14674.0
2022-04-01,2022,202204,на Гагарина,Babidas,BA gre-3658,20,80500,26680.0
2022-05-01,2022,202205,на Гагарина,Babidas,BA gre-3658,25,127950,33350.0
2022-06-01,2022,202206,на Гагарина,Babidas,BA gre-3658,23,99475,30682.0
2022-07-01,2022,202207,на Гагарина,Babidas,BA gre-3658,25,50625,33350.0
2022-08-01,2022,202208,на Гагарина,Babidas,BA gre-3658,21,78666,28014.0
2022-09-01,2022,202209,на Гагарина,Babidas,BA gre-3658,22,76714,29348.0
2022-10-01,2022,202210,на Гагарина,Babidas,BA gre-3658,18,76068,24012.0
2022-11-01,2022,202211,на Гагарина,Babidas,BA gre-3658,13,52598,17342.0
2022-12-01,2022,202212,на Гагарина,Babidas,BA gre-3658,16,60480,21344.0
2021-01-01,2021,202101,на Гагарина,Babidas,BA earth-3530,16,90160,32256.0
2021-02-01,2021,202102,на Гагарина,Babidas,BA earth-3530,10,53980,20160.0
2021-03-01,2021,202103,на Гагарина,Babidas,BA earth-3530,8,37560,16128.0
2021-04-01,2021,202104,на Гагарина,Babidas,BA earth-3530,15,96180,30240.0
2021-05-01,2021,202105,на Гагарина,Babidas,BA earth-3530,19,115064,38304.0
2021-06-01,2021,202106,на Гагарина,Babidas,BA earth-3530,18,107910,36288.0
2021-07-01,2021,202107,на Гагарина,Babidas,BA earth-3530,19,85975,38304.0
2021-08-01,2021,202108,на Гагарина,Babidas,BA earth-3530,16,79696,32256.0
2021-09-01,2021,202109,на Гагарина,Babidas,BA earth-3530,17,89386,34272.0
2021-10-01,2021,202110,на Гагарина,Babidas,BA earth-3530,14,81368,28224.0
2021-11-01,2021,202111,на Гагарина,Babidas,BA earth-3530,10,48520,20160.0
2021-12-01,2021,202112,на Гагарина,Babidas,BA earth-3530,12,56160,24192.0
2022-01-01,2022,202201,на Гагарина,Babidas,BA earth-3530,17,96543,34272.0
2022-02-01,2022,202202,на Гагарина,Babidas,BA earth-3530,11,63481,22176.0
2022-03-01,2022,202203,на Гагарина,Babidas,BA earth-3530,9,47133,18144.0
2022-04-01,2022,202204,на Гагарина,Babidas,BA earth-3530,16,102432,32256.0
2022-05-01,2022,202205,на Гагарина,Babidas,BA earth-3530,21,116634,42336.0
2022-06-01,2022,202206,на Гагарина,Babidas,BA earth-3530,20,106260,40320.0
2022-07-01,2022,202207,на Гагарина,Babidas,BA earth-3530,21,91791,42336.0
2022-08-01,2022,202208,на Гагарина,Babidas,BA earth-3530,17,89998,34272.0
2022-09-01,2022,202209,на Гагарина,Babidas,BA earth-3530,18,91044,36288.0
2022-10-01,2022,202210,на Гагарина,Babidas,BA earth-3530,15,81225,30240.0
2022-11-01,2022,202211,на Гагарина,Babidas,BA earth-3530,11,63305,22176.0
2022-12-01,2022,202212,на Гагарина,Babidas,BA earth-3530,13,59488,26208.0
2021-01-01,2021,202101,на Гагарина,Babidas,BA ais-1740,14,46578,13090.000000000002
2021-02-01,2021,202102,на Гагарина,Babidas,BA ais-1740,9,30663,8415.000000000002
2021-03-01,2021,202103,на Гагарина,Babidas,BA ais-1740,7,13727,6545.000000000001
2021-04-01,2021,202104,на Гагарина,Babidas,BA ais-1740,14,42924,13090.000000000002
2021-05-01,2021,202105,на Гагарина,Babidas,BA ais-1740,17,60537,15895.000000000002
2021-06-01,2021,202106,на Гагарина,Babidas,BA ais-1740,16,50592,14960.000000000002
2021-07-01,2021,202107,на Гагарина,Babidas,BA ais-1740,17,26554,15895.000000000002
2021-08-01,2021,202108,на Гагарина,Babidas,BA ais-1740,14,36050,13090.000000000002
2021-09-01,2021,202109,на Гагарина,Babidas,BA ais-1740,15,40590,14025.000000000002
2021-10-01,2021,202110,на Гагарина,Babidas,BA ais-1740,13,39104,12155.000000000002
2021-11-01,2021,202111,на Гагарина,Babidas,BA ais-1740,9,22419,8415.000000000002
2021-12-01,2021,202112,на Гагарина,Babidas,BA ais-1740,11,27588,10285.000000000002
2022-01-01,2022,202201,на Гагарина,Babidas,BA ais-1740,16,44000,14960.000000000002
2022-02-01,2022,202202,на Гагарина,Babidas,BA ais-1740,10,31120,9350.000000000002
2022-03-01,2022,202203,на Гагарина,Babidas,BA ais-1740,8,20072,7480.000000000001
2022-04-01,2022,202204,на Гагарина,Babidas,BA ais-1740,15,56280,14025.000000000002
2022-05-01,2022,202205,на Гагарина,Babidas,BA ais-1740,19,59831,17765.000000000004
2022-06-01,2022,202206,на Гагарина,Babidas,BA ais-1740,18,53280,16830.000000000004
2022-07-01,2022,202207,на Гагарина,Babidas,BA ais-1740,19,25973,17765.000000000004
2022-08-01,2022,202208,на Гагарина,Babidas,BA ais-1740,16,29696,14960.000000000002
2022-09-01,2022,202209,на Гагарина,Babidas,BA ais-1740,17,49538,15895.000000000002
2022-10-01,2022,202210,на Гагарина,Babidas,BA ais-1740,14,37856,13090.000000000002
2022-11-01,2022,202211,на Гагарина,Babidas,BA ais-1740,10,31540,9350.000000000002
2022-12-01,2022,202212,на Гагарина,Babidas,BA ais-1740,12,34596,11220.000000000002
2021-01-01,2021,202101,на Гагарина,Babidas,BA ice-4231,18,96390,35568.0
2021-02-01,2021,202102,на Гагарина,Babidas,BA ice-4231,11,54208,21736.0
2021-03-01,2021,202103,на Гагарина,Babidas,BA ice-4231,9,43002,17784.0
2021-04-01,2021,202104,на Гагарина,Babidas,BA ice-4231,17,94758,33592.0
2021-05-01,2021,202105,на Гагарина,Babidas,BA ice-4231,21,116676,41496.0
2021-06-01,2021,202106,на Гагарина,Babidas,BA ice-4231,20,97380,39520.0
2021-07-01,2021,202107,на Гагарина,Babidas,BA ice-4231,21,66360,41496.0
2021-08-01,2021,202108,на Гагарина,Babidas,BA ice-4231,18,90558,35568.0
2021-09-01,2021,202109,на Гагарина,Babidas,BA ice-4231,19,87286,37544.0
2021-10-01,2021,202110,на Гагарина,Babidas,BA ice-4231,15,80745,29640.0
2021-11-01,2021,202111,на Гагарина,Babidas,BA ice-4231,11,59532,21736.0
2021-12-01,2021,202112,на Гагарина,Babidas,BA ice-4231,13,58851,25688.0
2022-01-01,2022,202201,на Гагарина,Babidas,BA ice-4231,19,105564,37544.0
2022-02-01,2022,202202,на Гагарина,Babidas,BA ice-4231,12,64044,23712.0
2022-03-01,2022,202203,на Гагарина,Babidas,BA ice-4231,10,43450,19760.0
2022-04-01,2022,202204,на Гагарина,Babidas,BA ice-4231,18,94248,35568.0
2022-05-01,2022,202205,на Гагарина,Babidas,BA ice-4231,23,134366,45448.0
2022-06-01,2022,202206,на Гагарина,Babidas,BA ice-4231,22,118140,43472.0
2022-07-01,2022,202207,на Гагарина,Babidas,BA ice-4231,23,84502,45448.0
2022-08-01,2022,202208,на Гагарина,Babidas,BA ice-4231,19,79192,37544.0
2022-09-01,2022,202209,на Гагарина,Babidas,BA ice-4231,21,93618,41496.0
2022-10-01,2022,202210,на Гагарина,Babidas,BA ice-4231,17,84405,33592.0
2022-11-01,2022,202211,на Гагарина,Babidas,BA ice-4231,12,56544,23712.0
2022-12-01,2022,202212,на Гагарина,Babidas,BA ice-4231,15,68715,29640.0
2021-01-01,2021,202101,на Гагарина,Babidas,BA ai-2960,16,93216,28800.0
2021-02-01,2021,202102,на Гагарина,Babidas,BA ai-2960,10,64860,18000.0
2021-03-01,2021,202103,на Гагарина,Babidas,BA ai-2960,8,42616,14400.0
2021-04-01,2021,202104,на Гагарина,Babidas,BA ai-2960,15,98445,27000.0
2021-05-01,2021,202105,на Гагарина,Babidas,BA ai-2960,19,133836,34200.0
2021-06-01,2021,202106,на Гагарина,Babidas,BA ai-2960,18,102636,32400.0
2021-07-01,2021,202107,на Гагарина,Babidas,BA ai-2960,19,81301,34200.0
2021-08-01,2021,202108,на Гагарина,Babidas,BA ai-2960,16,84112,28800.0
2021-09-01,2021,202109,на Гагарина,Babidas,BA ai-2960,17,95098,30600.0
2021-10-01,2021,202110,на Гагарина,Babidas,BA ai-2960,14,78694,25200.0
2021-11-01,2021,202111,на Гагарина,Babidas,BA ai-2960,10,57840,18000.0
2021-12-01,2021,202112,на Гагарина,Babidas,BA ai-2960,12,56340,21600.0
2022-01-01,2022,202201,на Гагарина,Babidas,BA ai-2960,17,96968,30600.0
2022-02-01,2022,202202,на Гагарина,Babidas,BA ai-2960,11,65362,19800.0
2022-03-01,2022,202203,на Гагарина,Babidas,BA ai-2960,9,43659,16200.0
2022-04-01,2022,202204,на Гагарина,Babidas,BA ai-2960,16,102144,28800.0
2022-05-01,2022,202205,на Гагарина,Babidas,BA ai-2960,21,125370,37800.0
2022-06-01,2022,202206,на Гагарина,Babidas,BA ai-2960,20,120980,36000.0
2022-07-01,2022,202207,на Гагарина,Babidas,BA ai-2960,21,79800,37800.0
2022-08-01,2022,202208,на Гагарина,Babidas,BA ai-2960,17,84167,30600.0
2022-09-01,2022,202209,на Гагарина,Babidas,BA ai-2960,18,85986,32400.0
2022-10-01,2022,202210,на Гагарина,Babidas,BA ai-2960,15,87375,27000.0
2022-11-01,2022,202211,на Гагарина,Babidas,BA ai-2960,11,62095,19800.0
2022-12-01,2022,202212,на Гагарина,Babidas,BA ai-2960,13,72358,23400.0
2021-01-01,2021,202101,на Гагарина,Asic,AS air-7520,11,396770,227150.0
2021-02-01,2021,202102,на Гагарина,Asic,AS air-7520,7,256319,144550.0
2021-03-01,2021,202103,на Гагарина,Asic,AS air-7520,6,212496,123900.0
2021-04-01,2021,202104,на Гагарина,Asic,AS air-7520,10,371640,206500.0
2021-05-01,2021,202105,на Гагарина,Asic,AS air-7520,13,478920,268450.0
2021-06-01,2021,202106,на Гагарина,Asic,AS air-7520,12,432012,247800.0
2021-07-01,2021,202107,на Гагарина,Asic,AS air-7520,13,449475,268450.0
2021-08-01,2021,202108,на Гагарина,Asic,AS air-7520,11,398112,227150.0
2021-09-01,2021,202109,на Гагарина,Asic,AS air-7520,11,395604,227150.0
2021-10-01,2021,202110,на Гагарина,Asic,AS air-7520,9,332307,185850.0
2021-11-01,2021,202111,на Гагарина,Asic,AS air-7520,7,254933,144550.0
2021-12-01,2021,202112,на Гагарина,Asic,AS air-7520,8,288568,165200.0
2022-01-01,2022,202201,на Гагарина,Asic,AS air-7520,12,436356,247800.0
2022-02-01,2022,202202,на Гагарина,Asic,AS air-7520,8,289720,165200.0
2022-03-01,2022,202203,на Гагарина,Asic,AS air-7520,6,214344,123900.0
2022-04-01,2022,202204,на Гагарина,Asic,AS air-7520,11,409849,227150.0
2022-05-01,2022,202205,на Гагарина,Asic,AS air-7520,14,513394,289100.0
2022-06-01,2022,202206,на Гагарина,Asic,AS air-7520,13,471263,268450.0
2022-07-01,2022,202207,на Гагарина,Asic,AS air-7520,14,491274,289100.0
2022-08-01,2022,202208,на Гагарина,Asic,AS air-7520,12,427164,247800.0
2022-09-01,2022,202209,на Гагарина,Asic,AS air-7520,13,460239,268450.0
2022-10-01,2022,202210,на Гагарина,Asic,AS air-7520,10,370930,206500.0
2022-11-01,2022,202211,на Гагарина,Asic,AS air-7520,8,294728,165200.0
2022-12-01,2022,202212,на Гагарина,Asic,AS air-7520,9,320472,185850.0
2021-01-01,2021,202101,на Гагарина,Asic,AS grou-3318,9,297009,141120.0
2021-02-01,2021,202102,на Гагарина,Asic,AS grou-3318,6,200988,94080.0
2021-03-01,2021,202103,на Гагарина,Asic,AS grou-3318,5,166695,78400.0
2021-04-01,2021,202104,на Гагарина,Asic,AS grou-3318,8,273288,125440.0
2021-05-01,2021,202105,на Гагарина,Asic,AS grou-3318,10,340120,156800.0
2021-06-01,2021,202106,на Гагарина,Asic,AS grou-3318,10,333270,156800.0
2021-07-01,2021,202107,на Гагарина,Asic,AS grou-3318,10,320510,156800.0
2021-08-01,2021,202108,на Гагарина,Asic,AS grou-3318,9,296325,141120.0
2021-09-01,2021,202109,на Гагарина,Asic,AS grou-3318,9,296766,141120.0
2021-10-01,2021,202110,на Гагарина,Asic,AS grou-3318,8,265416,125440.0
2021-11-01,2021,202111,на Гагарина,Asic,AS grou-3318,6,197886,94080.0
2021-12-01,2021,202112,на Гагарина,Asic,AS grou-3318,7,228095,109760.0
2022-01-01,2022,202201,на Гагарина,Asic,AS grou-3318,10,335180,156800.0
2022-02-01,2022,202202,на Гагарина,Asic,AS grou-3318,6,203166,94080.0
2022-03-01,2022,202203,на Гагарина,Asic,AS grou-3318,5,162645,78400.0
2022-04-01,2022,202204,на Гагарина,Asic,AS grou-3318,9,302913,141120.0
2022-05-01,2022,202205,на Гагарина,Asic,AS grou-3318,11,369919,172480.0
2022-06-01,2022,202206,на Гагарина,Asic,AS grou-3318,11,369765,172480.0
2022-07-01,2022,202207,на Гагарина,Asic,AS grou-3318,11,355410,172480.0
2022-08-01,2022,202208,на Гагарина,Asic,AS grou-3318,10,323250,156800.0
2022-09-01,2022,202209,на Гагарина,Asic,AS grou-3318,10,328320,156800.0
2022-10-01,2022,202210,на Гагарина,Asic,AS grou-3318,8,270376,125440.0
2022-11-01,2022,202211,на Гагарина,Asic,AS grou-3318,6,202656,94080.0
2022-12-01,2022,202212,на Гагарина,Asic,AS grou-3318,7,233219,109760.0
2021-01-01,2021,202101,на Гагарина,Asic,AS gre-2748,10,429550,180600.0
2021-02-01,2021,202102,на Гагарина,Asic,AS gre-2748,6,262830,108360.0
2021-03-01,2021,202103,на Гагарина,Asic,AS gre-2748,5,214880,90300.0
2021-04-01,2021,202104,на Гагарина,Asic,AS gre-2748,9,389835,162540.0
2021-05-01,2021,202105,на Гагарина,Asic,AS gre-2748,11,481921,198660.0
2021-06-01,2021,202106,на Гагарина,Asic,AS gre-2748,11,479039,198660.0
2021-07-01,2021,202107,на Гагарина,Asic,AS gre-2748,11,460031,198660.0
2021-08-01,2021,202108,на Гагарина,Asic,AS gre-2748,10,430770,180600.0
2021-09-01,2021,202109,на Гагарина,Asic,AS gre-2748,10,429210,180600.0
2021-10-01,2021,202110,на Гагарина,Asic,AS gre-2748,9,389268,162540.0
2021-11-01,2021,202111,на Гагарина,Asic,AS gre-2748,6,261432,108360.0
2021-12-01,2021,202112,на Гагарина,Asic,AS gre-2748,7,299068,126420.0
2022-01-01,2022,202201,на Гагарина,Asic,AS gre-2748,11,474408,198660.0
2022-02-01,2022,202202,на Гагарина,Asic,AS gre-2748,7,306957,126420.0
2022-03-01,2022,202203,на Гагарина,Asic,AS gre-2748,6,254430,108360.0
2022-04-01,2022,202204,на Гагарина,Asic,AS gre-2748,10,433070,180600.0
2022-05-01,2022,202205,на Гагарина,Asic,AS gre-2748,13,567515,234780.0
2022-06-01,2022,202206,на Гагарина,Asic,AS gre-2748,12,521688,216720.0
2022-07-01,2022,202207,на Гагарина,Asic,AS gre-2748,13,538603,234780.0
2022-08-01,2022,202208,на Гагарина,Asic,AS gre-2748,11,475398,198660.0
2022-09-01,2022,202209,на Гагарина,Asic,AS gre-2748,11,472670,198660.0
2022-10-01,2022,202210,на Гагарина,Asic,AS gre-2748,9,391590,162540.0
2022-11-01,2022,202211,на Гагарина,Asic,AS gre-2748,7,306033,126420.0
2022-12-01,2022,202212,на Гагарина,Asic,AS gre-2748,8,340480,144480.0
2021-01-01,2021,202101,на Гагарина,Asic,AS earth-9544,9,257976,100800.0
2021-02-01,2021,202102,на Гагарина,Asic,AS earth-9544,6,172914,67200.0
2021-03-01,2021,202103,на Гагарина,Asic,AS earth-9544,5,143465,56000.0
2021-04-01,2021,202104,на Гагарина,Asic,AS earth-9544,8,239712,89600.0
2021-05-01,2021,202105,на Гагарина,Asic,AS earth-9544,10,301020,112000.0
2021-06-01,2021,202106,на Гагарина,Asic,AS earth-9544,10,298410,112000.0
2021-07-01,2021,202107,на Гагарина,Asic,AS earth-9544,10,275940,112000.0
2021-08-01,2021,202108,на Гагарина,Asic,AS earth-9544,9,264177,100800.0
2021-09-01,2021,202109,на Гагарина,Asic,AS earth-9544,9,259011,100800.0
2021-10-01,2021,202110,на Гагарина,Asic,AS earth-9544,8,237704,89600.0
2021-11-01,2021,202111,на Гагарина,Asic,AS earth-9544,6,176598,67200.0
2021-12-01,2021,202112,на Гагарина,Asic,AS earth-9544,7,201474,78400.0
2022-01-01,2022,202201,на Гагарина,Asic,AS earth-9544,10,299130,112000.0
2022-02-01,2022,202202,на Гагарина,Asic,AS earth-9544,6,174786,67200.0
2022-03-01,2022,202203,на Гагарина,Asic,AS earth-9544,5,141350,56000.0
2022-04-01,2022,202204,на Гагарина,Asic,AS earth-9544,9,265554,100800.0
2022-05-01,2022,202205,на Гагарина,Asic,AS earth-9544,11,325050,123200.0
2022-06-01,2022,202206,на Гагарина,Asic,AS earth-9544,11,320760,123200.0
2022-07-01,2022,202207,на Гагарина,Asic,AS earth-9544,11,302148,123200.0
2022-08-01,2022,202208,на Гагарина,Asic,AS earth-9544,10,283250,112000.0
2022-09-01,2022,202209,на Гагарина,Asic,AS earth-9544,10,288950,112000.0
2022-10-01,2022,202210,на Гагарина,Asic,AS earth-9544,9,264645,100800.0
2022-11-01,2022,202211,на Гагарина,Asic,AS earth-9544,6,179256,67200.0
2022-12-01,2022,202212,на Гагарина,Asic,AS earth-9544,7,203448,78400.0
2021-01-01,2021,202101,на Гагарина,Asic,AS ais-7331,11,513315,277200.00000000006
2021-02-01,2021,202102,на Гагарина,Asic,AS ais-7331,7,322098,176400.00000000003
2021-03-01,2021,202103,на Гагарина,Asic,AS ais-7331,6,274482,151200.00000000003
2021-04-01,2021,202104,на Гагарина,Asic,AS ais-7331,10,472480,252000.00000000003
2021-05-01,2021,202105,на Гагарина,Asic,AS ais-7331,13,606827,327600.00000000006
2021-06-01,2021,202106,на Гагарина,Asic,AS ais-7331,12,556296,302400.00000000006
2021-07-01,2021,202107,на Гагарина,Asic,AS ais-7331,13,579319,327600.00000000006
2021-08-01,2021,202108,на Гагарина,Asic,AS ais-7331,11,505263,277200.00000000006
2021-09-01,2021,202109,на Гагарина,Asic,AS ais-7331,12,543144,302400.00000000006
2021-10-01,2021,202110,на Гагарина,Asic,AS ais-7331,10,458140,252000.00000000003
2021-11-01,2021,202111,на Гагарина,Asic,AS ais-7331,7,324681,176400.00000000003
2021-12-01,2021,202112,на Гагарина,Asic,AS ais-7331,8,364520,201600.00000000003
2022-01-01,2022,202201,на Гагарина,Asic,AS ais-7331,12,553728,302400.00000000006
2022-02-01,2022,202202,на Гагарина,Asic,AS ais-7331,8,376168,201600.00000000003
2022-03-01,2022,202203,на Гагарина,Asic,AS ais-7331,6,273606,151200.00000000003
2022-04-01,2022,202204,на Гагарина,Asic,AS ais-7331,11,509872,277200.00000000006
2022-05-01,2022,202205,на Гагарина,Asic,AS ais-7331,14,653142,352800.00000000006
2022-06-01,2022,202206,на Гагарина,Asic,AS ais-7331,14,640402,352800.00000000006
2022-07-01,2022,202207,на Гагарина,Asic,AS ais-7331,14,631932,352800.00000000006
2022-08-01,2022,202208,на Гагарина,Asic,AS ais-7331,12,547824,302400.00000000006
2022-09-01,2022,202209,на Гагарина,Asic,AS ais-7331,13,601497,327600.00000000006
2022-10-01,2022,202210,на Гагарина,Asic,AS ais-7331,11,512215,277200.00000000006
2022-11-01,2022,202211,на Гагарина,Asic,AS ais-7331,8,372160,201600.00000000003
2022-12-01,2022,202212,на Гагарина,Asic,AS ais-7331,9,411858,226800.00000000003
2021-01-01,2021,202101,на Гагарина,Asic,AS ice-2172,11,203247,104720.0
2021-02-01,2021,202102,на Гагарина,Asic,AS ice-2172,7,132454,66640.0
2021-03-01,2021,202103,на Гагарина,Asic,AS ice-2172,6,106872,57120.0
2021-04-01,2021,202104,на Гагарина,Asic,AS ice-2172,10,184540,95200.0
2021-05-01,2021,202105,на Гагарина,Asic,AS ice-2172,13,249938,123760.0
2021-06-01,2021,202106,на Гагарина,Asic,AS ice-2172,12,219828,114240.0
2021-07-01,2021,202107,на Гагарина,Asic,AS ice-2172,13,220155,123760.0
2021-08-01,2021,202108,на Гагарина,Asic,AS ice-2172,11,192313,104720.0
2021-09-01,2021,202109,на Гагарина,Asic,AS ice-2172,12,213984,114240.0
2021-10-01,2021,202110,на Гагарина,Asic,AS ice-2172,10,183520,95200.0
2021-11-01,2021,202111,на Гагарина,Asic,AS ice-2172,7,125244,66640.0
2021-12-01,2021,202112,на Гагарина,Asic,AS ice-2172,8,143696,76160.0
2022-01-01,2022,202201,на Гагарина,Asic,AS ice-2172,12,213612,114240.0
2022-02-01,2022,202202,на Гагарина,Asic,AS ice-2172,8,147816,76160.0
2022-03-01,2022,202203,на Гагарина,Asic,AS ice-2172,6,105816,57120.0
2022-04-01,2022,202204,на Гагарина,Asic,AS ice-2172,11,208406,104720.0
2022-05-01,2022,202205,на Гагарина,Asic,AS ice-2172,14,264712,133280.0
2022-06-01,2022,202206,на Гагарина,Asic,AS ice-2172,14,258356,133280.0
2022-07-01,2022,202207,на Гагарина,Asic,AS ice-2172,14,241276,133280.0
2022-08-01,2022,202208,на Гагарина,Asic,AS ice-2172,12,212220,114240.0
2022-09-01,2022,202209,на Гагарина,Asic,AS ice-2172,13,239447,123760.0
2022-10-01,2022,202210,на Гагарина,Asic,AS ice-2172,11,202774,104720.0
2022-11-01,2022,202211,на Гагарина,Asic,AS ice-2172,8,145240,76160.0
2022-12-01,2022,202212,на Гагарина,Asic,AS ice-2172,9,161100,85680.0
2021-01-01,2021,202101,на Гагарина,Asic,AS ai-7676,9,358497,147420.0
2021-02-01,2021,202102,на Гагарина,Asic,AS ai-7676,6,242124,98280.0
2021-03-01,2021,202103,на Гагарина,Asic,AS ai-7676,5,197315,81900.0
2021-04-01,2021,202104,на Гагарина,Asic,AS ai-7676,8,327904,131040.0
2021-05-01,2021,202105,на Гагарина,Asic,AS ai-7676,11,450230,180180.0
2021-06-01,2021,202106,на Гагарина,Asic,AS ai-7676,10,406260,163800.0
2021-07-01,2021,202107,на Гагарина,Asic,AS ai-7676,11,428021,180180.0
2021-08-01,2021,202108,на Гагарина,Asic,AS ai-7676,9,355545,147420.0
2021-09-01,2021,202109,на Гагарина,Asic,AS ai-7676,9,363159,147420.0
2021-10-01,2021,202110,на Гагарина,Asic,AS ai-7676,8,318568,131040.0
2021-11-01,2021,202111,на Гагарина,Asic,AS ai-7676,6,244986,98280.0
2021-12-01,2021,202112,на Гагарина,Asic,AS ai-7676,7,279328,114660.0
2022-01-01,2022,202201,на Гагарина,Asic,AS ai-7676,10,402960,163800.0
2022-02-01,2022,202202,на Гагарина,Asic,AS ai-7676,6,242748,98280.0
2022-03-01,2022,202203,на Гагарина,Asic,AS ai-7676,5,200010,81900.0
2022-04-01,2022,202204,на Гагарина,Asic,AS ai-7676,9,361899,147420.0
2022-05-01,2022,202205,на Гагарина,Asic,AS ai-7676,12,490680,196560.0
2022-06-01,2022,202206,на Гагарина,Asic,AS ai-7676,11,446633,180180.0
2022-07-01,2022,202207,на Гагарина,Asic,AS ai-7676,12,460032,196560.0
2022-08-01,2022,202208,на Гагарина,Asic,AS ai-7676,10,397640,163800.0
2022-09-01,2022,202209,на Гагарина,Asic,AS ai-7676,10,394460,163800.0
2022-10-01,2022,202210,на Гагарина,Asic,AS ai-7676,9,364203,147420.0
2022-11-01,2022,202211,на Гагарина,Asic,AS ai-7676,6,240930,98280.0
2022-12-01,2022,202212,на Гагарина,Asic,AS ai-7676,7,280210,114660.0
2021-01-01,2021,202101,на Гагарина,Gunverse,GU air-3053,27,161541,62100.0
2021-02-01,2021,202102,на Гагарина,Gunverse,GU air-3053,17,104924,39100.0
2021-03-01,2021,202103,на Гагарина,Gunverse,GU air-3053,14,76762,32200.0
2021-04-01,2021,202104,на Гагарина,Gunverse,GU air-3053,25,162100,57500.0
2021-05-01,2021,202105,на Гагарина,Gunverse,GU air-3053,32,232832,73600.0
2021-06-01,2021,202106,на Гагарина,Gunverse,GU air-3053,30,196590,69000.0
2021-07-01,2021,202107,на Гагарина,Gunverse,GU air-3053,32,146240,73600.0
2021-08-01,2021,202108,на Гагарина,Gunverse,GU air-3053,27,160623,62100.0
2021-09-01,2021,202109,на Гагарина,Gunverse,GU air-3053,29,156339,66700.0
2021-10-01,2021,202110,на Гагарина,Gunverse,GU air-3053,24,146448,55200.0
2021-11-01,2021,202111,на Гагарина,Gunverse,GU air-3053,17,111962,39100.0
2021-12-01,2021,202112,на Гагарина,Gunverse,GU air-3053,20,110860,46000.0
2022-01-01,2022,202201,на Гагарина,Gunverse,GU air-3053,30,180030,69000.0
2022-02-01,2022,202202,на Гагарина,Gunverse,GU air-3053,19,110295,43700.0
2022-03-01,2022,202203,на Гагарина,Gunverse,GU air-3053,15,84780,34500.0
2022-04-01,2022,202204,на Гагарина,Gunverse,GU air-3053,28,173544,64400.0
2022-05-01,2022,202205,на Гагарина,Gunverse,GU air-3053,35,247135,80500.0
2022-06-01,2022,202206,на Гагарина,Gunverse,GU air-3053,33,215457,75900.0
2022-07-01,2022,202207,на Гагарина,Gunverse,GU air-3053,35,163730,80500.0
2022-08-01,2022,202208,на Гагарина,Gunverse,GU air-3053,30,175890,69000.0
2022-09-01,2022,202209,на Гагарина,Gunverse,GU air-3053,31,184481,71300.0
2022-10-01,2022,202210,на Гагарина,Gunverse,GU air-3053,26,181558,59800.0
2022-11-01,2022,202211,на Гагарина,Gunverse,GU air-3053,19,114760,43700.0
2022-12-01,2022,202212,на Гагарина,Gunverse,GU air-3053,22,120186,50600.0
2021-01-01,2021,202101,на Гагарина,Gunverse,GU grou-6409,24,256632,97200.0
2021-02-01,2021,202102,на Гагарина,Gunverse,GU grou-6409,15,162270,60750.0
2021-03-01,2021,202103,на Гагарина,Gunverse,GU grou-6409,12,118656,48600.0
2021-04-01,2021,202104,на Гагарина,Gunverse,GU grou-6409,22,232254,89100.0
2021-05-01,2021,202105,на Гагарина,Gunverse,GU grou-6409,28,318528,113400.0
2021-06-01,2021,202106,на Гагарина,Gunverse,GU grou-6409,27,274104,109350.0
2021-07-01,2021,202107,на Гагарина,Gunverse,GU grou-6409,28,245560,113400.0
2021-08-01,2021,202108,на Гагарина,Gunverse,GU grou-6409,24,245736,97200.0
2021-09-01,2021,202109,на Гагарина,Gunverse,GU grou-6409,25,246600,101250.0
2021-10-01,2021,202110,на Гагарина,Gunverse,GU grou-6409,21,225414,85050.0
2021-11-01,2021,202111,на Гагарина,Gunverse,GU grou-6409,15,147180,60750.0
2021-12-01,2021,202112,на Гагарина,Gunverse,GU grou-6409,18,164844,72900.0
2022-01-01,2022,202201,на Гагарина,Gunverse,GU grou-6409,26,273312,105300.0
2022-02-01,2022,202202,на Гагарина,Gunverse,GU grou-6409,17,176409,68850.0
2022-03-01,2022,202203,на Гагарина,Gunverse,GU grou-6409,13,121225,52650.0
2022-04-01,2022,202204,на Гагарина,Gunverse,GU grou-6409,25,257850,101250.0
2022-05-01,2022,202205,на Гагарина,Gunverse,GU grou-6409,31,343666,125550.0
2022-06-01,2022,202206,на Гагарина,Gunverse,GU grou-6409,29,300962,117450.0
2022-07-01,2022,202207,на Гагарина,Gunverse,GU grou-6409,31,272428,125550.0
2022-08-01,2022,202208,на Гагарина,Gunverse,GU grou-6409,26,250276,105300.0
2022-09-01,2022,202209,на Гагарина,Gunverse,GU grou-6409,28,287168,113400.0
2022-10-01,2022,202210,на Гагарина,Gunverse,GU grou-6409,23,232875,93150.0
2022-11-01,2022,202211,на Гагарина,Gunverse,GU grou-6409,17,176732,68850.0
2022-12-01,2022,202212,на Гагарина,Gunverse,GU grou-6409,20,188080,81000.0
2021-01-01,2021,202101,на Гагарина,Gunverse,GU gre-2865,27,220752,107729.99999999999
2021-02-01,2021,202102,на Гагарина,Gunverse,GU gre-2865,17,136442,67829.99999999999
2021-03-01,2021,202103,на Гагарина,Gunverse,GU gre-2865,14,108416,55859.99999999999
2021-04-01,2021,202104,на Гагарина,Gunverse,GU gre-2865,25,221300,99749.99999999999
2021-05-01,2021,202105,на Гагарина,Gunverse,GU gre-2865,32,275104,127679.99999999999
2021-06-01,2021,202106,на Гагарина,Gunverse,GU gre-2865,30,255480,119699.99999999999
2021-07-01,2021,202107,на Гагарина,Gunverse,GU gre-2865,32,208096,127679.99999999999
2021-08-01,2021,202108,на Гагарина,Gunverse,GU gre-2865,27,215433,107729.99999999999
2021-09-01,2021,202109,на Гагарина,Gunverse,GU gre-2865,29,234929,115709.99999999999
2021-10-01,2021,202110,на Гагарина,Gunverse,GU gre-2865,24,204336,95759.99999999999
2021-11-01,2021,202111,на Гагарина,Gunverse,GU gre-2865,17,143548,67829.99999999999
2021-12-01,2021,202112,на Гагарина,Gunverse,GU gre-2865,20,153860,79799.99999999999
2022-01-01,2022,202201,на Гагарина,Gunverse,GU gre-2865,30,266970,119699.99999999999
2022-02-01,2022,202202,на Гагарина,Gunverse,GU gre-2865,19,165300,75809.99999999999
2022-03-01,2022,202203,на Гагарина,Gunverse,GU gre-2865,15,114780,59849.99999999999
2022-04-01,2022,202204,на Гагарина,Gunverse,GU gre-2865,28,237664,111719.99999999999
2022-05-01,2022,202205,на Гагарина,Gunverse,GU gre-2865,35,311115,139649.99999999997
2022-06-01,2022,202206,на Гагарина,Gunverse,GU gre-2865,33,283503,131669.99999999997
2022-07-01,2022,202207,на Гагарина,Gunverse,GU gre-2865,35,233275,139649.99999999997
2022-08-01,2022,202208,на Гагарина,Gunverse,GU gre-2865,30,225750,119699.99999999999
2022-09-01,2022,202209,на Гагарина,Gunverse,GU gre-2865,31,243536,123689.99999999999
2022-10-01,2022,202210,на Гагарина,Gunverse,GU gre-2865,26,220844,103739.99999999999
2022-11-01,2022,202211,на Гагарина,Gunverse,GU gre-2865,19,155135,75809.99999999999
2022-12-01,2022,202212,на Гагарина,Gunverse,GU gre-2865,22,169818,87779.99999999999
2021-01-01,2021,202101,на Гагарина,Gunverse,GU earth-4729,24,234000,99960.0
2021-02-01,2021,202102,на Гагарина,Gunverse,GU earth-4729,15,153480,62475.0
2021-03-01,2021,202103,на Гагарина,Gunverse,GU earth-4729,12,116820,49980.0
2021-04-01,2021,202104,на Гагарина,Gunverse,GU earth-4729,22,233464,91630.0
2021-05-01,2021,202105,на Гагарина,Gunverse,GU earth-4729,28,299292,116620.0
2021-06-01,2021,202106,на Гагарина,Gunverse,GU earth-4729,26,259844,108290.0
2021-07-01,2021,202107,на Гагарина,Gunverse,GU earth-4729,28,225680,116620.0
2021-08-01,2021,202108,на Гагарина,Gunverse,GU earth-4729,24,225792,99960.0
2021-09-01,2021,202109,на Гагарина,Gunverse,GU earth-4729,25,230425,104125.0
2021-10-01,2021,202110,на Гагарина,Gunverse,GU earth-4729,21,216090,87465.0
2021-11-01,2021,202111,на Гагарина,Gunverse,GU earth-4729,15,140430,62475.0
2021-12-01,2021,202112,на Гагарина,Gunverse,GU earth-4729,18,162522,74970.0
2022-01-01,2022,202201,на Гагарина,Gunverse,GU earth-4729,26,247234,108290.0
2022-02-01,2022,202202,на Гагарина,Gunverse,GU earth-4729,16,150448,66640.0
2022-03-01,2022,202203,на Гагарина,Gunverse,GU earth-4729,13,117039,54145.0
2022-04-01,2022,202204,на Гагарина,Gunverse,GU earth-4729,24,236112,99960.0
2022-05-01,2022,202205,на Гагарина,Gunverse,GU earth-4729,31,317471,129115.0
2022-06-01,2022,202206,на Гагарина,Gunverse,GU earth-4729,29,290725,120785.0
2022-07-01,2022,202207,на Гагарина,Gunverse,GU earth-4729,31,256897,129115.0
2022-08-01,2022,202208,на Гагарина,Gunverse,GU earth-4729,26,245128,108290.0
2022-09-01,2022,202209,на Гагарина,Gunverse,GU earth-4729,27,265410,112455.0
2022-10-01,2022,202210,на Гагарина,Gunverse,GU earth-4729,23,225906,95795.0
2022-11-01,2022,202211,на Гагарина,Gunverse,GU earth-4729,16,152672,66640.0
2022-12-01,2022,202212,на Гагарина,Gunverse,GU earth-4729,20,188220,83300.0
2021-01-01,2021,202101,на Гагарина,Gunverse,GU ais-4465,24,186144,73440.0
2021-02-01,2021,202102,на Гагарина,Gunverse,GU ais-4465,15,110520,45900.0
2021-03-01,2021,202103,на Гагарина,Gunverse,GU ais-4465,12,73356,36720.0
2021-04-01,2021,202104,на Гагарина,Gunverse,GU ais-4465,22,176154,67320.0
2021-05-01,2021,202105,на Гагарина,Gunverse,GU ais-4465,28,230020,85680.0
2021-06-01,2021,202106,на Гагарина,Gunverse,GU ais-4465,26,187044,79560.0
2021-07-01,2021,202107,на Гагарина,Gunverse,GU ais-4465,28,171696,85680.0
2021-08-01,2021,202108,на Гагарина,Gunverse,GU ais-4465,24,159648,73440.0
2021-09-01,2021,202109,на Гагарина,Gunverse,GU ais-4465,25,159775,76500.0
2021-10-01,2021,202110,на Гагарина,Gunverse,GU ais-4465,21,151032,64260.0
2021-11-01,2021,202111,на Гагарина,Gunverse,GU ais-4465,15,100335,45900.0
2021-12-01,2021,202112,на Гагарина,Gunverse,GU ais-4465,18,115542,55080.0
2022-01-01,2022,202201,на Гагарина,Gunverse,GU ais-4465,26,191880,79560.0
2022-02-01,2022,202202,на Гагарина,Gunverse,GU ais-4465,16,120400,48960.0
2022-03-01,2022,202203,на Гагарина,Gunverse,GU ais-4465,13,85501,39780.0
2022-04-01,2022,202204,на Гагарина,Gunverse,GU ais-4465,24,180456,73440.0
2022-05-01,2022,202205,на Гагарина,Gunverse,GU ais-4465,31,239847,94860.0
2022-06-01,2022,202206,на Гагарина,Gunverse,GU ais-4465,29,219066,88740.0
2022-07-01,2022,202207,на Гагарина,Gunverse,GU ais-4465,31,192045,94860.0
2022-08-01,2022,202208,на Гагарина,Gunverse,GU ais-4465,26,175604,79560.0
2022-09-01,2022,202209,на Гагарина,Gunverse,GU ais-4465,27,193806,82620.0
2022-10-01,2022,202210,на Гагарина,Gunverse,GU ais-4465,23,163599,70380.0
2022-11-01,2022,202211,на Гагарина,Gunverse,GU ais-4465,16,119696,48960.0
2022-12-01,2022,202212,на Гагарина,Gunverse,GU ais-4465,20,129900,61200.0
2021-01-01,2021,202101,на Гагарина,Gunverse,GU ice-8917,25,222650,86400.0
2021-02-01,2021,202102,на Гагарина,Gunverse,GU ice-8917,16,142736,55296.0
2021-03-01,2021,202103,на Гагарина,Gunverse,GU ice-8917,13,109395,44928.0
2021-04-01,2021,202104,на Гагарина,Gunverse,GU ice-8917,23,195891,79488.0
2021-05-01,2021,202105,на Гагарина,Gunverse,GU ice-8917,29,266394,100224.0
2021-06-01,2021,202106,на Гагарина,Gunverse,GU ice-8917,28,247464,96768.0
2021-07-01,2021,202107,на Гагарина,Gunverse,GU ice-8917,29,199607,100224.0
2021-08-01,2021,202108,на Гагарина,Gunverse,GU ice-8917,25,185725,86400.0
2021-09-01,2021,202109,на Гагарина,Gunverse,GU ice-8917,26,207272,89856.0
2021-10-01,2021,202110,на Гагарина,Gunverse,GU ice-8917,22,186648,76032.0
2021-11-01,2021,202111,на Гагарина,Gunverse,GU ice-8917,16,130656,55296.0
2021-12-01,2021,202112,на Гагарина,Gunverse,GU ice-8917,19,150043,65664.0
2022-01-01,2022,202201,на Гагарина,Gunverse,GU ice-8917,27,240327,93312.0
2022-02-01,2022,202202,на Гагарина,Gunverse,GU ice-8917,17,146013,58752.0
2022-03-01,2022,202203,на Гагарина,Gunverse,GU ice-8917,14,109508,48384.0
2022-04-01,2022,202204,на Гагарина,Gunverse,GU ice-8917,25,221250,86400.0
2022-05-01,2022,202205,на Гагарина,Gunverse,GU ice-8917,32,301408,110592.0
2022-06-01,2022,202206,на Гагарина,Gunverse,GU ice-8917,30,265500,103680.0
2022-07-01,2022,202207,на Гагарина,Gunverse,GU ice-8917,32,206336,110592.0
2022-08-01,2022,202208,на Гагарина,Gunverse,GU ice-8917,27,221184,93312.0
2022-09-01,2022,202209,на Гагарина,Gunverse,GU ice-8917,29,229216,100224.0
2022-10-01,2022,202210,на Гагарина,Gunverse,GU ice-8917,24,197616,82944.0
2022-11-01,2022,202211,на Гагарина,Gunverse,GU ice-8917,17,141950,58752.0
2022-12-01,2022,202212,на Гагарина,Gunverse,GU ice-8917,20,160400,69120.0
2021-01-01,2021,202101,на Гагарина,Gunverse,GU ai-3849,25,264525,129675.0
2021-02-01,2021,202102,на Гагарина,Gunverse,GU ai-3849,16,172176,82992.0
2021-03-01,2021,202103,на Гагарина,Gunverse,GU ai-3849,13,123474,67431.0
2021-04-01,2021,202104,на Гагарина,Gunverse,GU ai-3849,24,272400,124488.0
2021-05-01,2021,202105,на Гагарина,Gunverse,GU ai-3849,30,341280,155610.0
2021-06-01,2021,202106,на Гагарина,Gunverse,GU ai-3849,28,303044,145236.0
2021-07-01,2021,202107,на Гагарина,Gunverse,GU ai-3849,30,258540,155610.0
2021-08-01,2021,202108,на Гагарина,Gunverse,GU ai-3849,25,253025,129675.0
2021-09-01,2021,202109,на Гагарина,Gunverse,GU ai-3849,27,271728,140049.0
2021-10-01,2021,202110,на Гагарина,Gunverse,GU ai-3849,22,224026,114114.0
2021-11-01,2021,202111,на Гагарина,Gunverse,GU ai-3849,16,171440,82992.0
2021-12-01,2021,202112,на Гагарина,Gunverse,GU ai-3849,19,189335,98553.0
2022-01-01,2022,202201,на Гагарина,Gunverse,GU ai-3849,28,302624,145236.0
2022-02-01,2022,202202,на Гагарина,Gunverse,GU ai-3849,18,178884,93366.0
2022-03-01,2022,202203,на Гагарина,Gunverse,GU ai-3849,14,138614,72618.0
2022-04-01,2022,202204,на Гагарина,Gunverse,GU ai-3849,26,275132,134862.0
2022-05-01,2022,202205,на Гагарина,Gunverse,GU ai-3849,33,375870,171171.0
2022-06-01,2022,202206,на Гагарина,Gunverse,GU ai-3849,31,334397,160797.0
2022-07-01,2022,202207,на Гагарина,Gunverse,GU ai-3849,33,308550,171171.0
2022-08-01,2022,202208,на Гагарина,Gunverse,GU ai-3849,28,277536,145236.0
2022-09-01,2022,202209,на Гагарина,Gunverse,GU ai-3849,30,289590,155610.0
2022-10-01,2022,202210,на Гагарина,Gunverse,GU ai-3849,24,257928,124488.0
2022-11-01,2022,202211,на Гагарина,Gunverse,GU ai-3849,18,178290,93366.0
2022-12-01,2022,202212,на Гагарина,Gunverse,GU ai-3849,21,211008,108927.0
2021-01-01,2021,202101,на Гагарина,Nuke,NK air-4421,27,369252,162000.0
2021-02-01,2021,202102,на Гагарина,Nuke,NK air-4421,17,219096,102000.0
2021-03-01,2021,202103,на Гагарина,Nuke,NK air-4421,14,174720,84000.0
2021-04-01,2021,202104,на Гагарина,Nuke,NK air-4421,25,341850,150000.0
2021-05-01,2021,202105,на Гагарина,Nuke,NK air-4421,32,456096,192000.0
2021-06-01,2021,202106,на Гагарина,Nuke,NK air-4421,30,408690,180000.0
2021-07-01,2021,202107,на Гагарина,Nuke,NK air-4421,32,384032,192000.0
2021-08-01,2021,202108,на Гагарина,Nuke,NK air-4421,27,359181,162000.0
2021-09-01,2021,202109,на Гагарина,Nuke,NK air-4421,29,381727,174000.0
2021-10-01,2021,202110,на Гагарина,Nuke,NK air-4421,24,318624,144000.0
2021-11-01,2021,202111,на Гагарина,Nuke,NK air-4421,17,227239,102000.0
2021-12-01,2021,202112,на Гагарина,Nuke,NK air-4421,20,254040,120000.0
2022-01-01,2022,202201,на Гагарина,Nuke,NK air-4421,30,381720,180000.0
2022-02-01,2022,202202,на Гагарина,Nuke,NK air-4421,19,248254,114000.0
2022-03-01,2022,202203,на Гагарина,Nuke,NK air-4421,15,187005,90000.0
2022-04-01,2022,202204,на Гагарина,Nuke,NK air-4421,28,376908,168000.0
2022-05-01,2022,202205,на Гагарина,Nuke,NK air-4421,35,484750,210000.0
2022-06-01,2022,202206,на Гагарина,Nuke,NK air-4421,33,446556,198000.0
2022-07-01,2022,202207,на Гагарина,Nuke,NK air-4421,35,404810,210000.0
2022-08-01,2022,202208,на Гагарина,Nuke,NK air-4421,30,390240,180000.0
2022-09-01,2022,202209,на Гагарина,Nuke,NK air-4421,32,402496,192000.0
2022-10-01,2022,202210,на Гагарина,Nuke,NK air-4421,26,343824,156000.0
2022-11-01,2022,202211,на Гагарина,Nuke,NK air-4421,19,247190,114000.0
2022-12-01,2022,202212,на Гагарина,Nuke,NK air-4421,22,286462,132000.0
2021-01-01,2021,202101,на Гагарина,Nuke,NK grou-9880,20,213200,106200.0
2021-02-01,2021,202102,на Гагарина,Nuke,NK grou-9880,13,132262,69030.0
2021-03-01,2021,202103,на Гагарина,Nuke,NK grou-9880,10,102200,53100.0
2021-04-01,2021,202104,на Гагарина,Nuke,NK grou-9880,19,207689,100890.0
2021-05-01,2021,202105,на Гагарина,Nuke,NK grou-9880,23,248975,122130.0
2021-06-01,2021,202106,на Гагарина,Nuke,NK grou-9880,22,222068,116820.0
2021-07-01,2021,202107,на Гагарина,Nuke,NK grou-9880,23,189290,122130.0
2021-08-01,2021,202108,на Гагарина,Nuke,NK grou-9880,20,191280,106200.0
2021-09-01,2021,202109,на Гагарина,Nuke,NK grou-9880,21,203028,111510.0
2021-10-01,2021,202110,на Гагарина,Nuke,NK grou-9880,17,182988,90270.0
2021-11-01,2021,202111,на Гагарина,Nuke,NK grou-9880,13,136357,69030.0
2021-12-01,2021,202112,на Гагарина,Nuke,NK grou-9880,15,146850,79650.0
2022-01-01,2022,202201,на Гагарина,Nuke,NK grou-9880,22,232100,116820.0
2022-02-01,2022,202202,на Гагарина,Nuke,NK grou-9880,14,150626,74340.0
2022-03-01,2022,202203,на Гагарина,Nuke,NK grou-9880,11,113531,58410.0
2022-04-01,2022,202204,на Гагарина,Nuke,NK grou-9880,20,221960,106200.0
2022-05-01,2022,202205,на Гагарина,Nuke,NK grou-9880,26,289926,138060.0
2022-06-01,2022,202206,на Гагарина,Nuke,NK grou-9880,24,235728,127440.0
2022-07-01,2022,202207,на Гагарина,Nuke,NK grou-9880,26,221052,138060.0
2022-08-01,2022,202208,на Гагарина,Nuke,NK grou-9880,22,207174,116820.0
2022-09-01,2022,202209,на Гагарина,Nuke,NK grou-9880,23,223928,122130.0
2022-10-01,2022,202210,на Гагарина,Nuke,NK grou-9880,19,196669,100890.0
2022-11-01,2022,202211,на Гагарина,Nuke,NK grou-9880,14,140742,74340.0
2022-12-01,2022,202212,на Гагарина,Nuke,NK grou-9880,16,163008,84960.0
2021-01-01,2021,202101,на Гагарина,Nuke,NK gre-7983,19,160436,61180.0
2021-02-01,2021,202102,на Гагарина,Nuke,NK gre-7983,12,102732,38640.0
2021-03-01,2021,202103,на Гагарина,Nuke,NK gre-7983,10,77370,32200.0
2021-04-01,2021,202104,на Гагарина,Nuke,NK gre-7983,18,153558,57960.0
2021-05-01,2021,202105,на Гагарина,Nuke,NK gre-7983,22,199056,70840.0
2021-06-01,2021,202106,на Гагарина,Nuke,NK gre-7983,21,166572,67620.0
2021-07-01,2021,202107,на Гагарина,Nuke,NK gre-7983,22,157102,70840.0
2021-08-01,2021,202108,на Гагарина,Nuke,NK gre-7983,19,159068,61180.0
2021-09-01,2021,202109,на Гагарина,Nuke,NK gre-7983,20,164060,64400.0
2021-10-01,2021,202110,на Гагарина,Nuke,NK gre-7983,17,142885,54740.0
2021-11-01,2021,202111,на Гагарина,Nuke,NK gre-7983,12,93816,38640.0
2021-12-01,2021,202112,на Гагарина,Nuke,NK gre-7983,14,107324,45080.0
2022-01-01,2022,202201,на Гагарина,Nuke,NK gre-7983,21,162876,67620.0
2022-02-01,2022,202202,на Гагарина,Nuke,NK gre-7983,13,102739,41860.0
2022-03-01,2022,202203,на Гагарина,Nuke,NK gre-7983,11,88506,35420.0
2022-04-01,2022,202204,на Гагарина,Nuke,NK gre-7983,19,175351,61180.0
2022-05-01,2022,202205,на Гагарина,Nuke,NK gre-7983,24,206448,77280.0
2022-06-01,2022,202206,на Гагарина,Nuke,NK gre-7983,23,188439,74060.0
2022-07-01,2022,202207,на Гагарина,Nuke,NK gre-7983,24,170424,77280.0
2022-08-01,2022,202208,на Гагарина,Nuke,NK gre-7983,21,158445,67620.0
2022-09-01,2022,202209,на Гагарина,Nuke,NK gre-7983,22,180884,70840.0
2022-10-01,2022,202210,на Гагарина,Nuke,NK gre-7983,18,159894,57960.0
2022-11-01,2022,202211,на Гагарина,Nuke,NK gre-7983,13,113334,41860.0
2022-12-01,2022,202212,на Гагарина,Nuke,NK gre-7983,16,124336,51520.0
2021-01-01,2021,202101,на Гагарина,Nuke,NK earth-5320,23,170867,76245.0
2021-02-01,2021,202102,на Гагарина,Nuke,NK earth-5320,15,115380,49725.0
2021-03-01,2021,202103,на Гагарина,Nuke,NK earth-5320,12,91596,39780.0
2021-04-01,2021,202104,на Гагарина,Nuke,NK earth-5320,22,185526,72930.0
2021-05-01,2021,202105,на Гагарина,Nuke,NK earth-5320,28,219688,92820.0
2021-06-01,2021,202106,на Гагарина,Nuke,NK earth-5320,26,200304,86190.0
2021-07-01,2021,202107,на Гагарина,Nuke,NK earth-5320,28,181804,92820.0
2021-08-01,2021,202108,на Гагарина,Nuke,NK earth-5320,23,178296,76245.0
2021-09-01,2021,202109,на Гагарина,Nuke,NK earth-5320,25,172175,82875.0
2021-10-01,2021,202110,на Гагарина,Nuke,NK earth-5320,20,152820,66300.0
2021-11-01,2021,202111,на Гагарина,Nuke,NK earth-5320,15,110055,49725.0
2021-12-01,2021,202112,на Гагарина,Nuke,NK earth-5320,18,137988,59670.0
2022-01-01,2022,202201,на Гагарина,Nuke,NK earth-5320,26,206232,86190.0
2022-02-01,2022,202202,на Гагарина,Nuke,NK earth-5320,16,131552,53040.0
2022-03-01,2022,202203,на Гагарина,Nuke,NK earth-5320,13,96330,43095.0
2022-04-01,2022,202204,на Гагарина,Nuke,NK earth-5320,24,205248,79560.0
2022-05-01,2022,202205,на Гагарина,Nuke,NK earth-5320,30,261120,99450.0
2022-06-01,2022,202206,на Гагарина,Nuke,NK earth-5320,29,218341,96135.0
2022-07-01,2022,202207,на Гагарина,Nuke,NK earth-5320,30,190350,99450.0
2022-08-01,2022,202208,на Гагарина,Nuke,NK earth-5320,26,170248,86190.0
2022-09-01,2022,202209,на Гагарина,Nuke,NK earth-5320,27,202743,89505.0
2022-10-01,2022,202210,на Гагарина,Nuke,NK earth-5320,22,176022,72930.0
2022-11-01,2022,202211,на Гагарина,Nuke,NK earth-5320,16,116288,53040.0
2022-12-01,2022,202212,на Гагарина,Nuke,NK earth-5320,19,137921,62985.0
2021-01-01,2021,202101,на Гагарина,Nuke,NK ais-5028,26,283296,122200.0
2021-02-01,2021,202102,на Гагарина,Nuke,NK ais-5028,16,185360,75200.0
2021-03-01,2021,202103,на Гагарина,Nuke,NK ais-5028,13,143806,61100.0
2021-04-01,2021,202104,на Гагарина,Nuke,NK ais-5028,24,272184,112800.0
2021-05-01,2021,202105,на Гагарина,Nuke,NK ais-5028,30,352920,141000.0
2021-06-01,2021,202106,на Гагарина,Nuke,NK ais-5028,29,322364,136300.0
2021-07-01,2021,202107,на Гагарина,Nuke,NK ais-5028,30,310740,141000.0
2021-08-01,2021,202108,на Гагарина,Nuke,NK ais-5028,26,273676,122200.0
2021-09-01,2021,202109,на Гагарина,Nuke,NK ais-5028,27,298107,126900.0
2021-10-01,2021,202110,на Гагарина,Nuke,NK ais-5028,22,250382,103400.0
2021-11-01,2021,202111,на Гагарина,Nuke,NK ais-5028,16,185680,75200.0
2021-12-01,2021,202112,на Гагарина,Nuke,NK ais-5028,19,193211,89300.0
2022-01-01,2022,202201,на Гагарина,Nuke,NK ais-5028,28,333144,131600.0
2022-02-01,2022,202202,на Гагарина,Nuke,NK ais-5028,18,202572,84600.0
2022-03-01,2022,202203,на Гагарина,Nuke,NK ais-5028,14,148722,65800.0
2022-04-01,2022,202204,на Гагарина,Nuke,NK ais-5028,26,294684,122200.0
2022-05-01,2022,202205,на Гагарина,Nuke,NK ais-5028,33,408342,155100.0
2022-06-01,2022,202206,на Гагарина,Nuke,NK ais-5028,32,380576,150400.0
2022-07-01,2022,202207,на Гагарина,Nuke,NK ais-5028,33,324060,155100.0
2022-08-01,2022,202208,на Гагарина,Nuke,NK ais-5028,28,311332,131600.0
2022-09-01,2022,202209,на Гагарина,Nuke,NK ais-5028,30,310740,141000.0
2022-10-01,2022,202210,на Гагарина,Nuke,NK ais-5028,25,285450,117500.0
2022-11-01,2022,202211,на Гагарина,Nuke,NK ais-5028,18,211302,84600.0
2022-12-01,2022,202212,на Гагарина,Nuke,NK ais-5028,21,215061,98700.0
2021-01-01,2021,202101,на Гагарина,Nuke,NK ice-4908,27,277695,144963.0
2021-02-01,2021,202102,на Гагарина,Nuke,NK ice-4908,17,185589,91273.0
2021-03-01,2021,202103,на Гагарина,Nuke,NK ice-4908,14,141932,75166.0
2021-04-01,2021,202104,на Гагарина,Nuke,NK ice-4908,25,274300,134225.0
2021-05-01,2021,202105,на Гагарина,Nuke,NK ice-4908,32,334272,171808.0
2021-06-01,2021,202106,на Гагарина,Nuke,NK ice-4908,30,315810,161070.0
2021-07-01,2021,202107,на Гагарина,Nuke,NK ice-4908,32,270496,171808.0
2021-08-01,2021,202108,на Гагарина,Nuke,NK ice-4908,27,274671,144963.0
2021-09-01,2021,202109,на Гагарина,Nuke,NK ice-4908,29,282692,155701.0
2021-10-01,2021,202110,на Гагарина,Nuke,NK ice-4908,24,245616,128856.0
2021-11-01,2021,202111,на Гагарина,Nuke,NK ice-4908,17,168113,91273.0
2021-12-01,2021,202112,на Гагарина,Nuke,NK ice-4908,20,188720,107380.0
2022-01-01,2022,202201,на Гагарина,Nuke,NK ice-4908,30,295920,161070.0
2022-02-01,2022,202202,на Гагарина,Nuke,NK ice-4908,19,202901,102011.0
2022-03-01,2022,202203,на Гагарина,Nuke,NK ice-4908,15,144900,80535.0
2022-04-01,2022,202204,на Гагарина,Nuke,NK ice-4908,28,309932,150332.0
2022-05-01,2022,202205,на Гагарина,Nuke,NK ice-4908,35,379190,187915.0
2022-06-01,2022,202206,на Гагарина,Nuke,NK ice-4908,33,326205,177177.0
2022-07-01,2022,202207,на Гагарина,Nuke,NK ice-4908,35,290185,187915.0
2022-08-01,2022,202208,на Гагарина,Nuke,NK ice-4908,30,300750,161070.0
2022-09-01,2022,202209,на Гагарина,Nuke,NK ice-4908,31,310341,166439.0
2022-10-01,2022,202210,на Гагарина,Nuke,NK ice-4908,26,272428,139594.0
2022-11-01,2022,202211,на Гагарина,Nuke,NK ice-4908,19,193895,102011.0
2022-12-01,2022,202212,на Гагарина,Nuke,NK ice-4908,22,206822,118118.0
2021-01-01,2021,202101,на Гагарина,Nuke,NK ai-2826,19,229026,104500.0
2021-02-01,2021,202102,на Гагарина,Nuke,NK ai-2826,12,151308,66000.0
2021-03-01,2021,202103,на Гагарина,Nuke,NK ai-2826,10,120860,55000.0
2021-04-01,2021,202104,на Гагарина,Nuke,NK ai-2826,18,223812,99000.0
2021-05-01,2021,202105,на Гагарина,Nuke,NK ai-2826,23,295734,126500.0
2021-06-01,2021,202106,на Гагарина,Nuke,NK ai-2826,22,266508,121000.0
2021-07-01,2021,202107,на Гагарина,Nuke,NK ai-2826,23,244375,126500.0
2021-08-01,2021,202108,на Гагарина,Nuke,NK ai-2826,19,215593,104500.0
2021-09-01,2021,202109,на Гагарина,Nuke,NK ai-2826,20,241740,110000.0
2021-10-01,2021,202110,на Гагарина,Nuke,NK ai-2826,17,207383,93500.0
2021-11-01,2021,202111,на Гагарина,Nuke,NK ai-2826,12,152952,66000.0
2021-12-01,2021,202112,на Гагарина,Nuke,NK ai-2826,15,168045,82500.0
2022-01-01,2022,202201,на Гагарина,Nuke,NK ai-2826,21,266049,115500.0
2022-02-01,2022,202202,на Гагарина,Nuke,NK ai-2826,13,161239,71500.0
2022-03-01,2022,202203,на Гагарина,Nuke,NK ai-2826,11,126401,60500.0
2022-04-01,2022,202204,на Гагарина,Nuke,NK ai-2826,20,258540,110000.0
2022-05-01,2022,202205,на Гагарина,Nuke,NK ai-2826,25,329525,137500.0
2022-06-01,2022,202206,на Гагарина,Nuke,NK ai-2826,24,284688,132000.0
2022-07-01,2022,202207,на Гагарина,Nuke,NK ai-2826,25,257625,137500.0
2022-08-01,2022,202208,на Гагарина,Nuke,NK ai-2826,21,239064,115500.0
2022-09-01,2022,202209,на Гагарина,Nuke,NK ai-2826,22,266860,121000.0
2022-10-01,2022,202210,на Гагарина,Nuke,NK ai-2826,19,240578,104500.0
2022-11-01,2022,202211,на Гагарина,Nuke,NK ai-2826,13,159393,71500.0
2022-12-01,2022,202212,на Гагарина,Nuke,NK ai-2826,16,188704,88000.0
2021-01-01,2021,202101,на Гагарина,Rubok,RB air-7636,6,23532,9072.0
2021-02-01,2021,202102,на Гагарина,Rubok,RB air-7636,4,19236,6048.0
2021-03-01,2021,202103,на Гагарина,Rubok,RB air-7636,3,11631,4536.0
2021-04-01,2021,202104,на Гагарина,Rubok,RB air-7636,6,27570,9072.0
2021-05-01,2021,202105,на Гагарина,Rubok,RB air-7636,7,34783,10584.0
2021-06-01,2021,202106,на Гагарина,Rubok,RB air-7636,7,26425,10584.0
2021-07-01,2021,202107,на Гагарина,Rubok,RB air-7636,7,18907,10584.0
2021-08-01,2021,202108,на Гагарина,Rubok,RB air-7636,6,23052,9072.0
2021-09-01,2021,202109,на Гагарина,Rubok,RB air-7636,7,27174,10584.0
2021-10-01,2021,202110,на Гагарина,Rubok,RB air-7636,6,27972,9072.0
2021-11-01,2021,202111,на Гагарина,Rubok,RB air-7636,4,17176,6048.0
2021-12-01,2021,202112,на Гагарина,Rubok,RB air-7636,5,19225,7560.0
2022-01-01,2022,202201,на Гагарина,Rubok,RB air-7636,7,27678,10584.0
2022-02-01,2022,202202,на Гагарина,Rubok,RB air-7636,4,17364,6048.0
2022-03-01,2022,202203,на Гагарина,Rubok,RB air-7636,4,15832,6048.0
2022-04-01,2022,202204,на Гагарина,Rubok,RB air-7636,6,27270,9072.0
2022-05-01,2022,202205,на Гагарина,Rubok,RB air-7636,8,40936,12096.0
2022-06-01,2022,202206,на Гагарина,Rubok,RB air-7636,8,32248,12096.0
2022-07-01,2022,202207,на Гагарина,Rubok,RB air-7636,8,18600,12096.0
2022-08-01,2022,202208,на Гагарина,Rubok,RB air-7636,7,23709,10584.0
2022-09-01,2022,202209,на Гагарина,Rubok,RB air-7636,7,28406,10584.0
2022-10-01,2022,202210,на Гагарина,Rubok,RB air-7636,6,26058,9072.0
2022-11-01,2022,202211,на Гагарина,Rubok,RB air-7636,4,15656,6048.0
2022-12-01,2022,202212,на Гагарина,Rubok,RB air-7636,5,15585,7560.0
2021-01-01,2021,202101,на Гагарина,Rubok,RB grou-5163,8,21144,6256.0
2021-02-01,2021,202102,на Гагарина,Rubok,RB grou-5163,5,17760,3910.0
2021-03-01,2021,202103,на Гагарина,Rubok,RB grou-5163,4,8392,3128.0
2021-04-01,2021,202104,на Гагарина,Rubok,RB grou-5163,7,22722,5474.0
2021-05-01,2021,202105,на Гагарина,Rubok,RB grou-5163,9,33813,7038.0
2021-06-01,2021,202106,на Гагарина,Rubok,RB grou-5163,8,24384,6256.0
2021-07-01,2021,202107,на Гагарина,Rubok,RB grou-5163,9,13086,7038.0
2021-08-01,2021,202108,на Гагарина,Rubok,RB grou-5163,8,18440,6256.0
2021-09-01,2021,202109,на Гагарина,Rubok,RB grou-5163,8,16072,6256.0
2021-10-01,2021,202110,на Гагарина,Rubok,RB grou-5163,7,24878,5474.0
2021-11-01,2021,202111,на Гагарина,Rubok,RB grou-5163,5,14420,3910.0
2021-12-01,2021,202112,на Гагарина,Rubok,RB grou-5163,6,17616,4692.0
2022-01-01,2022,202201,на Гагарина,Rubok,RB grou-5163,8,23032,6256.0
2022-02-01,2022,202202,на Гагарина,Rubok,RB grou-5163,5,15415,3910.0
2022-03-01,2022,202203,на Гагарина,Rubok,RB grou-5163,4,7884,3128.0
2022-04-01,2022,202204,на Гагарина,Rubok,RB grou-5163,8,28240,6256.0
2022-05-01,2022,202205,на Гагарина,Rubok,RB grou-5163,10,33830,7820.0
2022-06-01,2022,202206,на Гагарина,Rubok,RB grou-5163,9,28026,7038.0
2022-07-01,2022,202207,на Гагарина,Rubok,RB grou-5163,10,15790,7820.0
2022-08-01,2022,202208,на Гагарина,Rubok,RB grou-5163,8,21904,6256.0
2022-09-01,2022,202209,на Гагарина,Rubok,RB grou-5163,9,23805,7038.0
2022-10-01,2022,202210,на Гагарина,Rubok,RB grou-5163,7,22855,5474.0
2022-11-01,2022,202211,на Гагарина,Rubok,RB grou-5163,5,17415,3910.0
2022-12-01,2022,202212,на Гагарина,Rubok,RB grou-5163,6,13326,4692.0
2021-01-01,2021,202101,на Гагарина,Rubok,RB gre-1678,7,37478,12250.0
2021-02-01,2021,202102,на Гагарина,Rubok,RB gre-1678,4,21580,7000.0
2021-03-01,2021,202103,на Гагарина,Rubok,RB gre-1678,4,15680,7000.0
2021-04-01,2021,202104,на Гагарина,Rubok,RB gre-1678,6,28512,10500.0
2021-05-01,2021,202105,на Гагарина,Rubok,RB gre-1678,8,42512,14000.0
2021-06-01,2021,202106,на Гагарина,Rubok,RB gre-1678,8,41072,14000.0
2021-07-01,2021,202107,на Гагарина,Rubok,RB gre-1678,8,28440,14000.0
2021-08-01,2021,202108,на Гагарина,Rubok,RB gre-1678,7,29253,12250.0
2021-09-01,2021,202109,на Гагарина,Rubok,RB gre-1678,7,30016,12250.0
2021-10-01,2021,202110,на Гагарина,Rubok,RB gre-1678,6,31038,10500.0
2021-11-01,2021,202111,на Гагарина,Rubok,RB gre-1678,4,17804,7000.0
2021-12-01,2021,202112,на Гагарина,Rubok,RB gre-1678,5,21415,8750.0
2022-01-01,2022,202201,на Гагарина,Rubok,RB gre-1678,8,39944,14000.0
2022-02-01,2022,202202,на Гагарина,Rubok,RB gre-1678,5,22755,8750.0
2022-03-01,2022,202203,на Гагарина,Rubok,RB gre-1678,4,17476,7000.0
2022-04-01,2022,202204,на Гагарина,Rubok,RB gre-1678,7,35539,12250.0
2022-05-01,2022,202205,на Гагарина,Rubok,RB gre-1678,9,52065,15750.0
2022-06-01,2022,202206,на Гагарина,Rubok,RB gre-1678,8,39512,14000.0
2022-07-01,2022,202207,на Гагарина,Rubok,RB gre-1678,9,28044,15750.0
2022-08-01,2022,202208,на Гагарина,Rubok,RB gre-1678,8,36456,14000.0
2022-09-01,2022,202209,на Гагарина,Rubok,RB gre-1678,8,32008,14000.0
2022-10-01,2022,202210,на Гагарина,Rubok,RB gre-1678,7,36764,12250.0
2022-11-01,2022,202211,на Гагарина,Rubok,RB gre-1678,5,21185,8750.0
2022-12-01,2022,202212,на Гагарина,Rubok,RB gre-1678,6,23586,10500.0
2021-01-01,2021,202101,на Гагарина,Rubok,RB earth-5369,6,33978,15120.0
2021-02-01,2021,202102,на Гагарина,Rubok,RB earth-5369,4,23228,10080.0
2021-03-01,2021,202103,на Гагарина,Rubok,RB earth-5369,3,13263,7560.0
2021-04-01,2021,202104,на Гагарина,Rubok,RB earth-5369,6,33030,15120.0
2021-05-01,2021,202105,на Гагарина,Rubok,RB earth-5369,7,47516,17640.0
2021-06-01,2021,202106,на Гагарина,Rubok,RB earth-5369,7,36064,17640.0
2021-07-01,2021,202107,на Гагарина,Rubok,RB earth-5369,7,25767,17640.0
2021-08-01,2021,202108,на Гагарина,Rubok,RB earth-5369,6,31806,15120.0
2021-09-01,2021,202109,на Гагарина,Rubok,RB earth-5369,7,33852,17640.0
2021-10-01,2021,202110,на Гагарина,Rubok,RB earth-5369,6,34068,15120.0
2021-11-01,2021,202111,на Гагарина,Rubok,RB earth-5369,4,21376,10080.0
2021-12-01,2021,202112,на Гагарина,Rubok,RB earth-5369,5,23615,12600.0
2022-01-01,2022,202201,на Гагарина,Rubok,RB earth-5369,7,37695,17640.0
2022-02-01,2022,202202,на Гагарина,Rubok,RB earth-5369,4,23704,10080.0
2022-03-01,2022,202203,на Гагарина,Rubok,RB earth-5369,4,18572,10080.0
2022-04-01,2022,202204,на Гагарина,Rubok,RB earth-5369,6,33294,15120.0
2022-05-01,2022,202205,на Гагарина,Rubok,RB earth-5369,8,49416,20160.0
2022-06-01,2022,202206,на Гагарина,Rubok,RB earth-5369,8,48848,20160.0
2022-07-01,2022,202207,на Гагарина,Rubok,RB earth-5369,8,31832,20160.0
2022-08-01,2022,202208,на Гагарина,Rubok,RB earth-5369,7,33719,17640.0
2022-09-01,2022,202209,на Гагарина,Rubok,RB earth-5369,7,33369,17640.0
2022-10-01,2022,202210,на Гагарина,Rubok,RB earth-5369,6,33384,15120.0
2022-11-01,2022,202211,на Гагарина,Rubok,RB earth-5369,4,19972,10080.0
2022-12-01,2022,202212,на Гагарина,Rubok,RB earth-5369,5,23640,12600.0
2021-01-01,2021,202101,на Гагарина,Rubok,RB ais-8935,8,24432,7392.0
2021-02-01,2021,202102,на Гагарина,Rubok,RB ais-8935,5,17420,4620.0
2021-03-01,2021,202103,на Гагарина,Rubok,RB ais-8935,4,9464,3696.0
2021-04-01,2021,202104,на Гагарина,Rubok,RB ais-8935,7,24836,6468.0
2021-05-01,2021,202105,на Гагарина,Rubok,RB ais-8935,9,35874,8316.0
2021-06-01,2021,202106,на Гагарина,Rubok,RB ais-8935,9,33183,8316.0
2021-07-01,2021,202107,на Гагарина,Rubok,RB ais-8935,9,18936,8316.0
2021-08-01,2021,202108,на Гагарина,Rubok,RB ais-8935,8,24552,7392.0
2021-09-01,2021,202109,на Гагарина,Rubok,RB ais-8935,8,26416,7392.0
2021-10-01,2021,202110,на Гагарина,Rubok,RB ais-8935,7,25669,6468.0
2021-11-01,2021,202111,на Гагарина,Rubok,RB ais-8935,5,17955,4620.0
2021-12-01,2021,202112,на Гагарина,Rubok,RB ais-8935,6,18684,5544.0
2022-01-01,2022,202201,на Гагарина,Rubok,RB ais-8935,9,28512,8316.0
2022-02-01,2022,202202,на Гагарина,Rubok,RB ais-8935,6,23784,5544.0
2022-03-01,2022,202203,на Гагарина,Rubok,RB ais-8935,5,16135,4620.0
2022-04-01,2022,202204,на Гагарина,Rubok,RB ais-8935,8,30592,7392.0
2022-05-01,2022,202205,на Гагарина,Rubok,RB ais-8935,10,46210,9240.0
2022-06-01,2022,202206,на Гагарина,Rubok,RB ais-8935,10,38770,9240.0
2022-07-01,2022,202207,на Гагарина,Rubok,RB ais-8935,10,19170,9240.0
2022-08-01,2022,202208,на Гагарина,Rubok,RB ais-8935,9,22581,8316.0
2022-09-01,2022,202209,на Гагарина,Rubok,RB ais-8935,9,32778,8316.0
2022-10-01,2022,202210,на Гагарина,Rubok,RB ais-8935,8,31760,7392.0
2022-11-01,2022,202211,на Гагарина,Rubok,RB ais-8935,6,23370,5544.0
2022-12-01,2022,202212,на Гагарина,Rubok,RB ais-8935,7,24304,6468.0
2021-01-01,2021,202101,на Гагарина,Rubok,RB ice-6256,6,21588,6552.0
2021-02-01,2021,202102,на Гагарина,Rubok,RB ice-6256,4,15980,4368.0
2021-03-01,2021,202103,на Гагарина,Rubok,RB ice-6256,3,11154,3276.0
2021-04-01,2021,202104,на Гагарина,Rubok,RB ice-6256,6,24738,6552.0
2021-05-01,2021,202105,на Гагарина,Rubok,RB ice-6256,7,28812,7644.0
2021-06-01,2021,202106,на Гагарина,Rubok,RB ice-6256,7,27874,7644.0
2021-07-01,2021,202107,на Гагарина,Rubok,RB ice-6256,7,17549,7644.0
2021-08-01,2021,202108,на Гагарина,Rubok,RB ice-6256,6,22260,6552.0
2021-09-01,2021,202109,на Гагарина,Rubok,RB ice-6256,7,20748,7644.0
2021-10-01,2021,202110,на Гагарина,Rubok,RB ice-6256,6,23946,6552.0
2021-11-01,2021,202111,на Гагарина,Rubok,RB ice-6256,4,15268,4368.0
2021-12-01,2021,202112,на Гагарина,Rubok,RB ice-6256,5,16785,5460.0
2022-01-01,2022,202201,на Гагарина,Rubok,RB ice-6256,7,26439,7644.0
2022-02-01,2022,202202,на Гагарина,Rubok,RB ice-6256,5,20785,5460.0
2022-03-01,2022,202203,на Гагарина,Rubok,RB ice-6256,4,12888,4368.0
2022-04-01,2022,202204,на Гагарина,Rubok,RB ice-6256,7,34797,7644.0
2022-05-01,2022,202205,на Гагарина,Rubok,RB ice-6256,8,33616,8736.0
2022-06-01,2022,202206,на Гагарина,Rubok,RB ice-6256,8,35896,8736.0
2022-07-01,2022,202207,на Гагарина,Rubok,RB ice-6256,8,23504,8736.0
2022-08-01,2022,202208,на Гагарина,Rubok,RB ice-6256,7,22323,7644.0
2022-09-01,2022,202209,на Гагарина,Rubok,RB ice-6256,7,24570,7644.0
2022-10-01,2022,202210,на Гагарина,Rubok,RB ice-6256,6,22680,6552.0
2022-11-01,2022,202211,на Гагарина,Rubok,RB ice-6256,5,20275,5460.0
2022-12-01,2022,202212,на Гагарина,Rubok,RB ice-6256,5,15285,5460.0
2021-01-01,2021,202101,на Гагарина,Rubok,RB ai-9349,8,25096,6992.0
2021-02-01,2021,202102,на Гагарина,Rubok,RB ai-9349,5,15340,4370.0
2021-03-01,2021,202103,на Гагарина,Rubok,RB ai-9349,4,12420,3496.0
2021-04-01,2021,202104,на Гагарина,Rubok,RB ai-9349,8,28904,6992.0
2021-05-01,2021,202105,на Гагарина,Rubok,RB ai-9349,9,37062,7866.0
2021-06-01,2021,202106,на Гагарина,Rubok,RB ai-9349,9,24111,7866.0
2021-07-01,2021,202107,на Гагарина,Rubok,RB ai-9349,9,17775,7866.0
2021-08-01,2021,202108,на Гагарина,Rubok,RB ai-9349,8,19048,6992.0
2021-09-01,2021,202109,на Гагарина,Rubok,RB ai-9349,9,23445,7866.0
2021-10-01,2021,202110,на Гагарина,Rubok,RB ai-9349,7,23233,6118.0
2021-11-01,2021,202111,на Гагарина,Rubok,RB ai-9349,5,17250,4370.0
2021-12-01,2021,202112,на Гагарина,Rubok,RB ai-9349,6,15444,5244.0
2022-01-01,2022,202201,на Гагарина,Rubok,RB ai-9349,9,25776,7866.0
2022-02-01,2022,202202,на Гагарина,Rubok,RB ai-9349,6,19962,5244.0
2022-03-01,2022,202203,на Гагарина,Rubok,RB ai-9349,5,12870,4370.0
2022-04-01,2022,202204,на Гагарина,Rubok,RB ai-9349,8,24208,6992.0
2022-05-01,2022,202205,на Гагарина,Rubok,RB ai-9349,10,45580,8740.0
2022-06-01,2022,202206,на Гагарина,Rubok,RB ai-9349,10,30300,8740.0
2022-07-01,2022,202207,на Гагарина,Rubok,RB ai-9349,10,20250,8740.0
2022-08-01,2022,202208,на Гагарина,Rubok,RB ai-9349,9,19161,7866.0
2022-09-01,2022,202209,на Гагарина,Rubok,RB ai-9349,9,30330,7866.0
2022-10-01,2022,202210,на Гагарина,Rubok,RB ai-9349,8,29896,6992.0
2022-11-01,2022,202211,на Гагарина,Rubok,RB ai-9349,6,23226,5244.0
2022-12-01,2022,202212,на Гагарина,Rubok,RB ai-9349,7,21021,6118.0
2021-01-01,2021,202101,на Писаревской,Galosha,KA air-9558,48,530448,288000.0
2021-02-01,2021,202102,на Писаревской,Galosha,KA air-9558,30,337320,180000.0
2021-03-01,2021,202103,на Писаревской,Galosha,KA air-9558,24,244128,144000.0
2021-04-01,2021,202104,на Писаревской,Galosha,KA air-9558,45,518940,270000.0
2021-05-01,2021,202105,на Писаревской,Galosha,KA air-9558,57,690042,342000.0
2021-06-01,2021,202106,на Писаревской,Galosha,KA air-9558,54,636930,324000.0
2021-07-01,2021,202107,на Писаревской,Galosha,KA air-9558,57,566580,342000.0
2021-08-01,2021,202108,на Писаревской,Galosha,KA air-9558,48,495600,288000.0
2021-09-01,2021,202109,на Писаревской,Galosha,KA air-9558,51,542742,306000.0
2021-10-01,2021,202110,на Писаревской,Galosha,KA air-9558,42,489762,252000.0
2021-11-01,2021,202111,на Писаревской,Galosha,KA air-9558,30,354450,180000.0
2021-12-01,2021,202112,на Писаревской,Galosha,KA air-9558,36,389808,216000.0
2022-01-01,2022,202201,на Писаревской,Galosha,KA air-9558,52,573248,312000.0
2022-02-01,2022,202202,на Писаревской,Galosha,KA air-9558,33,366201,198000.0
2022-03-01,2022,202203,на Писаревской,Galosha,KA air-9558,26,287768,156000.0
2022-04-01,2022,202204,на Писаревской,Galosha,KA air-9558,49,571879,294000.0
2022-05-01,2022,202205,на Писаревской,Galosha,KA air-9558,62,755098,372000.0
2022-06-01,2022,202206,на Писаревской,Galosha,KA air-9558,59,674665,354000.0
2022-07-01,2022,202207,на Писаревской,Galosha,KA air-9558,62,593154,372000.0
2022-08-01,2022,202208,на Писаревской,Galosha,KA air-9558,52,571064,312000.0
2022-09-01,2022,202209,на Писаревской,Galosha,KA air-9558,56,589792,336000.0
2022-10-01,2022,202210,на Писаревской,Galosha,KA air-9558,46,501722,276000.0
2022-11-01,2022,202211,на Писаревской,Galosha,KA air-9558,33,376398,198000.0
2022-12-01,2022,202212,на Писаревской,Galosha,KA air-9558,39,403143,234000.0
2021-01-01,2021,202101,на Писаревской,Galosha,KA grou-7567,44,574816,311520.0
2021-02-01,2021,202102,на Писаревской,Galosha,KA grou-7567,27,347490,191160.0
2021-03-01,2021,202103,на Писаревской,Galosha,KA grou-7567,22,283734,155760.0
2021-04-01,2021,202104,на Писаревской,Galosha,KA grou-7567,41,548744,290280.0
2021-05-01,2021,202105,на Писаревской,Galosha,KA grou-7567,52,732368,368160.0
2021-06-01,2021,202106,на Писаревской,Galosha,KA grou-7567,49,671251,346920.0
2021-07-01,2021,202107,на Писаревской,Galosha,KA grou-7567,52,622596,368160.0
2021-08-01,2021,202108,на Писаревской,Galosha,KA grou-7567,44,553432,311520.0
2021-09-01,2021,202109,на Писаревской,Galosha,KA grou-7567,46,615526,325680.0
2021-10-01,2021,202110,на Писаревской,Galosha,KA grou-7567,38,520068,269040.0
2021-11-01,2021,202111,на Писаревской,Galosha,KA grou-7567,27,361449,191160.0
2021-12-01,2021,202112,на Писаревской,Galosha,KA grou-7567,33,426294,233640.0
2022-01-01,2022,202201,на Писаревской,Galosha,KA grou-7567,48,661824,339840.0
2022-02-01,2022,202202,на Писаревской,Galosha,KA grou-7567,30,397140,212400.0
2022-03-01,2022,202203,на Писаревской,Galosha,KA grou-7567,24,322392,169920.0
2022-04-01,2022,202204,на Писаревской,Galosha,KA grou-7567,45,614520,318600.0
2022-05-01,2022,202205,на Писаревской,Galosha,KA grou-7567,57,811110,403560.0
2022-06-01,2022,202206,на Писаревской,Galosha,KA grou-7567,54,732132,382320.0
2022-07-01,2022,202207,на Писаревской,Galosha,KA grou-7567,57,694659,403560.0
2022-08-01,2022,202208,на Писаревской,Galosha,KA grou-7567,48,602688,339840.0
2022-09-01,2022,202209,на Писаревской,Galosha,KA grou-7567,51,692580,361080.0
2022-10-01,2022,202210,на Писаревской,Galosha,KA grou-7567,42,558306,297360.0
2022-11-01,2022,202211,на Писаревской,Galosha,KA grou-7567,30,404940,212400.0
2022-12-01,2022,202212,на Писаревской,Galosha,KA grou-7567,36,450540,254880.0
2021-01-01,2021,202101,на Писаревской,Galosha,KA gre-2749,44,1165252,462000.0
2021-02-01,2021,202102,на Писаревской,Galosha,KA gre-2749,27,734076,283500.0
2021-03-01,2021,202103,на Писаревской,Galosha,KA gre-2749,22,571120,231000.0
2021-04-01,2021,202104,на Писаревской,Galosha,KA gre-2749,41,1119546,430500.0
2021-05-01,2021,202105,на Писаревской,Galosha,KA gre-2749,52,1416688,546000.0
2021-06-01,2021,202106,на Писаревской,Galosha,KA gre-2749,49,1276450,514500.0
2021-07-01,2021,202107,на Писаревской,Galosha,KA gre-2749,52,1286844,546000.0
2021-08-01,2021,202108,на Писаревской,Galosha,KA gre-2749,44,1119096,462000.0
2021-09-01,2021,202109,на Писаревской,Galosha,KA gre-2749,46,1209984,483000.0
2021-10-01,2021,202110,на Писаревской,Galosha,KA gre-2749,38,988836,399000.0
2021-11-01,2021,202111,на Писаревской,Galosha,KA gre-2749,27,699327,283500.0
2021-12-01,2021,202112,на Писаревской,Galosha,KA gre-2749,33,860475,346500.0
2022-01-01,2022,202201,на Писаревской,Galosha,KA gre-2749,48,1250064,504000.0
2022-02-01,2022,202202,на Писаревской,Galosha,KA gre-2749,30,799980,315000.0
2022-03-01,2022,202203,на Писаревской,Galosha,KA gre-2749,24,627672,252000.0
2022-04-01,2022,202204,на Писаревской,Galosha,KA gre-2749,45,1200105,472500.0
2022-05-01,2022,202205,на Писаревской,Galosha,KA gre-2749,57,1556955,598500.0
2022-06-01,2022,202206,на Писаревской,Galosha,KA gre-2749,54,1436022,567000.0
2022-07-01,2022,202207,на Писаревской,Galosha,KA gre-2749,57,1429047,598500.0
2022-08-01,2022,202208,на Писаревской,Galosha,KA gre-2749,48,1233552,504000.0
2022-09-01,2022,202209,на Писаревской,Galosha,KA gre-2749,51,1320543,535500.0
2022-10-01,2022,202210,на Писаревской,Galosha,KA gre-2749,42,1086456,441000.0
2022-11-01,2022,202211,на Писаревской,Galosha,KA gre-2749,30,777900,315000.0
2022-12-01,2022,202212,на Писаревской,Galosha,KA gre-2749,36,910188,378000.0
2021-01-01,2021,202101,на Писаревской,Galosha,KA earth-3018,47,851593,351560.0
2021-02-01,2021,202102,на Писаревской,Galosha,KA earth-3018,30,548100,224400.0
2021-03-01,2021,202103,на Писаревской,Galosha,KA earth-3018,24,434256,179520.0
2021-04-01,2021,202104,на Писаревской,Galosha,KA earth-3018,44,812372,329120.0
2021-05-01,2021,202105,на Писаревской,Galosha,KA earth-3018,56,1050280,418880.0
2021-06-01,2021,202106,на Писаревской,Galosha,KA earth-3018,53,983150,396440.0
2021-07-01,2021,202107,на Писаревской,Galosha,KA earth-3018,56,926744,418880.0
2021-08-01,2021,202108,на Писаревской,Galosha,KA earth-3018,47,842287,351560.0
2021-09-01,2021,202109,на Писаревской,Galosha,KA earth-3018,50,890050,374000.0
2021-10-01,2021,202110,на Писаревской,Galosha,KA earth-3018,41,747963,306680.0
2021-11-01,2021,202111,на Писаревской,Galosha,KA earth-3018,30,555900,224400.0
2021-12-01,2021,202112,на Писаревской,Galosha,KA earth-3018,36,625860,269280.0
2022-01-01,2022,202201,на Писаревской,Galosha,KA earth-3018,52,947596,388960.0
2022-02-01,2022,202202,на Писаревской,Galosha,KA earth-3018,33,613074,246840.0
2022-03-01,2022,202203,на Писаревской,Galosha,KA earth-3018,26,444704,194480.0
2022-04-01,2022,202204,на Писаревской,Galosha,KA earth-3018,49,920416,366520.0
2022-05-01,2022,202205,на Писаревской,Galosha,KA earth-3018,62,1185812,463760.0
2022-06-01,2022,202206,на Писаревской,Galosha,KA earth-3018,58,1054266,433840.0
2022-07-01,2022,202207,на Писаревской,Galosha,KA earth-3018,62,1028518,463760.0
2022-08-01,2022,202208,на Писаревской,Galosha,KA earth-3018,52,929032,388960.0
2022-09-01,2022,202209,на Писаревской,Galosha,KA earth-3018,55,984170,411400.0
2022-10-01,2022,202210,на Писаревской,Galosha,KA earth-3018,46,852058,344080.0
2022-11-01,2022,202211,на Писаревской,Galosha,KA earth-3018,33,608685,246840.0
2022-12-01,2022,202212,на Писаревской,Galosha,KA earth-3018,39,698061,291720.0
2021-01-01,2021,202101,на Писаревской,Galosha,KA ais-3700,37,1138416,621600.0
2021-02-01,2021,202102,на Писаревской,Galosha,KA ais-3700,23,729261,386400.0
2021-03-01,2021,202103,на Писаревской,Galosha,KA ais-3700,19,586644,319200.0
2021-04-01,2021,202104,на Писаревской,Galosha,KA ais-3700,35,1112475,588000.0
2021-05-01,2021,202105,на Писаревской,Galosha,KA ais-3700,44,1408880,739200.0
2021-06-01,2021,202106,на Писаревской,Galosha,KA ais-3700,41,1258946,688800.0
2021-07-01,2021,202107,на Писаревской,Galosha,KA ais-3700,44,1309968,739200.0
2021-08-01,2021,202108,на Писаревской,Galosha,KA ais-3700,37,1127760,621600.0
2021-09-01,2021,202109,на Писаревской,Galosha,KA ais-3700,39,1187823,655200.0
2021-10-01,2021,202110,на Писаревской,Galosha,KA ais-3700,32,1014784,537600.0
2021-11-01,2021,202111,на Писаревской,Galosha,KA ais-3700,23,722844,386400.0
2021-12-01,2021,202112,на Писаревской,Galosha,KA ais-3700,28,871892,470400.0
2022-01-01,2022,202201,на Писаревской,Galosha,KA ais-3700,41,1290147,688800.0
2022-02-01,2022,202202,на Писаревской,Galosha,KA ais-3700,26,801372,436800.0
2022-03-01,2022,202203,на Писаревской,Galosha,KA ais-3700,21,654990,352800.0
2022-04-01,2022,202204,на Писаревской,Galosha,KA ais-3700,38,1202738,638400.0
2022-05-01,2022,202205,на Писаревской,Galosha,KA ais-3700,48,1544160,806400.0
2022-06-01,2022,202206,на Писаревской,Galosha,KA ais-3700,46,1438374,772800.0
2022-07-01,2022,202207,на Писаревской,Galosha,KA ais-3700,48,1409664,806400.0
2022-08-01,2022,202208,на Писаревской,Galosha,KA ais-3700,41,1261037,688800.0
2022-09-01,2022,202209,на Писаревской,Galosha,KA ais-3700,43,1338031,722400.0
2022-10-01,2022,202210,на Писаревской,Galosha,KA ais-3700,36,1142784,604800.0
2022-11-01,2022,202211,на Писаревской,Galosha,KA ais-3700,26,810524,436800.0
2022-12-01,2022,202212,на Писаревской,Galosha,KA ais-3700,31,967572,520800.0
2021-01-01,2021,202101,на Писаревской,Galosha,KA ice-7591,35,577290,215250.0
2021-02-01,2021,202102,на Писаревской,Galosha,KA ice-7591,22,360250,135300.0
2021-03-01,2021,202103,на Писаревской,Galosha,KA ice-7591,18,280890,110700.0
2021-04-01,2021,202104,на Писаревской,Galosha,KA ice-7591,33,556248,202950.0
2021-05-01,2021,202105,на Писаревской,Galosha,KA ice-7591,42,716982,258300.0
2021-06-01,2021,202106,на Писаревской,Galosha,KA ice-7591,40,645400,246000.0
2021-07-01,2021,202107,на Писаревской,Galosha,KA ice-7591,42,630588,258300.0
2021-08-01,2021,202108,на Писаревской,Galosha,KA ice-7591,35,544425,215250.0
2021-09-01,2021,202109,на Писаревской,Galosha,KA ice-7591,37,594368,227550.0
2021-10-01,2021,202110,на Писаревской,Galosha,KA ice-7591,31,509144,190650.0
2021-11-01,2021,202111,на Писаревской,Galosha,KA ice-7591,22,362318,135300.0
2021-12-01,2021,202112,на Писаревской,Galosha,KA ice-7591,27,417258,166050.0
2022-01-01,2022,202201,на Писаревской,Galosha,KA ice-7591,39,635388,239850.0
2022-02-01,2022,202202,на Писаревской,Galosha,KA ice-7591,24,391032,147600.0
2022-03-01,2022,202203,на Писаревской,Galosha,KA ice-7591,20,307560,123000.0
2022-04-01,2022,202204,на Писаревской,Galosha,KA ice-7591,36,611568,221400.0
2022-05-01,2022,202205,на Писаревской,Galosha,KA ice-7591,46,751318,282900.0
2022-06-01,2022,202206,на Писаревской,Galosha,KA ice-7591,44,687852,270600.0
2022-07-01,2022,202207,на Писаревской,Galosha,KA ice-7591,46,684710,282900.0
2022-08-01,2022,202208,на Писаревской,Galosha,KA ice-7591,39,617253,239850.0
2022-09-01,2022,202209,на Писаревской,Galosha,KA ice-7591,41,651736,252150.0
2022-10-01,2022,202210,на Писаревской,Galosha,KA ice-7591,34,565488,209100.0
2022-11-01,2022,202211,на Писаревской,Galosha,KA ice-7591,24,399600,147600.0
2022-12-01,2022,202212,на Писаревской,Galosha,KA ice-7591,29,463478,178350.0
2021-01-01,2021,202101,на Писаревской,Galosha,KA ai-2818,46,552644,202400.0
2021-02-01,2021,202102,на Писаревской,Galosha,KA ai-2818,29,340344,127600.0
2021-03-01,2021,202103,на Писаревской,Galosha,KA ai-2818,23,263373,101200.0
2021-04-01,2021,202104,на Писаревской,Galosha,KA ai-2818,43,559000,189200.0
2021-05-01,2021,202105,на Писаревской,Galosha,KA ai-2818,55,714890,242000.0
2021-06-01,2021,202106,на Писаревской,Galosha,KA ai-2818,52,670904,228800.0
2021-07-01,2021,202107,на Писаревской,Galosha,KA ai-2818,55,577830,242000.0
2021-08-01,2021,202108,на Писаревской,Galosha,KA ai-2818,46,538108,202400.0
2021-09-01,2021,202109,на Писаревской,Galosha,KA ai-2818,49,593292,215600.0
2021-10-01,2021,202110,на Писаревской,Galosha,KA ai-2818,40,495560,176000.0
2021-11-01,2021,202111,на Писаревской,Galosha,KA ai-2818,29,342287,127600.0
2021-12-01,2021,202112,на Писаревской,Galosha,KA ai-2818,35,389760,154000.0
2022-01-01,2022,202201,на Писаревской,Galosha,KA ai-2818,51,643212,224400.0
2022-02-01,2022,202202,на Писаревской,Galosha,KA ai-2818,32,405344,140800.0
2022-03-01,2022,202203,на Писаревской,Galosha,KA ai-2818,26,297492,114400.0
2022-04-01,2022,202204,на Писаревской,Galosha,KA ai-2818,48,605520,211200.0
2022-05-01,2022,202205,на Писаревской,Galosha,KA ai-2818,60,760740,264000.0
2022-06-01,2022,202206,на Писаревской,Galosha,KA ai-2818,57,676191,250800.0
2022-07-01,2022,202207,на Писаревской,Galosha,KA ai-2818,60,628080,264000.0
2022-08-01,2022,202208,на Писаревской,Galosha,KA ai-2818,51,580941,224400.0
2022-09-01,2022,202209,на Писаревской,Galosha,KA ai-2818,54,636984,237600.0
2022-10-01,2022,202210,на Писаревской,Galosha,KA ai-2818,44,535172,193600.0
2022-11-01,2022,202211,на Писаревской,Galosha,KA ai-2818,32,387840,140800.0
2022-12-01,2022,202212,на Писаревской,Galosha,KA ai-2818,38,456114,167200.0
2021-01-01,2021,202101,на Писаревской,Babidas,BA air-5353,23,117438,41699.0
2021-02-01,2021,202102,на Писаревской,Babidas,BA air-5353,15,82530,27195.0
2021-03-01,2021,202103,на Писаревской,Babidas,BA air-5353,12,48072,21756.0
2021-04-01,2021,202104,на Писаревской,Babidas,BA air-5353,22,127270,39886.0
2021-05-01,2021,202105,на Писаревской,Babidas,BA air-5353,28,168644,50764.0
2021-06-01,2021,202106,на Писаревской,Babidas,BA air-5353,26,116714,47138.0
2021-07-01,2021,202107,на Писаревской,Babidas,BA air-5353,28,95284,50764.0
2021-08-01,2021,202108,на Писаревской,Babidas,BA air-5353,23,97704,41699.0
2021-09-01,2021,202109,на Писаревской,Babidas,BA air-5353,25,119250,45325.0
2021-10-01,2021,202110,на Писаревской,Babidas,BA air-5353,21,98532,38073.0
2021-11-01,2021,202111,на Писаревской,Babidas,BA air-5353,15,72825,27195.0
2021-12-01,2021,202112,на Писаревской,Babidas,BA air-5353,18,77670,32634.0
2022-01-01,2022,202201,на Писаревской,Babidas,BA air-5353,26,125138,47138.0
2022-02-01,2022,202202,на Писаревской,Babidas,BA air-5353,16,90992,29008.0
2022-03-01,2022,202203,на Писаревской,Babidas,BA air-5353,13,53547,23569.0
2022-04-01,2022,202204,на Писаревской,Babidas,BA air-5353,24,140112,43512.0
2022-05-01,2022,202205,на Писаревской,Babidas,BA air-5353,31,190557,56203.0
2022-06-01,2022,202206,на Писаревской,Babidas,BA air-5353,29,151757,52577.0
2022-07-01,2022,202207,на Писаревской,Babidas,BA air-5353,31,104005,56203.0
2022-08-01,2022,202208,на Писаревской,Babidas,BA air-5353,26,126828,47138.0
2022-09-01,2022,202209,на Писаревской,Babidas,BA air-5353,27,127089,48951.0
2022-10-01,2022,202210,на Писаревской,Babidas,BA air-5353,23,107640,41699.0
2022-11-01,2022,202211,на Писаревской,Babidas,BA air-5353,16,72416,29008.0
2022-12-01,2022,202212,на Писаревской,Babidas,BA air-5353,19,83866,34447.0
2021-01-01,2021,202101,на Писаревской,Babidas,BA grou-9248,18,61578,20700.0
2021-02-01,2021,202102,на Писаревской,Babidas,BA grou-9248,12,50604,13800.0
2021-03-01,2021,202103,на Писаревской,Babidas,BA grou-9248,9,27657,10350.0
2021-04-01,2021,202104,на Писаревской,Babidas,BA grou-9248,17,70907,19550.0
2021-05-01,2021,202105,на Писаревской,Babidas,BA grou-9248,22,87296,25300.0
2021-06-01,2021,202106,на Писаревской,Babidas,BA grou-9248,21,87276,24150.0
2021-07-01,2021,202107,на Писаревской,Babidas,BA grou-9248,22,49060,25300.0
2021-08-01,2021,202108,на Писаревской,Babidas,BA grou-9248,18,59904,20700.0
2021-09-01,2021,202109,на Писаревской,Babidas,BA grou-9248,20,68100,23000.0
2021-10-01,2021,202110,на Писаревской,Babidas,BA grou-9248,16,64896,18400.0
2021-11-01,2021,202111,на Писаревской,Babidas,BA grou-9248,12,45144,13800.0
2021-12-01,2021,202112,на Писаревской,Babidas,BA grou-9248,14,48062,16100.0
2022-01-01,2022,202201,на Писаревской,Babidas,BA grou-9248,20,73280,23000.0
2022-02-01,2022,202202,на Писаревской,Babidas,BA grou-9248,13,47944,14950.0
2022-03-01,2022,202203,на Писаревской,Babidas,BA grou-9248,10,32000,11500.0
2022-04-01,2022,202204,на Писаревской,Babidas,BA grou-9248,19,82099,21850.0
2022-05-01,2022,202205,на Писаревской,Babidas,BA grou-9248,24,121128,27600.0
2022-06-01,2022,202206,на Писаревской,Babidas,BA grou-9248,23,99912,26450.0
2022-07-01,2022,202207,на Писаревской,Babidas,BA grou-9248,24,41640,27600.0
2022-08-01,2022,202208,на Писаревской,Babidas,BA grou-9248,20,55400,23000.0
2022-09-01,2022,202209,на Писаревской,Babidas,BA grou-9248,22,66220,25300.0
2022-10-01,2022,202210,на Писаревской,Babidas,BA grou-9248,18,75276,20700.0
2022-11-01,2022,202211,на Писаревской,Babidas,BA grou-9248,13,44239,14950.0
2022-12-01,2022,202212,на Писаревской,Babidas,BA grou-9248,15,44730,17250.0
2021-01-01,2021,202101,на Писаревской,Babidas,BA gre-3658,24,83136,32016.0
2021-02-01,2021,202102,на Писаревской,Babidas,BA gre-3658,15,58920,20010.0
2021-03-01,2021,202103,на Писаревской,Babidas,BA gre-3658,12,47952,16008.0
2021-04-01,2021,202104,на Писаревской,Babidas,BA gre-3658,22,109208,29348.0
2021-05-01,2021,202105,на Писаревской,Babidas,BA gre-3658,28,135240,37352.0
2021-06-01,2021,202106,на Писаревской,Babidas,BA gre-3658,27,118935,36018.0
2021-07-01,2021,202107,на Писаревской,Babidas,BA gre-3658,28,71204,37352.0
2021-08-01,2021,202108,на Писаревской,Babidas,BA gre-3658,24,84912,32016.0
2021-09-01,2021,202109,на Писаревской,Babidas,BA gre-3658,25,83625,33350.0
2021-10-01,2021,202110,на Писаревской,Babidas,BA gre-3658,21,98910,28014.0
2021-11-01,2021,202111,на Писаревской,Babidas,BA gre-3658,15,62445,20010.0
2021-12-01,2021,202112,на Писаревской,Babidas,BA gre-3658,18,71478,24012.0
2022-01-01,2022,202201,на Писаревской,Babidas,BA gre-3658,26,94900,34684.0
2022-02-01,2022,202202,на Писаревской,Babidas,BA gre-3658,16,69696,21344.0
2022-03-01,2022,202203,на Писаревской,Babidas,BA gre-3658,13,47177,17342.0
2022-04-01,2022,202204,на Писаревской,Babidas,BA gre-3658,24,99432,32016.0
2022-05-01,2022,202205,на Писаревской,Babidas,BA gre-3658,31,148800,41354.0
2022-06-01,2022,202206,на Писаревской,Babidas,BA gre-3658,29,128064,38686.0
2022-07-01,2022,202207,на Писаревской,Babidas,BA gre-3658,31,93155,41354.0
2022-08-01,2022,202208,на Писаревской,Babidas,BA gre-3658,26,88478,34684.0
2022-09-01,2022,202209,на Писаревской,Babidas,BA gre-3658,28,96656,37352.0
2022-10-01,2022,202210,на Писаревской,Babidas,BA gre-3658,23,105593,30682.0
2022-11-01,2022,202211,на Писаревской,Babidas,BA gre-3658,16,63808,21344.0
2022-12-01,2022,202212,на Писаревской,Babidas,BA gre-3658,20,66120,26680.0
2021-01-01,2021,202101,на Писаревской,Babidas,BA earth-3530,20,101940,40320.0
2021-02-01,2021,202102,на Писаревской,Babidas,BA earth-3530,12,63348,24192.0
2021-03-01,2021,202103,на Писаревской,Babidas,BA earth-3530,10,46790,20160.0
2021-04-01,2021,202104,на Писаревской,Babidas,BA earth-3530,18,118206,36288.0
2021-05-01,2021,202105,на Писаревской,Babidas,BA earth-3530,23,155963,46368.0
2021-06-01,2021,202106,на Писаревской,Babidas,BA earth-3530,22,117700,44352.0
2021-07-01,2021,202107,на Писаревской,Babidas,BA earth-3530,23,90781,46368.0
2021-08-01,2021,202108,на Писаревской,Babidas,BA earth-3530,20,103900,40320.0
2021-09-01,2021,202109,на Писаревской,Babidas,BA earth-3530,21,108255,42336.0
2021-10-01,2021,202110,на Писаревской,Babidas,BA earth-3530,17,90559,34272.0
2021-11-01,2021,202111,на Писаревской,Babidas,BA earth-3530,12,65844,24192.0
2021-12-01,2021,202112,на Писаревской,Babidas,BA earth-3530,15,67140,30240.0
2022-01-01,2022,202201,на Писаревской,Babidas,BA earth-3530,22,106194,44352.0
2022-02-01,2022,202202,на Писаревской,Babidas,BA earth-3530,14,73402,28224.0
2022-03-01,2022,202203,на Писаревской,Babidas,BA earth-3530,11,56606,22176.0
2022-04-01,2022,202204,на Писаревской,Babidas,BA earth-3530,20,116200,40320.0
2022-05-01,2022,202205,на Писаревской,Babidas,BA earth-3530,26,164502,52416.0
2022-06-01,2022,202206,на Писаревской,Babidas,BA earth-3530,24,130704,48384.0
2022-07-01,2022,202207,на Писаревской,Babidas,BA earth-3530,26,113750,52416.0
2022-08-01,2022,202208,на Писаревской,Babidas,BA earth-3530,22,112486,44352.0
2022-09-01,2022,202209,на Писаревской,Babidas,BA earth-3530,23,120060,46368.0
2022-10-01,2022,202210,на Писаревской,Babidas,BA earth-3530,19,97964,38304.0
2022-11-01,2022,202211,на Писаревской,Babidas,BA earth-3530,14,85148,28224.0
2022-12-01,2022,202212,на Писаревской,Babidas,BA earth-3530,16,86096,32256.0
2021-01-01,2021,202101,на Писаревской,Babidas,BA ais-1740,18,47844,16830.000000000004
2021-02-01,2021,202102,на Писаревской,Babidas,BA ais-1740,11,36817,10285.000000000002
2021-03-01,2021,202103,на Писаревской,Babidas,BA ais-1740,9,21942,8415.000000000002
2021-04-01,2021,202104,на Писаревской,Babidas,BA ais-1740,17,68935,15895.000000000002
2021-05-01,2021,202105,на Писаревской,Babidas,BA ais-1740,21,84882,19635.000000000004
2021-06-01,2021,202106,на Писаревской,Babidas,BA ais-1740,20,70520,18700.000000000004
2021-07-01,2021,202107,на Писаревской,Babidas,BA ais-1740,21,33726,19635.000000000004
2021-08-01,2021,202108,на Писаревской,Babidas,BA ais-1740,18,41544,16830.000000000004
2021-09-01,2021,202109,на Писаревской,Babidas,BA ais-1740,19,60914,17765.000000000004
2021-10-01,2021,202110,на Писаревской,Babidas,BA ais-1740,16,56576,14960.000000000002
2021-11-01,2021,202111,на Писаревской,Babidas,BA ais-1740,11,33286,10285.000000000002
2021-12-01,2021,202112,на Писаревской,Babidas,BA ais-1740,14,26516,13090.000000000002
2022-01-01,2022,202201,на Писаревской,Babidas,BA ais-1740,20,52020,18700.000000000004
2022-02-01,2022,202202,на Писаревской,Babidas,BA ais-1740,12,41124,11220.000000000002
2022-03-01,2022,202203,на Писаревской,Babidas,BA ais-1740,10,20510,9350.000000000002
2022-04-01,2022,202204,на Писаревской,Babidas,BA ais-1740,18,70254,16830.000000000004
2022-05-01,2022,202205,на Писаревской,Babidas,BA ais-1740,23,93127,21505.000000000004
2022-06-01,2022,202206,на Писаревской,Babidas,BA ais-1740,22,70356,20570.000000000004
2022-07-01,2022,202207,на Писаревской,Babidas,BA ais-1740,23,42481,21505.000000000004
2022-08-01,2022,202208,на Писаревской,Babidas,BA ais-1740,20,44760,18700.000000000004
2022-09-01,2022,202209,на Писаревской,Babidas,BA ais-1740,21,57057,19635.000000000004
2022-10-01,2022,202210,на Писаревской,Babidas,BA ais-1740,17,60367,15895.000000000002
2022-11-01,2022,202211,на Писаревской,Babidas,BA ais-1740,12,31392,11220.000000000002
2022-12-01,2022,202212,на Писаревской,Babidas,BA ais-1740,15,28890,14025.000000000002
2021-01-01,2021,202101,на Писаревской,Babidas,BA ice-4231,22,114422,43472.0
2021-02-01,2021,202102,на Писаревской,Babidas,BA ice-4231,14,68530,27664.0
2021-03-01,2021,202103,на Писаревской,Babidas,BA ice-4231,11,46992,21736.0
2021-04-01,2021,202104,на Писаревской,Babidas,BA ice-4231,21,118587,41496.0
2021-05-01,2021,202105,на Писаревской,Babidas,BA ice-4231,26,157040,51376.0
2021-06-01,2021,202106,на Писаревской,Babidas,BA ice-4231,25,126325,49400.0
2021-07-01,2021,202107,на Писаревской,Babidas,BA ice-4231,26,90922,51376.0
2021-08-01,2021,202108,на Писаревской,Babidas,BA ice-4231,22,97196,43472.0
2021-09-01,2021,202109,на Писаревской,Babidas,BA ice-4231,23,93219,45448.0
2021-10-01,2021,202110,на Писаревской,Babidas,BA ice-4231,19,101232,37544.0
2021-11-01,2021,202111,на Писаревской,Babidas,BA ice-4231,14,76608,27664.0
2021-12-01,2021,202112,на Писаревской,Babidas,BA ice-4231,17,80767,33592.0
2022-01-01,2022,202201,на Писаревской,Babidas,BA ice-4231,24,129576,47424.0
2022-02-01,2022,202202,на Писаревской,Babidas,BA ice-4231,15,76455,29640.0
2022-03-01,2022,202203,на Писаревской,Babidas,BA ice-4231,12,47196,23712.0
2022-04-01,2022,202204,на Писаревской,Babidas,BA ice-4231,23,132848,45448.0
2022-05-01,2022,202205,на Писаревской,Babidas,BA ice-4231,28,170128,55328.0
2022-06-01,2022,202206,на Писаревской,Babidas,BA ice-4231,27,144342,53352.0
2022-07-01,2022,202207,на Писаревской,Babidas,BA ice-4231,28,107240,55328.0
2022-08-01,2022,202208,на Писаревской,Babidas,BA ice-4231,24,117288,47424.0
2022-09-01,2022,202209,на Писаревской,Babidas,BA ice-4231,26,121420,51376.0
2022-10-01,2022,202210,на Писаревской,Babidas,BA ice-4231,21,116466,41496.0
2022-11-01,2022,202211,на Писаревской,Babidas,BA ice-4231,15,77130,29640.0
2022-12-01,2022,202212,на Писаревской,Babidas,BA ice-4231,18,77616,35568.0
2021-01-01,2021,202101,на Писаревской,Babidas,BA ai-2960,20,127720,36000.0
2021-02-01,2021,202102,на Писаревской,Babidas,BA ai-2960,12,74136,21600.0
2021-03-01,2021,202103,на Писаревской,Babidas,BA ai-2960,10,51490,18000.0
2021-04-01,2021,202104,на Писаревской,Babidas,BA ai-2960,18,122562,32400.0
2021-05-01,2021,202105,на Писаревской,Babidas,BA ai-2960,23,156630,41400.0
2021-06-01,2021,202106,на Писаревской,Babidas,BA ai-2960,22,129316,39600.0
2021-07-01,2021,202107,на Писаревской,Babidas,BA ai-2960,23,110400,41400.0
2021-08-01,2021,202108,на Писаревской,Babidas,BA ai-2960,20,109440,36000.0
2021-09-01,2021,202109,на Писаревской,Babidas,BA ai-2960,21,126105,37800.0
2021-10-01,2021,202110,на Писаревской,Babidas,BA ai-2960,17,102255,30600.0
2021-11-01,2021,202111,на Писаревской,Babidas,BA ai-2960,12,73548,21600.0
2021-12-01,2021,202112,на Писаревской,Babidas,BA ai-2960,15,82605,27000.0
2022-01-01,2022,202201,на Писаревской,Babidas,BA ai-2960,22,125224,39600.0
2022-02-01,2022,202202,на Писаревской,Babidas,BA ai-2960,14,76272,25200.0
2022-03-01,2022,202203,на Писаревской,Babidas,BA ai-2960,11,60654,19800.0
2022-04-01,2022,202204,на Писаревской,Babidas,BA ai-2960,20,126100,36000.0
2022-05-01,2022,202205,на Писаревской,Babidas,BA ai-2960,26,159510,46800.0
2022-06-01,2022,202206,на Писаревской,Babidas,BA ai-2960,24,149496,43200.0
2022-07-01,2022,202207,на Писаревской,Babidas,BA ai-2960,26,116090,46800.0
2022-08-01,2022,202208,на Писаревской,Babidas,BA ai-2960,22,121066,39600.0
2022-09-01,2022,202209,на Писаревской,Babidas,BA ai-2960,23,130134,41400.0
2022-10-01,2022,202210,на Писаревской,Babidas,BA ai-2960,19,115007,34200.0
2022-11-01,2022,202211,на Писаревской,Babidas,BA ai-2960,14,83244,25200.0
2022-12-01,2022,202212,на Писаревской,Babidas,BA ai-2960,16,81584,28800.0
2021-01-01,2021,202101,на Писаревской,Asic,AS air-7520,13,467142,268450.0
2021-02-01,2021,202102,на Писаревской,Asic,AS air-7520,9,329490,185850.0
2021-03-01,2021,202103,на Писаревской,Asic,AS air-7520,7,252847,144550.0
2021-04-01,2021,202104,на Писаревской,Asic,AS air-7520,13,472836,268450.0
2021-05-01,2021,202105,на Писаревской,Asic,AS air-7520,16,591648,330400.0
2021-06-01,2021,202106,на Писаревской,Asic,AS air-7520,15,539505,309750.0
2021-07-01,2021,202107,на Писаревской,Asic,AS air-7520,16,561056,330400.0
2021-08-01,2021,202108,на Писаревской,Asic,AS air-7520,13,468858,268450.0
2021-09-01,2021,202109,на Писаревской,Asic,AS air-7520,14,495124,289100.0
2021-10-01,2021,202110,на Писаревской,Asic,AS air-7520,12,436596,247800.0
2021-11-01,2021,202111,на Писаревской,Asic,AS air-7520,9,325899,185850.0
2021-12-01,2021,202112,на Писаревской,Asic,AS air-7520,10,353100,206500.0
2022-01-01,2022,202201,на Писаревской,Asic,AS air-7520,15,549900,309750.0
2022-02-01,2022,202202,на Писаревской,Asic,AS air-7520,9,326529,185850.0
2022-03-01,2022,202203,на Писаревской,Asic,AS air-7520,8,289160,165200.0
2022-04-01,2022,202204,на Писаревской,Asic,AS air-7520,14,520576,289100.0
2022-05-01,2022,202205,на Писаревской,Asic,AS air-7520,17,622540,351050.0
2022-06-01,2022,202206,на Писаревской,Asic,AS air-7520,16,588400,330400.0
2022-07-01,2022,202207,на Писаревской,Asic,AS air-7520,17,587452,351050.0
2022-08-01,2022,202208,на Писаревской,Asic,AS air-7520,15,533595,309750.0
2022-09-01,2022,202209,на Писаревской,Asic,AS air-7520,16,577584,330400.0
2022-10-01,2022,202210,на Писаревской,Asic,AS air-7520,13,475085,268450.0
2022-11-01,2022,202211,на Писаревской,Asic,AS air-7520,9,328392,185850.0
2022-12-01,2022,202212,на Писаревской,Asic,AS air-7520,11,396627,227150.0
2021-01-01,2021,202101,на Писаревской,Asic,AS grou-3318,11,362571,172480.0
2021-02-01,2021,202102,на Писаревской,Asic,AS grou-3318,7,238140,109760.0
2021-03-01,2021,202103,на Писаревской,Asic,AS grou-3318,6,194928,94080.0
2021-04-01,2021,202104,на Писаревской,Asic,AS grou-3318,10,336440,156800.0
2021-05-01,2021,202105,на Писаревской,Asic,AS grou-3318,13,437814,203840.0
2021-06-01,2021,202106,на Писаревской,Asic,AS grou-3318,12,395760,188160.0
2021-07-01,2021,202107,на Писаревской,Asic,AS grou-3318,13,405392,203840.0
2021-08-01,2021,202108,на Писаревской,Asic,AS grou-3318,11,361383,172480.0
2021-09-01,2021,202109,на Писаревской,Asic,AS grou-3318,11,360349,172480.0
2021-10-01,2021,202110,на Писаревской,Asic,AS grou-3318,10,330040,156800.0
2021-11-01,2021,202111,на Писаревской,Asic,AS grou-3318,7,232225,109760.0
2021-12-01,2021,202112,на Писаревской,Asic,AS grou-3318,8,257760,125440.0
2022-01-01,2022,202201,на Писаревской,Asic,AS grou-3318,12,406128,188160.0
2022-02-01,2022,202202,на Писаревской,Asic,AS grou-3318,8,272128,125440.0
2022-03-01,2022,202203,на Писаревской,Asic,AS grou-3318,6,198096,94080.0
2022-04-01,2022,202204,на Писаревской,Asic,AS grou-3318,11,373890,172480.0
2022-05-01,2022,202205,на Писаревской,Asic,AS grou-3318,14,477596,219520.0
2022-06-01,2022,202206,на Писаревской,Asic,AS grou-3318,13,441454,203840.0
2022-07-01,2022,202207,на Писаревской,Asic,AS grou-3318,14,448504,219520.0
2022-08-01,2022,202208,на Писаревской,Asic,AS grou-3318,12,390444,188160.0
2022-09-01,2022,202209,на Писаревской,Asic,AS grou-3318,13,428077,203840.0
2022-10-01,2022,202210,на Писаревской,Asic,AS grou-3318,10,329500,156800.0
2022-11-01,2022,202211,на Писаревской,Asic,AS grou-3318,8,267256,125440.0
2022-12-01,2022,202212,на Писаревской,Asic,AS grou-3318,9,297684,141120.0
2021-01-01,2021,202101,на Писаревской,Asic,AS gre-2748,12,522840,216720.0
2021-02-01,2021,202102,на Писаревской,Asic,AS gre-2748,8,349184,144480.0
2021-03-01,2021,202103,на Писаревской,Asic,AS gre-2748,6,258672,108360.0
2021-04-01,2021,202104,на Писаревской,Asic,AS gre-2748,11,475871,198660.0
2021-05-01,2021,202105,на Писаревской,Asic,AS gre-2748,14,618856,252840.0
2021-06-01,2021,202106,на Писаревской,Asic,AS gre-2748,13,558558,234780.0
2021-07-01,2021,202107,на Писаревской,Asic,AS gre-2748,14,577528,252840.0
2021-08-01,2021,202108,на Писаревской,Asic,AS gre-2748,12,509004,216720.0
2021-09-01,2021,202109,на Писаревской,Asic,AS gre-2748,13,561678,234780.0
2021-10-01,2021,202110,на Писаревской,Asic,AS gre-2748,11,478764,198660.0
2021-11-01,2021,202111,на Писаревской,Asic,AS gre-2748,8,343520,144480.0
2021-12-01,2021,202112,на Писаревской,Asic,AS gre-2748,9,385650,162540.0
2022-01-01,2022,202201,на Писаревской,Asic,AS gre-2748,13,557466,234780.0
2022-02-01,2022,202202,на Писаревской,Asic,AS gre-2748,8,345360,144480.0
2022-03-01,2022,202203,на Писаревской,Asic,AS gre-2748,7,300034,126420.0
2022-04-01,2022,202204,на Писаревской,Asic,AS gre-2748,12,525804,216720.0
2022-05-01,2022,202205,на Писаревской,Asic,AS gre-2748,16,700160,288960.0
2022-06-01,2022,202206,на Писаревской,Asic,AS gre-2748,15,653385,270900.0
2022-07-01,2022,202207,на Писаревской,Asic,AS gre-2748,16,676240,288960.0
2022-08-01,2022,202208,на Писаревской,Asic,AS gre-2748,13,555919,234780.0
2022-09-01,2022,202209,на Писаревской,Asic,AS gre-2748,14,596792,252840.0
2022-10-01,2022,202210,на Писаревской,Asic,AS gre-2748,12,517320,216720.0
2022-11-01,2022,202211,на Писаревской,Asic,AS gre-2748,8,342304,144480.0
2022-12-01,2022,202212,на Писаревской,Asic,AS gre-2748,10,429560,180600.0
2021-01-01,2021,202101,на Писаревской,Asic,AS earth-9544,11,320331,123200.0
2021-02-01,2021,202102,на Писаревской,Asic,AS earth-9544,7,204715,78400.0
2021-03-01,2021,202103,на Писаревской,Asic,AS earth-9544,6,170868,67200.0
2021-04-01,2021,202104,на Писаревской,Asic,AS earth-9544,10,293940,112000.0
2021-05-01,2021,202105,на Писаревской,Asic,AS earth-9544,13,388037,145600.0
2021-06-01,2021,202106,на Писаревской,Asic,AS earth-9544,12,352824,134400.0
2021-07-01,2021,202107,на Писаревской,Asic,AS earth-9544,13,354614,145600.0
2021-08-01,2021,202108,на Писаревской,Asic,AS earth-9544,11,319242,123200.0
2021-09-01,2021,202109,на Писаревской,Asic,AS earth-9544,12,350088,134400.0
2021-10-01,2021,202110,на Писаревской,Asic,AS earth-9544,10,290900,112000.0
2021-11-01,2021,202111,на Писаревской,Asic,AS earth-9544,7,202503,78400.0
2021-12-01,2021,202112,на Писаревской,Asic,AS earth-9544,8,229352,89600.0
2022-01-01,2022,202201,на Писаревской,Asic,AS earth-9544,12,353784,134400.0
2022-02-01,2022,202202,на Писаревской,Asic,AS earth-9544,8,241184,89600.0
2022-03-01,2022,202203,на Писаревской,Asic,AS earth-9544,6,171132,67200.0
2022-04-01,2022,202204,на Писаревской,Asic,AS earth-9544,11,328185,123200.0
2022-05-01,2022,202205,на Писаревской,Asic,AS earth-9544,14,428456,156800.0
2022-06-01,2022,202206,на Писаревской,Asic,AS earth-9544,13,378001,145600.0
2022-07-01,2022,202207,на Писаревской,Asic,AS earth-9544,14,392658,156800.0
2022-08-01,2022,202208,на Писаревской,Asic,AS earth-9544,12,339576,134400.0
2022-09-01,2022,202209,на Писаревской,Asic,AS earth-9544,13,379236,145600.0
2022-10-01,2022,202210,на Писаревской,Asic,AS earth-9544,11,321893,123200.0
2022-11-01,2022,202211,на Писаревской,Asic,AS earth-9544,8,234936,89600.0
2022-12-01,2022,202212,на Писаревской,Asic,AS earth-9544,9,258705,100800.0
2021-01-01,2021,202101,на Писаревской,Asic,AS ais-7331,14,643342,352800.00000000006
2021-02-01,2021,202102,на Писаревской,Asic,AS ais-7331,9,422451,226800.00000000003
2021-03-01,2021,202103,на Писаревской,Asic,AS ais-7331,7,321867,176400.00000000003
2021-04-01,2021,202104,на Писаревской,Asic,AS ais-7331,13,613314,327600.00000000006
2021-05-01,2021,202105,на Писаревской,Asic,AS ais-7331,16,748992,403200.00000000006
2021-06-01,2021,202106,на Писаревской,Asic,AS ais-7331,15,688650,378000.00000000006
2021-07-01,2021,202107,на Писаревской,Asic,AS ais-7331,16,718720,403200.00000000006
2021-08-01,2021,202108,на Писаревской,Asic,AS ais-7331,14,645540,352800.00000000006
2021-09-01,2021,202109,на Писаревской,Asic,AS ais-7331,15,678885,378000.00000000006
2021-10-01,2021,202110,на Писаревской,Asic,AS ais-7331,12,550932,302400.00000000006
2021-11-01,2021,202111,на Писаревской,Asic,AS ais-7331,9,415188,226800.00000000003
2021-12-01,2021,202112,на Писаревской,Asic,AS ais-7331,10,455800,252000.00000000003
2022-01-01,2022,202201,на Писаревской,Asic,AS ais-7331,15,696045,378000.00000000006
2022-02-01,2022,202202,на Писаревской,Asic,AS ais-7331,10,463540,252000.00000000003
2022-03-01,2022,202203,на Писаревской,Asic,AS ais-7331,8,361824,201600.00000000003
2022-04-01,2022,202204,на Писаревской,Asic,AS ais-7331,14,656810,352800.00000000006
2022-05-01,2022,202205,на Писаревской,Asic,AS ais-7331,18,845874,453600.00000000006
2022-06-01,2022,202206,на Писаревской,Asic,AS ais-7331,17,791588,428400.00000000006
2022-07-01,2022,202207,на Писаревской,Asic,AS ais-7331,18,815058,453600.00000000006
2022-08-01,2022,202208,на Писаревской,Asic,AS ais-7331,15,689685,378000.00000000006
2022-09-01,2022,202209,на Писаревской,Asic,AS ais-7331,16,728528,403200.00000000006
2022-10-01,2022,202210,на Писаревской,Asic,AS ais-7331,13,608257,327600.00000000006
2022-11-01,2022,202211,на Писаревской,Asic,AS ais-7331,10,461340,252000.00000000003
2022-12-01,2022,202212,на Писаревской,Asic,AS ais-7331,11,497200,277200.00000000006
2021-01-01,2021,202101,на Писаревской,Asic,AS ice-2172,14,254226,133280.0
2021-02-01,2021,202102,на Писаревской,Asic,AS ice-2172,9,168453,85680.0
2021-03-01,2021,202103,на Писаревской,Asic,AS ice-2172,7,125622,66640.0
2021-04-01,2021,202104,на Писаревской,Asic,AS ice-2172,13,236457,123760.0
2021-05-01,2021,202105,на Писаревской,Asic,AS ice-2172,16,305760,152320.0
2021-06-01,2021,202106,на Писаревской,Asic,AS ice-2172,15,268890,142800.0
2021-07-01,2021,202107,на Писаревской,Asic,AS ice-2172,16,273408,152320.0
2021-08-01,2021,202108,на Писаревской,Asic,AS ice-2172,14,247380,133280.0
2021-09-01,2021,202109,на Писаревской,Asic,AS ice-2172,15,270000,142800.0
2021-10-01,2021,202110,на Писаревской,Asic,AS ice-2172,12,221196,114240.0
2021-11-01,2021,202111,на Писаревской,Asic,AS ice-2172,9,161253,85680.0
2021-12-01,2021,202112,на Писаревской,Asic,AS ice-2172,10,180360,95200.0
2022-01-01,2022,202201,на Писаревской,Asic,AS ice-2172,15,273420,142800.0
2022-02-01,2022,202202,на Писаревской,Asic,AS ice-2172,10,179030,95200.0
2022-03-01,2022,202203,на Писаревской,Asic,AS ice-2172,8,142968,76160.0
2022-04-01,2022,202204,на Писаревской,Asic,AS ice-2172,14,265664,133280.0
2022-05-01,2022,202205,на Писаревской,Asic,AS ice-2172,18,347112,171360.0
2022-06-01,2022,202206,на Писаревской,Asic,AS ice-2172,17,304436,161840.0
2022-07-01,2022,202207,на Писаревской,Asic,AS ice-2172,18,302400,171360.0
2022-08-01,2022,202208,на Писаревской,Asic,AS ice-2172,15,260655,142800.0
2022-09-01,2022,202209,на Писаревской,Asic,AS ice-2172,16,292416,152320.0
2022-10-01,2022,202210,на Писаревской,Asic,AS ice-2172,13,245583,123760.0
2022-11-01,2022,202211,на Писаревской,Asic,AS ice-2172,10,183130,95200.0
2022-12-01,2022,202212,на Писаревской,Asic,AS ice-2172,11,199925,104720.0
2021-01-01,2021,202101,на Писаревской,Asic,AS ai-7676,11,440968,180180.0
2021-02-01,2021,202102,на Писаревской,Asic,AS ai-7676,7,282002,114660.0
2021-03-01,2021,202103,на Писаревской,Asic,AS ai-7676,6,237474,98280.0
2021-04-01,2021,202104,на Писаревской,Asic,AS ai-7676,10,407960,163800.0
2021-05-01,2021,202105,на Писаревской,Asic,AS ai-7676,13,525109,212940.0
2021-06-01,2021,202106,на Писаревской,Asic,AS ai-7676,12,478416,196560.0
2021-07-01,2021,202107,на Писаревской,Asic,AS ai-7676,13,502788,212940.0
2021-08-01,2021,202108,на Писаревской,Asic,AS ai-7676,11,438207,180180.0
2021-09-01,2021,202109,на Писаревской,Asic,AS ai-7676,12,481116,196560.0
2021-10-01,2021,202110,на Писаревской,Asic,AS ai-7676,10,408570,163800.0
2021-11-01,2021,202111,на Писаревской,Asic,AS ai-7676,7,280378,114660.0
2021-12-01,2021,202112,на Писаревской,Asic,AS ai-7676,8,316832,131040.0
2022-01-01,2022,202201,на Писаревской,Asic,AS ai-7676,12,484296,196560.0
2022-02-01,2022,202202,на Писаревской,Asic,AS ai-7676,8,321240,131040.0
2022-03-01,2022,202203,на Писаревской,Asic,AS ai-7676,6,237174,98280.0
2022-04-01,2022,202204,на Писаревской,Asic,AS ai-7676,11,451451,180180.0
2022-05-01,2022,202205,на Писаревской,Asic,AS ai-7676,14,572950,229320.0
2022-06-01,2022,202206,на Писаревской,Asic,AS ai-7676,14,574854,229320.0
2022-07-01,2022,202207,на Писаревской,Asic,AS ai-7676,14,551194,229320.0
2022-08-01,2022,202208,на Писаревской,Asic,AS ai-7676,12,476520,196560.0
2022-09-01,2022,202209,на Писаревской,Asic,AS ai-7676,13,517322,212940.0
2022-10-01,2022,202210,на Писаревской,Asic,AS ai-7676,11,440935,180180.0
2022-11-01,2022,202211,на Писаревской,Asic,AS ai-7676,8,321056,131040.0
2022-12-01,2022,202212,на Писаревской,Asic,AS ai-7676,9,357471,147420.0
2021-01-01,2021,202101,на Писаревской,Gunverse,GU air-3053,33,211431,75900.0
2021-02-01,2021,202102,на Писаревской,Gunverse,GU air-3053,21,132258,48300.0
2021-03-01,2021,202103,на Писаревской,Gunverse,GU air-3053,17,100011,39100.0
2021-04-01,2021,202104,на Писаревской,Gunverse,GU air-3053,31,226858,71300.0
2021-05-01,2021,202105,на Писаревской,Gunverse,GU air-3053,40,258280,92000.0
2021-06-01,2021,202106,на Писаревской,Gunverse,GU air-3053,38,233396,87400.0
2021-07-01,2021,202107,на Писаревской,Gunverse,GU air-3053,40,167600,92000.0
2021-08-01,2021,202108,на Писаревской,Gunverse,GU air-3053,33,186648,75900.0
2021-09-01,2021,202109,на Писаревской,Gunverse,GU air-3053,36,191592,82800.0
2021-10-01,2021,202110,на Писаревской,Gunverse,GU air-3053,29,195895,66700.0
2021-11-01,2021,202111,на Писаревской,Gunverse,GU air-3053,21,139272,48300.0
2021-12-01,2021,202112,на Писаревской,Gunverse,GU air-3053,25,142650,57500.0
2022-01-01,2022,202201,на Писаревской,Gunverse,GU air-3053,37,222259,85100.0
2022-02-01,2022,202202,на Писаревской,Gunverse,GU air-3053,23,147292,52900.0
2022-03-01,2022,202203,на Писаревской,Gunverse,GU air-3053,19,118199,43700.0
2022-04-01,2022,202204,на Писаревской,Gunverse,GU air-3053,34,211038,78200.0
2022-05-01,2022,202205,на Писаревской,Gunverse,GU air-3053,44,278212,101200.0
2022-06-01,2022,202206,на Писаревской,Gunverse,GU air-3053,41,256742,94300.0
2022-07-01,2022,202207,на Писаревской,Gunverse,GU air-3053,44,181148,101200.0
2022-08-01,2022,202208,на Писаревской,Gunverse,GU air-3053,37,220816,85100.0
2022-09-01,2022,202209,на Писаревской,Gunverse,GU air-3053,39,217893,89700.0
2022-10-01,2022,202210,на Писаревской,Gunverse,GU air-3053,32,204864,73600.0
2022-11-01,2022,202211,на Писаревской,Gunverse,GU air-3053,23,144555,52900.0
2022-12-01,2022,202212,на Писаревской,Gunverse,GU air-3053,28,176288,64400.0
2021-01-01,2021,202101,на Писаревской,Gunverse,GU grou-6409,30,313710,121500.0
2021-02-01,2021,202102,на Писаревской,Gunverse,GU grou-6409,19,192413,76950.0
2021-03-01,2021,202103,на Писаревской,Gunverse,GU grou-6409,15,150495,60750.0
2021-04-01,2021,202104,на Писаревской,Gunverse,GU grou-6409,28,314216,113400.0
2021-05-01,2021,202105,на Писаревской,Gunverse,GU grou-6409,35,392735,141750.0
2021-06-01,2021,202106,на Писаревской,Gunverse,GU grou-6409,33,334554,133650.0
2021-07-01,2021,202107,на Писаревской,Gunverse,GU grou-6409,35,316435,141750.0
2021-08-01,2021,202108,на Писаревской,Gunverse,GU grou-6409,30,304170,121500.0
2021-09-01,2021,202109,на Писаревской,Gunverse,GU grou-6409,31,299522,125550.0
2021-10-01,2021,202110,на Писаревской,Gunverse,GU grou-6409,26,258934,105300.0
2021-11-01,2021,202111,на Писаревской,Gunverse,GU grou-6409,19,197923,76950.0
2021-12-01,2021,202112,на Писаревской,Gunverse,GU grou-6409,22,211156,89100.0
2022-01-01,2022,202201,на Писаревской,Gunverse,GU grou-6409,33,316107,133650.0
2022-02-01,2022,202202,на Писаревской,Gunverse,GU grou-6409,21,217434,85050.0
2022-03-01,2022,202203,на Писаревской,Gunverse,GU grou-6409,17,163319,68850.0
2022-04-01,2022,202204,на Писаревской,Gunverse,GU grou-6409,31,335637,125550.0
2022-05-01,2022,202205,на Писаревской,Gunverse,GU grou-6409,39,421239,157950.0
2022-06-01,2022,202206,на Писаревской,Gunverse,GU grou-6409,37,369741,149850.0
2022-07-01,2022,202207,на Писаревской,Gunverse,GU grou-6409,39,334971,157950.0
2022-08-01,2022,202208,на Писаревской,Gunverse,GU grou-6409,33,319770,133650.0
2022-09-01,2022,202209,на Писаревской,Gunverse,GU grou-6409,35,324135,141750.0
2022-10-01,2022,202210,на Писаревской,Gunverse,GU grou-6409,29,311982,117450.0
2022-11-01,2022,202211,на Писаревской,Gunverse,GU grou-6409,21,216783,85050.0
2022-12-01,2022,202212,на Писаревской,Gunverse,GU grou-6409,25,236950,101250.0
2021-01-01,2021,202101,на Писаревской,Gunverse,GU gre-2865,33,254100,131669.99999999997
2021-02-01,2021,202102,на Писаревской,Gunverse,GU gre-2865,21,177996,83789.99999999999
2021-03-01,2021,202103,на Писаревской,Gunverse,GU gre-2865,17,132141,67829.99999999999
2021-04-01,2021,202104,на Писаревской,Gunverse,GU gre-2865,31,275869,123689.99999999999
2021-05-01,2021,202105,на Писаревской,Gunverse,GU gre-2865,40,340240,159599.99999999997
2021-06-01,2021,202106,на Писаревской,Gunverse,GU gre-2865,38,311828,151619.99999999997
2021-07-01,2021,202107,на Писаревской,Gunverse,GU gre-2865,40,286960,159599.99999999997
2021-08-01,2021,202108,на Писаревской,Gunverse,GU gre-2865,33,238623,131669.99999999997
2021-09-01,2021,202109,на Писаревской,Gunverse,GU gre-2865,36,286236,143639.99999999997
2021-10-01,2021,202110,на Писаревской,Gunverse,GU gre-2865,29,250502,115709.99999999999
2021-11-01,2021,202111,на Писаревской,Gunverse,GU gre-2865,21,185703,83789.99999999999
2021-12-01,2021,202112,на Писаревской,Gunverse,GU gre-2865,25,186200,99749.99999999999
2022-01-01,2022,202201,на Писаревской,Gunverse,GU gre-2865,37,307063,147629.99999999997
2022-02-01,2022,202202,на Писаревской,Gunverse,GU gre-2865,23,183724,91769.99999999999
2022-03-01,2022,202203,на Писаревской,Gunverse,GU gre-2865,19,143412,75809.99999999999
2022-04-01,2022,202204,на Писаревской,Gunverse,GU gre-2865,34,275298,135659.99999999997
2022-05-01,2022,202205,на Писаревской,Gunverse,GU gre-2865,44,393272,175559.99999999997
2022-06-01,2022,202206,на Писаревской,Gunverse,GU gre-2865,41,336077,163589.99999999997
2022-07-01,2022,202207,на Писаревской,Gunverse,GU gre-2865,44,292644,175559.99999999997
2022-08-01,2022,202208,на Писаревской,Gunverse,GU gre-2865,37,298923,147629.99999999997
2022-09-01,2022,202209,на Писаревской,Gunverse,GU gre-2865,39,319098,155609.99999999997
2022-10-01,2022,202210,на Писаревской,Gunverse,GU gre-2865,32,277760,127679.99999999999
2022-11-01,2022,202211,на Писаревской,Gunverse,GU gre-2865,23,204585,91769.99999999999
2022-12-01,2022,202212,на Писаревской,Gunverse,GU gre-2865,28,204708,111719.99999999999
2021-01-01,2021,202101,на Писаревской,Gunverse,GU earth-4729,29,267525,120785.0
2021-02-01,2021,202102,на Писаревской,Gunverse,GU earth-4729,18,169380,74970.0
2021-03-01,2021,202103,на Писаревской,Gunverse,GU earth-4729,15,133605,62475.0
2021-04-01,2021,202104,на Писаревской,Gunverse,GU earth-4729,27,290250,112455.0
2021-05-01,2021,202105,на Писаревской,Gunverse,GU earth-4729,35,369005,145775.0
2021-06-01,2021,202106,на Писаревской,Gunverse,GU earth-4729,33,335511,137445.0
2021-07-01,2021,202107,на Писаревской,Gunverse,GU earth-4729,35,281610,145775.0
2021-08-01,2021,202108,на Писаревской,Gunverse,GU earth-4729,29,269932,120785.0
2021-09-01,2021,202109,на Писаревской,Gunverse,GU earth-4729,31,298561,129115.0
2021-10-01,2021,202110,на Писаревской,Gunverse,GU earth-4729,26,264134,108290.0
2021-11-01,2021,202111,на Писаревской,Gunverse,GU earth-4729,18,180054,74970.0
2021-12-01,2021,202112,на Писаревской,Gunverse,GU earth-4729,22,205612,91630.0
2022-01-01,2022,202201,на Писаревской,Gunverse,GU earth-4729,32,299232,133280.0
2022-02-01,2022,202202,на Писаревской,Gunverse,GU earth-4729,20,196940,83300.0
2022-03-01,2022,202203,на Писаревской,Gunverse,GU earth-4729,16,148144,66640.0
2022-04-01,2022,202204,на Писаревской,Gunverse,GU earth-4729,30,292320,124950.0
2022-05-01,2022,202205,на Писаревской,Gunverse,GU earth-4729,38,399114,158270.0
2022-06-01,2022,202206,на Писаревской,Gunverse,GU earth-4729,36,333252,149940.0
2022-07-01,2022,202207,на Писаревской,Gunverse,GU earth-4729,38,333070,158270.0
2022-08-01,2022,202208,на Писаревской,Gunverse,GU earth-4729,32,303872,133280.0
2022-09-01,2022,202209,на Писаревской,Gunverse,GU earth-4729,34,326468,141610.0
2022-10-01,2022,202210,на Писаревской,Gunverse,GU earth-4729,28,271208,116620.0
2022-11-01,2022,202211,на Писаревской,Gunverse,GU earth-4729,20,186360,83300.0
2022-12-01,2022,202212,на Писаревской,Gunverse,GU earth-4729,24,211512,99960.0
2021-01-01,2021,202101,на Писаревской,Gunverse,GU ais-4465,29,223880,88740.0
2021-02-01,2021,202102,на Писаревской,Gunverse,GU ais-4465,18,142290,55080.0
2021-03-01,2021,202103,на Писаревской,Gunverse,GU ais-4465,15,103470,45900.0
2021-04-01,2021,202104,на Писаревской,Gunverse,GU ais-4465,27,216324,82620.0
2021-05-01,2021,202105,на Писаревской,Gunverse,GU ais-4465,35,283850,107100.0
2021-06-01,2021,202106,на Писаревской,Gunverse,GU ais-4465,33,232452,100980.0
2021-07-01,2021,202107,на Писаревской,Gunverse,GU ais-4465,35,211680,107100.0
2021-08-01,2021,202108,на Писаревской,Gunverse,GU ais-4465,29,196562,88740.0
2021-09-01,2021,202109,на Писаревской,Gunverse,GU ais-4465,31,221960,94860.0
2021-10-01,2021,202110,на Писаревской,Gunverse,GU ais-4465,26,197002,79560.0
2021-11-01,2021,202111,на Писаревской,Gunverse,GU ais-4465,18,135828,55080.0
2021-12-01,2021,202112,на Писаревской,Gunverse,GU ais-4465,22,156310,67320.0
2022-01-01,2022,202201,на Писаревской,Gunverse,GU ais-4465,32,237632,97920.0
2022-02-01,2022,202202,на Писаревской,Gunverse,GU ais-4465,20,157700,61200.0
2022-03-01,2022,202203,на Писаревской,Gunverse,GU ais-4465,16,106016,48960.0
2022-04-01,2022,202204,на Писаревской,Gunverse,GU ais-4465,30,246960,91800.0
2022-05-01,2022,202205,на Писаревской,Gunverse,GU ais-4465,38,303126,116280.0
2022-06-01,2022,202206,на Писаревской,Gunverse,GU ais-4465,36,281124,110160.0
2022-07-01,2022,202207,на Писаревской,Gunverse,GU ais-4465,38,212116,116280.0
2022-08-01,2022,202208,на Писаревской,Gunverse,GU ais-4465,32,233344,97920.0
2022-09-01,2022,202209,на Писаревской,Gunverse,GU ais-4465,34,218756,104040.0
2022-10-01,2022,202210,на Писаревской,Gunverse,GU ais-4465,28,207984,85680.0
2022-11-01,2022,202211,на Писаревской,Gunverse,GU ais-4465,20,149420,61200.0
2022-12-01,2022,202212,на Писаревской,Gunverse,GU ais-4465,24,160176,73440.0
2021-01-01,2021,202101,на Писаревской,Gunverse,GU ice-8917,31,275404,107136.0
2021-02-01,2021,202102,на Писаревской,Gunverse,GU ice-8917,19,170392,65664.0
2021-03-01,2021,202103,на Писаревской,Gunverse,GU ice-8917,16,134640,55296.0
2021-04-01,2021,202104,на Писаревской,Gunverse,GU ice-8917,29,256650,100224.0
2021-05-01,2021,202105,на Писаревской,Gunverse,GU ice-8917,36,350028,124416.0
2021-06-01,2021,202106,на Писаревской,Gunverse,GU ice-8917,34,301818,117504.0
2021-07-01,2021,202107,на Писаревской,Gunverse,GU ice-8917,36,247824,124416.0
2021-08-01,2021,202108,на Писаревской,Gunverse,GU ice-8917,31,262074,107136.0
2021-09-01,2021,202109,на Писаревской,Gunverse,GU ice-8917,32,260096,110592.0
2021-10-01,2021,202110,на Писаревской,Gunverse,GU ice-8917,27,239841,93312.0
2021-11-01,2021,202111,на Писаревской,Gunverse,GU ice-8917,19,169689,65664.0
2021-12-01,2021,202112,на Писаревской,Gunverse,GU ice-8917,23,173098,79488.0
2022-01-01,2022,202201,на Писаревской,Gunverse,GU ice-8917,34,297500,117504.0
2022-02-01,2022,202202,на Писаревской,Gunverse,GU ice-8917,21,174699,72576.0
2022-03-01,2022,202203,на Писаревской,Gunverse,GU ice-8917,17,126259,58752.0
2022-04-01,2022,202204,на Писаревской,Gunverse,GU ice-8917,32,284896,110592.0
2022-05-01,2022,202205,на Писаревской,Gunverse,GU ice-8917,40,372120,138240.0
2022-06-01,2022,202206,на Писаревской,Gunverse,GU ice-8917,38,350740,131328.0
2022-07-01,2022,202207,на Писаревской,Gunverse,GU ice-8917,40,252680,138240.0
2022-08-01,2022,202208,на Писаревской,Gunverse,GU ice-8917,34,273836,117504.0
2022-09-01,2022,202209,на Писаревской,Gunverse,GU ice-8917,36,302976,124416.0
2022-10-01,2022,202210,на Писаревской,Gunverse,GU ice-8917,29,263436,100224.0
2022-11-01,2022,202211,на Писаревской,Gunverse,GU ice-8917,21,178647,72576.0
2022-12-01,2022,202212,на Писаревской,Gunverse,GU ice-8917,25,209050,86400.0
2021-01-01,2021,202101,на Писаревской,Gunverse,GU ai-3849,32,337120,165984.0
2021-02-01,2021,202102,на Писаревской,Gunverse,GU ai-3849,20,212860,103740.0
2021-03-01,2021,202103,на Писаревской,Gunverse,GU ai-3849,16,159936,82992.0
2021-04-01,2021,202104,на Писаревской,Gunverse,GU ai-3849,30,321840,155610.0
2021-05-01,2021,202105,на Писаревской,Gunverse,GU ai-3849,37,430828,191919.0
2021-06-01,2021,202106,на Писаревской,Gunverse,GU ai-3849,35,372540,181545.0
2021-07-01,2021,202107,на Писаревской,Gunverse,GU ai-3849,37,328634,191919.0
2021-08-01,2021,202108,на Писаревской,Gunverse,GU ai-3849,32,306368,165984.0
2021-09-01,2021,202109,на Писаревской,Gunverse,GU ai-3849,33,339009,171171.0
2021-10-01,2021,202110,на Писаревской,Gunverse,GU ai-3849,28,293468,145236.0
2021-11-01,2021,202111,на Писаревской,Gunverse,GU ai-3849,20,202220,103740.0
2021-12-01,2021,202112,на Писаревской,Gunverse,GU ai-3849,24,222408,124488.0
2022-01-01,2022,202201,на Писаревской,Gunverse,GU ai-3849,35,376845,181545.0
2022-02-01,2022,202202,на Писаревской,Gunverse,GU ai-3849,22,237886,114114.0
2022-03-01,2022,202203,на Писаревской,Gunverse,GU ai-3849,18,169956,93366.0
2022-04-01,2022,202204,на Писаревской,Gunverse,GU ai-3849,33,350394,171171.0
2022-05-01,2022,202205,на Писаревской,Gunverse,GU ai-3849,41,465186,212667.0
2022-06-01,2022,202206,на Писаревской,Gunverse,GU ai-3849,39,407862,202293.0
2022-07-01,2022,202207,на Писаревской,Gunverse,GU ai-3849,41,375396,212667.0
2022-08-01,2022,202208,на Писаревской,Gunverse,GU ai-3849,35,327075,181545.0
2022-09-01,2022,202209,на Писаревской,Gunverse,GU ai-3849,37,390905,191919.0
2022-10-01,2022,202210,на Писаревской,Gunverse,GU ai-3849,30,328680,155610.0
2022-11-01,2022,202211,на Писаревской,Gunverse,GU ai-3849,22,225830,114114.0
2022-12-01,2022,202212,на Писаревской,Gunverse,GU ai-3849,26,274924,134862.0
2021-01-01,2021,202101,на Писаревской,Nuke,NK air-4421,34,439688,204000.0
2021-02-01,2021,202102,на Писаревской,Nuke,NK air-4421,21,284928,126000.0
2021-03-01,2021,202103,на Писаревской,Nuke,NK air-4421,17,213639,102000.0
2021-04-01,2021,202104,на Писаревской,Nuke,NK air-4421,32,436192,192000.0
2021-05-01,2021,202105,на Писаревской,Nuke,NK air-4421,40,544680,240000.0
2021-06-01,2021,202106,на Писаревской,Nuke,NK air-4421,38,525768,228000.0
2021-07-01,2021,202107,на Писаревской,Nuke,NK air-4421,40,460000,240000.0
2021-08-01,2021,202108,на Писаревской,Nuke,NK air-4421,34,451010,204000.0
2021-09-01,2021,202109,на Писаревской,Nuke,NK air-4421,36,449604,216000.0
2021-10-01,2021,202110,на Писаревской,Nuke,NK air-4421,30,422130,180000.0
2021-11-01,2021,202111,на Писаревской,Nuke,NK air-4421,21,265440,126000.0
2021-12-01,2021,202112,на Писаревской,Nuke,NK air-4421,25,310650,150000.0
2022-01-01,2022,202201,на Писаревской,Nuke,NK air-4421,37,506234,222000.0
2022-02-01,2022,202202,на Писаревской,Nuke,NK air-4421,23,298310,138000.0
2022-03-01,2022,202203,на Писаревской,Nuke,NK air-4421,19,242953,114000.0
2022-04-01,2022,202204,на Писаревской,Nuke,NK air-4421,35,492380,210000.0
2022-05-01,2022,202205,на Писаревской,Nuke,NK air-4421,44,600864,264000.0
2022-06-01,2022,202206,на Писаревской,Nuke,NK air-4421,42,561750,252000.0
2022-07-01,2022,202207,на Писаревской,Nuke,NK air-4421,44,528352,264000.0
2022-08-01,2022,202208,на Писаревской,Nuke,NK air-4421,37,468494,222000.0
2022-09-01,2022,202209,на Писаревской,Nuke,NK air-4421,39,505908,234000.0
2022-10-01,2022,202210,на Писаревской,Nuke,NK air-4421,33,446721,198000.0
2022-11-01,2022,202211,на Писаревской,Nuke,NK air-4421,23,298586,138000.0
2022-12-01,2022,202212,на Писаревской,Nuke,NK air-4421,28,356608,168000.0
2021-01-01,2021,202101,на Писаревской,Nuke,NK grou-9880,25,267250,132750.0
2021-02-01,2021,202102,на Писаревской,Nuke,NK grou-9880,16,171232,84960.0
2021-03-01,2021,202103,на Писаревской,Nuke,NK grou-9880,13,128921,69030.0
2021-04-01,2021,202104,на Писаревской,Nuke,NK grou-9880,23,247089,122130.0
2021-05-01,2021,202105,на Писаревской,Nuke,NK grou-9880,29,333587,153990.0
2021-06-01,2021,202106,на Писаревской,Nuke,NK grou-9880,28,291536,148680.0
2021-07-01,2021,202107,на Писаревской,Nuke,NK grou-9880,29,258042,153990.0
2021-08-01,2021,202108,на Писаревской,Nuke,NK grou-9880,25,239225,132750.0
2021-09-01,2021,202109,на Писаревской,Nuke,NK grou-9880,26,260000,138060.0
2021-10-01,2021,202110,на Писаревской,Nuke,NK grou-9880,22,225126,116820.0
2021-11-01,2021,202111,на Писаревской,Nuke,NK grou-9880,16,168784,84960.0
2021-12-01,2021,202112,на Писаревской,Nuke,NK grou-9880,19,185326,100890.0
2022-01-01,2022,202201,на Писаревской,Nuke,NK grou-9880,27,273537,143370.0
2022-02-01,2022,202202,на Писаревской,Nuke,NK grou-9880,17,175100,90270.0
2022-03-01,2022,202203,на Писаревской,Nuke,NK grou-9880,14,138194,74340.0
2022-04-01,2022,202204,на Писаревской,Nuke,NK grou-9880,25,278900,132750.0
2022-05-01,2022,202205,на Писаревской,Nuke,NK grou-9880,32,351168,169920.0
2022-06-01,2022,202206,на Писаревской,Nuke,NK grou-9880,30,322410,159300.0
2022-07-01,2022,202207,на Писаревской,Nuke,NK grou-9880,32,272672,169920.0
2022-08-01,2022,202208,на Писаревской,Nuke,NK grou-9880,27,258201,143370.0
2022-09-01,2022,202209,на Писаревской,Nuke,NK grou-9880,29,295162,153990.0
2022-10-01,2022,202210,на Писаревской,Nuke,NK grou-9880,24,237792,127440.0
2022-11-01,2022,202211,на Писаревской,Nuke,NK grou-9880,17,178738,90270.0
2022-12-01,2022,202212,на Писаревской,Nuke,NK grou-9880,20,184980,106200.0
2021-01-01,2021,202101,на Писаревской,Nuke,NK gre-7983,23,187818,74060.0
2021-02-01,2021,202102,на Писаревской,Nuke,NK gre-7983,15,137400,48300.0
2021-03-01,2021,202103,на Писаревской,Nuke,NK gre-7983,12,98892,38640.0
2021-04-01,2021,202104,на Писаревской,Nuke,NK gre-7983,22,200310,70840.0
2021-05-01,2021,202105,на Писаревской,Nuke,NK gre-7983,28,248192,90160.0
2021-06-01,2021,202106,на Писаревской,Nuke,NK gre-7983,26,221390,83720.0
2021-07-01,2021,202107,на Писаревской,Nuke,NK gre-7983,28,193872,90160.0
2021-08-01,2021,202108,на Писаревской,Nuke,NK gre-7983,23,177008,74060.0
2021-09-01,2021,202109,на Писаревской,Nuke,NK gre-7983,25,196475,80500.0
2021-10-01,2021,202110,на Писаревской,Nuke,NK gre-7983,21,187467,67620.0
2021-11-01,2021,202111,на Писаревской,Nuke,NK gre-7983,15,116880,48300.0
2021-12-01,2021,202112,на Писаревской,Nuke,NK gre-7983,18,136098,57960.0
2022-01-01,2022,202201,на Писаревской,Nuke,NK gre-7983,26,228410,83720.0
2022-02-01,2022,202202,на Писаревской,Nuke,NK gre-7983,16,129680,51520.0
2022-03-01,2022,202203,на Писаревской,Nuke,NK gre-7983,13,99021,41860.0
2022-04-01,2022,202204,на Писаревской,Nuke,NK gre-7983,24,195552,77280.0
2022-05-01,2022,202205,на Писаревской,Nuke,NK gre-7983,30,276360,96600.0
2022-06-01,2022,202206,на Писаревской,Nuke,NK gre-7983,29,224083,93380.0
2022-07-01,2022,202207,на Писаревской,Nuke,NK gre-7983,30,200130,96600.0
2022-08-01,2022,202208,на Писаревской,Nuke,NK gre-7983,26,195468,83720.0
2022-09-01,2022,202209,на Писаревской,Nuke,NK gre-7983,27,211626,86940.0
2022-10-01,2022,202210,на Писаревской,Nuke,NK gre-7983,23,195569,74060.0
2022-11-01,2022,202211,на Писаревской,Nuke,NK gre-7983,16,137616,51520.0
2022-12-01,2022,202212,на Писаревской,Nuke,NK gre-7983,19,153691,61180.0
2021-01-01,2021,202101,на Писаревской,Nuke,NK earth-5320,29,218109,96135.0
2021-02-01,2021,202102,на Писаревской,Nuke,NK earth-5320,18,131706,59670.0
2021-03-01,2021,202103,на Писаревской,Nuke,NK earth-5320,15,97710,49725.0
2021-04-01,2021,202104,на Писаревской,Nuke,NK earth-5320,27,222723,89505.0
2021-05-01,2021,202105,на Писаревской,Nuke,NK earth-5320,34,268430,112710.0
2021-06-01,2021,202106,на Писаревской,Nuke,NK earth-5320,33,254793,109395.0
2021-07-01,2021,202107,на Писаревской,Nuke,NK earth-5320,34,207468,112710.0
2021-08-01,2021,202108,на Писаревской,Nuke,NK earth-5320,29,219385,96135.0
2021-09-01,2021,202109,на Писаревской,Nuke,NK earth-5320,31,245489,102765.0
2021-10-01,2021,202110,на Писаревской,Nuke,NK earth-5320,25,195575,82875.0
2021-11-01,2021,202111,на Писаревской,Nuke,NK earth-5320,18,143856,59670.0
2021-12-01,2021,202112,на Писаревской,Nuke,NK earth-5320,22,154748,72930.0
2022-01-01,2022,202201,на Писаревской,Nuke,NK earth-5320,32,242528,106080.0
2022-02-01,2022,202202,на Писаревской,Nuke,NK earth-5320,20,159600,66300.0
2022-03-01,2022,202203,на Писаревской,Nuke,NK earth-5320,16,117328,53040.0
2022-04-01,2022,202204,на Писаревской,Nuke,NK earth-5320,30,243870,99450.0
2022-05-01,2022,202205,на Писаревской,Nuke,NK earth-5320,38,307116,125970.0
2022-06-01,2022,202206,на Писаревской,Nuke,NK earth-5320,36,277200,119340.0
2022-07-01,2022,202207,на Писаревской,Nuke,NK earth-5320,38,246544,125970.0
2022-08-01,2022,202208,на Писаревской,Nuke,NK earth-5320,32,219168,106080.0
2022-09-01,2022,202209,на Писаревской,Nuke,NK earth-5320,34,247044,112710.0
2022-10-01,2022,202210,на Писаревской,Nuke,NK earth-5320,28,230356,92820.0
2022-11-01,2022,202211,на Писаревской,Nuke,NK earth-5320,20,145840,66300.0
2022-12-01,2022,202212,на Писаревской,Nuke,NK earth-5320,24,182256,79560.0
2021-01-01,2021,202101,на Писаревской,Nuke,NK ais-5028,32,370880,150400.0
2021-02-01,2021,202102,на Писаревской,Nuke,NK ais-5028,20,225980,94000.0
2021-03-01,2021,202103,на Писаревской,Nuke,NK ais-5028,16,175904,75200.0
2021-04-01,2021,202104,на Писаревской,Nuke,NK ais-5028,30,356910,141000.0
2021-05-01,2021,202105,на Писаревской,Nuke,NK ais-5028,38,472188,178600.0
2021-06-01,2021,202106,на Писаревской,Nuke,NK ais-5028,36,427572,169200.0
2021-07-01,2021,202107,на Писаревской,Nuke,NK ais-5028,38,375630,178600.0
2021-08-01,2021,202108,на Писаревской,Nuke,NK ais-5028,32,337184,150400.0
2021-09-01,2021,202109,на Писаревской,Nuke,NK ais-5028,34,350302,159800.0
2021-10-01,2021,202110,на Писаревской,Nuke,NK ais-5028,28,329924,131600.0
2021-11-01,2021,202111,на Писаревской,Nuke,NK ais-5028,20,222180,94000.0
2021-12-01,2021,202112,на Писаревской,Nuke,NK ais-5028,24,251040,112800.0
2022-01-01,2022,202201,на Писаревской,Nuke,NK ais-5028,35,402640,164500.0
2022-02-01,2022,202202,на Писаревской,Nuke,NK ais-5028,22,262834,103400.0
2022-03-01,2022,202203,на Писаревской,Nuke,NK ais-5028,18,189072,84600.0
2022-04-01,2022,202204,на Писаревской,Nuke,NK ais-5028,33,370920,155100.0
2022-05-01,2022,202205,на Писаревской,Nuke,NK ais-5028,41,473140,192700.0
2022-06-01,2022,202206,на Писаревской,Nuke,NK ais-5028,39,451581,183300.0
2022-07-01,2022,202207,на Писаревской,Nuke,NK ais-5028,41,398889,192700.0
2022-08-01,2022,202208,на Писаревской,Nuke,NK ais-5028,35,392455,164500.0
2022-09-01,2022,202209,на Писаревской,Nuke,NK ais-5028,37,418914,173900.0
2022-10-01,2022,202210,на Писаревской,Nuke,NK ais-5028,31,351540,145700.0
2022-11-01,2022,202211,на Писаревской,Nuke,NK ais-5028,22,256718,103400.0
2022-12-01,2022,202212,на Писаревской,Nuke,NK ais-5028,26,275444,122200.0
2021-01-01,2021,202101,на Писаревской,Nuke,NK ice-4908,34,342482,182546.0
2021-02-01,2021,202102,на Писаревской,Nuke,NK ice-4908,21,212289,112749.0
2021-03-01,2021,202103,на Писаревской,Nuke,NK ice-4908,17,163608,91273.0
2021-04-01,2021,202104,на Писаревской,Nuke,NK ice-4908,31,339419,166439.0
2021-05-01,2021,202105,на Писаревской,Nuke,NK ice-4908,40,436560,214760.0
2021-06-01,2021,202106,на Писаревской,Nuke,NK ice-4908,38,385054,204022.0
2021-07-01,2021,202107,на Писаревской,Nuke,NK ice-4908,40,354680,214760.0
2021-08-01,2021,202108,на Писаревской,Nuke,NK ice-4908,34,340136,182546.0
2021-09-01,2021,202109,на Писаревской,Nuke,NK ice-4908,36,365400,193284.0
2021-10-01,2021,202110,на Писаревской,Nuke,NK ice-4908,29,309691,155701.0
2021-11-01,2021,202111,на Писаревской,Nuke,NK ice-4908,21,221172,112749.0
2021-12-01,2021,202112,на Писаревской,Nuke,NK ice-4908,25,252450,134225.0
2022-01-01,2022,202201,на Писаревской,Nuke,NK ice-4908,37,374514,198653.0
2022-02-01,2022,202202,на Писаревской,Nuke,NK ice-4908,23,226481,123487.0
2022-03-01,2022,202203,на Писаревской,Nuke,NK ice-4908,19,182020,102011.0
2022-04-01,2022,202204,на Писаревской,Nuke,NK ice-4908,35,389235,187915.0
2022-05-01,2022,202205,на Писаревской,Nuke,NK ice-4908,44,492184,236236.0
2022-06-01,2022,202206,на Писаревской,Nuke,NK ice-4908,41,415289,220129.0
2022-07-01,2022,202207,на Писаревской,Nuke,NK ice-4908,44,404844,236236.0
2022-08-01,2022,202208,на Писаревской,Nuke,NK ice-4908,37,353905,198653.0
2022-09-01,2022,202209,на Писаревской,Nuke,NK ice-4908,39,371787,209391.0
2022-10-01,2022,202210,на Писаревской,Nuke,NK ice-4908,32,338752,171808.0
2022-11-01,2022,202211,на Писаревской,Nuke,NK ice-4908,23,229379,123487.0
2022-12-01,2022,202212,на Писаревской,Nuke,NK ice-4908,28,274512,150332.0
2021-01-01,2021,202101,на Писаревской,Nuke,NK ai-2826,24,280968,132000.0
2021-02-01,2021,202102,на Писаревской,Nuke,NK ai-2826,15,193620,82500.0
2021-03-01,2021,202103,на Писаревской,Nuke,NK ai-2826,12,142884,66000.0
2021-04-01,2021,202104,на Писаревской,Nuke,NK ai-2826,23,289570,126500.0
2021-05-01,2021,202105,на Писаревской,Nuke,NK ai-2826,28,366240,154000.0
2021-06-01,2021,202106,на Писаревской,Nuke,NK ai-2826,27,340011,148500.0
2021-07-01,2021,202107,на Писаревской,Nuke,NK ai-2826,28,307832,154000.0
2021-08-01,2021,202108,на Писаревской,Nuke,NK ai-2826,24,276864,132000.0
2021-09-01,2021,202109,на Писаревской,Nuke,NK ai-2826,25,295475,137500.0
2021-10-01,2021,202110,на Писаревской,Nuke,NK ai-2826,21,266154,115500.0
2021-11-01,2021,202111,на Писаревской,Nuke,NK ai-2826,15,182055,82500.0
2021-12-01,2021,202112,на Писаревской,Nuke,NK ai-2826,18,215748,99000.0
2022-01-01,2022,202201,на Писаревской,Nuke,NK ai-2826,26,327392,143000.0
2022-02-01,2022,202202,на Писаревской,Nuke,NK ai-2826,17,216410,93500.0
2022-03-01,2022,202203,на Писаревской,Nuke,NK ai-2826,13,143208,71500.0
2022-04-01,2022,202204,на Писаревской,Nuke,NK ai-2826,25,327375,137500.0
2022-05-01,2022,202205,на Писаревской,Nuke,NK ai-2826,31,386291,170500.0
2022-06-01,2022,202206,на Писаревской,Nuke,NK ai-2826,30,361680,165000.0
2022-07-01,2022,202207,на Писаревской,Nuke,NK ai-2826,31,332754,170500.0
2022-08-01,2022,202208,на Писаревской,Nuke,NK ai-2826,26,289718,143000.0
2022-09-01,2022,202209,на Писаревской,Nuke,NK ai-2826,28,345604,154000.0
2022-10-01,2022,202210,на Писаревской,Nuke,NK ai-2826,23,287017,126500.0
2022-11-01,2022,202211,на Писаревской,Nuke,NK ai-2826,17,209916,93500.0
2022-12-01,2022,202212,на Писаревской,Nuke,NK ai-2826,20,240600,110000.0
2021-01-01,2021,202101,на Писаревской,Rubok,RB air-7636,8,29208,12096.0
2021-02-01,2021,202102,на Писаревской,Rubok,RB air-7636,5,20170,7560.0
2021-03-01,2021,202103,на Писаревской,Rubok,RB air-7636,4,14104,6048.0
2021-04-01,2021,202104,на Писаревской,Rubok,RB air-7636,7,30184,10584.0
2021-05-01,2021,202105,на Писаревской,Rubok,RB air-7636,9,40212,13608.0
2021-06-01,2021,202106,на Писаревской,Rubok,RB air-7636,9,34641,13608.0
2021-07-01,2021,202107,на Писаревской,Rubok,RB air-7636,9,25848,13608.0
2021-08-01,2021,202108,на Писаревской,Rubok,RB air-7636,8,25984,12096.0
2021-09-01,2021,202109,на Писаревской,Rubok,RB air-7636,8,30824,12096.0
2021-10-01,2021,202110,на Писаревской,Rubok,RB air-7636,7,28616,10584.0
2021-11-01,2021,202111,на Писаревской,Rubok,RB air-7636,5,17810,7560.0
2021-12-01,2021,202112,на Писаревской,Rubok,RB air-7636,6,21900,9072.0
2022-01-01,2022,202201,на Писаревской,Rubok,RB air-7636,8,33912,12096.0
2022-02-01,2022,202202,на Писаревской,Rubok,RB air-7636,5,22045,7560.0
2022-03-01,2022,202203,на Писаревской,Rubok,RB air-7636,4,13444,6048.0
2022-04-01,2022,202204,на Писаревской,Rubok,RB air-7636,8,41104,12096.0
2022-05-01,2022,202205,на Писаревской,Rubok,RB air-7636,10,47990,15120.0
2022-06-01,2022,202206,на Писаревской,Rubok,RB air-7636,9,39366,13608.0
2022-07-01,2022,202207,на Писаревской,Rubok,RB air-7636,10,27420,15120.0
2022-08-01,2022,202208,на Писаревской,Rubok,RB air-7636,8,29112,12096.0
2022-09-01,2022,202209,на Писаревской,Rubok,RB air-7636,9,30213,13608.0
2022-10-01,2022,202210,на Писаревской,Rubok,RB air-7636,7,30373,10584.0
2022-11-01,2022,202211,на Писаревской,Rubok,RB air-7636,5,20190,7560.0
2022-12-01,2022,202212,на Писаревской,Rubok,RB air-7636,6,19206,9072.0
2021-01-01,2021,202101,на Писаревской,Rubok,RB grou-5163,9,28647,7038.0
2021-02-01,2021,202102,на Писаревской,Rubok,RB grou-5163,6,16170,4692.0
2021-03-01,2021,202103,на Писаревской,Rubok,RB grou-5163,5,11145,3910.0
2021-04-01,2021,202104,на Писаревской,Rubok,RB grou-5163,9,32787,7038.0
2021-05-01,2021,202105,на Писаревской,Rubok,RB grou-5163,11,46926,8602.0
2021-06-01,2021,202106,на Писаревской,Rubok,RB grou-5163,10,37320,7820.0
2021-07-01,2021,202107,на Писаревской,Rubok,RB grou-5163,11,18799,8602.0
2021-08-01,2021,202108,на Писаревской,Rubok,RB grou-5163,9,19575,7038.0
2021-09-01,2021,202109,на Писаревской,Rubok,RB grou-5163,10,26600,7820.0
2021-10-01,2021,202110,на Писаревской,Rubok,RB grou-5163,8,28528,6256.0
2021-11-01,2021,202111,на Писаревской,Rubok,RB grou-5163,6,16866,4692.0
2021-12-01,2021,202112,на Писаревской,Rubok,RB grou-5163,7,14847,5474.0
2022-01-01,2022,202201,на Писаревской,Rubok,RB grou-5163,10,26030,7820.0
2022-02-01,2022,202202,на Писаревской,Rubok,RB grou-5163,7,23828,5474.0
2022-03-01,2022,202203,на Писаревской,Rubok,RB grou-5163,5,12275,3910.0
2022-04-01,2022,202204,на Писаревской,Rubok,RB grou-5163,10,31350,7820.0
2022-05-01,2022,202205,на Писаревской,Rubok,RB grou-5163,12,41208,9384.0
2022-06-01,2022,202206,на Писаревской,Rubok,RB grou-5163,11,37796,8602.0
2022-07-01,2022,202207,на Писаревской,Rubok,RB grou-5163,12,20928,9384.0
2022-08-01,2022,202208,на Писаревской,Rubok,RB grou-5163,10,23950,7820.0
2022-09-01,2022,202209,на Писаревской,Rubok,RB grou-5163,11,28655,8602.0
2022-10-01,2022,202210,на Писаревской,Rubok,RB grou-5163,9,27720,7038.0
2022-11-01,2022,202211,на Писаревской,Rubok,RB grou-5163,7,17192,5474.0
2022-12-01,2022,202212,на Писаревской,Rubok,RB grou-5163,8,18816,6256.0
2021-01-01,2021,202101,на Писаревской,Rubok,RB gre-1678,8,35344,14000.0
2021-02-01,2021,202102,на Писаревской,Rubok,RB gre-1678,5,22865,8750.0
2021-03-01,2021,202103,на Писаревской,Rubok,RB gre-1678,4,18072,7000.0
2021-04-01,2021,202104,на Писаревской,Rubok,RB gre-1678,8,40848,14000.0
2021-05-01,2021,202105,на Писаревской,Rubok,RB gre-1678,10,55820,17500.0
2021-06-01,2021,202106,на Писаревской,Rubok,RB gre-1678,9,43101,15750.0
2021-07-01,2021,202107,на Писаревской,Rubok,RB gre-1678,10,32260,17500.0
2021-08-01,2021,202108,на Писаревской,Rubok,RB gre-1678,8,33744,14000.0
2021-09-01,2021,202109,на Писаревской,Rubok,RB gre-1678,9,34056,15750.0
2021-10-01,2021,202110,на Писаревской,Rubok,RB gre-1678,7,34783,12250.0
2021-11-01,2021,202111,на Писаревской,Rubok,RB gre-1678,5,23670,8750.0
2021-12-01,2021,202112,на Писаревской,Rubok,RB gre-1678,6,26550,10500.0
2022-01-01,2022,202201,на Писаревской,Rubok,RB gre-1678,9,45288,15750.0
2022-02-01,2022,202202,на Писаревской,Rubok,RB gre-1678,6,28974,10500.0
2022-03-01,2022,202203,на Писаревской,Rubok,RB gre-1678,5,18865,8750.0
2022-04-01,2022,202204,на Писаревской,Rubok,RB gre-1678,9,44172,15750.0
2022-05-01,2022,202205,на Писаревской,Rubok,RB gre-1678,11,65098,19250.0
2022-06-01,2022,202206,на Писаревской,Rubok,RB gre-1678,10,46360,17500.0
2022-07-01,2022,202207,на Писаревской,Rubok,RB gre-1678,11,37719,19250.0
2022-08-01,2022,202208,на Писаревской,Rubok,RB gre-1678,9,43866,15750.0
2022-09-01,2022,202209,на Писаревской,Rubok,RB gre-1678,10,43720,17500.0
2022-10-01,2022,202210,на Писаревской,Rubok,RB gre-1678,8,42872,14000.0
2022-11-01,2022,202211,на Писаревской,Rubok,RB gre-1678,6,28560,10500.0
2022-12-01,2022,202212,на Писаревской,Rubok,RB gre-1678,7,25480,12250.0
2021-01-01,2021,202101,на Писаревской,Rubok,RB earth-5369,8,45872,20160.0
2021-02-01,2021,202102,на Писаревской,Rubok,RB earth-5369,5,30690,12600.0
2021-03-01,2021,202103,на Писаревской,Rubok,RB earth-5369,4,18876,10080.0
2021-04-01,2021,202104,на Писаревской,Rubok,RB earth-5369,7,38640,17640.0
2021-05-01,2021,202105,на Писаревской,Rubok,RB earth-5369,9,53892,22680.0
2021-06-01,2021,202106,на Писаревской,Rubok,RB earth-5369,9,52605,22680.0
2021-07-01,2021,202107,на Писаревской,Rubok,RB earth-5369,9,32724,22680.0
2021-08-01,2021,202108,на Писаревской,Rubok,RB earth-5369,8,36552,20160.0
2021-09-01,2021,202109,на Писаревской,Rubok,RB earth-5369,8,42144,20160.0
2021-10-01,2021,202110,на Писаревской,Rubok,RB earth-5369,7,40586,17640.0
2021-11-01,2021,202111,на Писаревской,Rubok,RB earth-5369,5,25395,12600.0
2021-12-01,2021,202112,на Писаревской,Rubok,RB earth-5369,6,29214,15120.0
2022-01-01,2022,202201,на Писаревской,Rubok,RB earth-5369,8,42952,20160.0
2022-02-01,2022,202202,на Писаревской,Rubok,RB earth-5369,5,28810,12600.0
2022-03-01,2022,202203,на Писаревской,Rubok,RB earth-5369,4,20208,10080.0
2022-04-01,2022,202204,на Писаревской,Rubok,RB earth-5369,8,49832,20160.0
2022-05-01,2022,202205,на Писаревской,Rubok,RB earth-5369,10,61530,25200.0
2022-06-01,2022,202206,на Писаревской,Rubok,RB earth-5369,9,54558,22680.0
2022-07-01,2022,202207,на Писаревской,Rubok,RB earth-5369,10,40860,25200.0
2022-08-01,2022,202208,на Писаревской,Rubok,RB earth-5369,8,40552,20160.0
2022-09-01,2022,202209,на Писаревской,Rubok,RB earth-5369,9,46791,22680.0
2022-10-01,2022,202210,на Писаревской,Rubok,RB earth-5369,7,40747,17640.0
2022-11-01,2022,202211,на Писаревской,Rubok,RB earth-5369,5,25265,12600.0
2022-12-01,2022,202212,на Писаревской,Rubok,RB earth-5369,6,30978,15120.0
2021-01-01,2021,202101,на Писаревской,Rubok,RB ais-8935,10,30010,9240.0
2021-02-01,2021,202102,на Писаревской,Rubok,RB ais-8935,6,20574,5544.0
2021-03-01,2021,202103,на Писаревской,Rubok,RB ais-8935,5,14930,4620.0
2021-04-01,2021,202104,на Писаревской,Rubok,RB ais-8935,9,40221,8316.0
2021-05-01,2021,202105,на Писаревской,Rubok,RB ais-8935,11,44187,10164.0
2021-06-01,2021,202106,на Писаревской,Rubok,RB ais-8935,11,34793,10164.0
2021-07-01,2021,202107,на Писаревской,Rubok,RB ais-8935,11,14806,10164.0
2021-08-01,2021,202108,на Писаревской,Rubok,RB ais-8935,10,27280,9240.0
2021-09-01,2021,202109,на Писаревской,Rubok,RB ais-8935,10,27450,9240.0
2021-10-01,2021,202110,на Писаревской,Rubok,RB ais-8935,9,35379,8316.0
2021-11-01,2021,202111,на Писаревской,Rubok,RB ais-8935,6,23250,5544.0
2021-12-01,2021,202112,на Писаревской,Rubok,RB ais-8935,7,23660,6468.0
2022-01-01,2022,202201,на Писаревской,Rubok,RB ais-8935,11,32142,10164.0
2022-02-01,2022,202202,на Писаревской,Rubok,RB ais-8935,7,24619,6468.0
2022-03-01,2022,202203,на Писаревской,Rubok,RB ais-8935,6,14616,5544.0
2022-04-01,2022,202204,на Писаревской,Rubok,RB ais-8935,10,41620,9240.0
2022-05-01,2022,202205,на Писаревской,Rubok,RB ais-8935,13,56420,12012.0
2022-06-01,2022,202206,на Писаревской,Rubok,RB ais-8935,12,39444,11088.0
2022-07-01,2022,202207,на Писаревской,Rubok,RB ais-8935,13,26910,12012.0
2022-08-01,2022,202208,на Писаревской,Rubok,RB ais-8935,11,27632,10164.0
2022-09-01,2022,202209,на Писаревской,Rubok,RB ais-8935,11,29590,10164.0
2022-10-01,2022,202210,на Писаревской,Rubok,RB ais-8935,9,33003,8316.0
2022-11-01,2022,202211,на Писаревской,Rubok,RB ais-8935,7,22351,6468.0
2022-12-01,2022,202212,на Писаревской,Rubok,RB ais-8935,8,27752,7392.0
2021-01-01,2021,202101,на Писаревской,Rubok,RB ice-6256,8,27192,8736.0
2021-02-01,2021,202102,на Писаревской,Rubok,RB ice-6256,5,23510,5460.0
2021-03-01,2021,202103,на Писаревской,Rubok,RB ice-6256,4,15000,4368.0
2021-04-01,2021,202104,на Писаревской,Rubok,RB ice-6256,7,29862,7644.0
2021-05-01,2021,202105,на Писаревской,Rubok,RB ice-6256,9,36738,9828.0
2021-06-01,2021,202106,на Писаревской,Rubok,RB ice-6256,9,34506,9828.0
2021-07-01,2021,202107,на Писаревской,Rubok,RB ice-6256,9,22716,9828.0
2021-08-01,2021,202108,на Писаревской,Rubok,RB ice-6256,8,24744,8736.0
2021-09-01,2021,202109,на Писаревской,Rubok,RB ice-6256,8,30512,8736.0
2021-10-01,2021,202110,на Писаревской,Rubok,RB ice-6256,7,26306,7644.0
2021-11-01,2021,202111,на Писаревской,Rubok,RB ice-6256,5,16895,5460.0
2021-12-01,2021,202112,на Писаревской,Rubok,RB ice-6256,6,19704,6552.0
2022-01-01,2022,202201,на Писаревской,Rubok,RB ice-6256,9,38169,9828.0
2022-02-01,2022,202202,на Писаревской,Rubok,RB ice-6256,6,22026,6552.0
2022-03-01,2022,202203,на Писаревской,Rubok,RB ice-6256,5,15145,5460.0
2022-04-01,2022,202204,на Писаревской,Rubok,RB ice-6256,8,37712,8736.0
2022-05-01,2022,202205,на Писаревской,Rubok,RB ice-6256,10,42860,10920.0
2022-06-01,2022,202206,на Писаревской,Rubok,RB ice-6256,10,41500,10920.0
2022-07-01,2022,202207,на Писаревской,Rubok,RB ice-6256,10,27750,10920.0
2022-08-01,2022,202208,на Писаревской,Rubok,RB ice-6256,9,25299,9828.0
2022-09-01,2022,202209,на Писаревской,Rubok,RB ice-6256,9,27945,9828.0
2022-10-01,2022,202210,на Писаревской,Rubok,RB ice-6256,8,34816,8736.0
2022-11-01,2022,202211,на Писаревской,Rubok,RB ice-6256,6,21288,6552.0
2022-12-01,2022,202212,на Писаревской,Rubok,RB ice-6256,7,24248,7644.0
2021-01-01,2021,202101,на Писаревской,Rubok,RB ai-9349,10,28160,8740.0
2021-02-01,2021,202102,на Писаревской,Rubok,RB ai-9349,6,21462,5244.0
2021-03-01,2021,202103,на Писаревской,Rubok,RB ai-9349,5,11445,4370.0
2021-04-01,2021,202104,на Писаревской,Rubok,RB ai-9349,9,31707,7866.0
2021-05-01,2021,202105,на Писаревской,Rubok,RB ai-9349,12,48420,10488.0
2021-06-01,2021,202106,на Писаревской,Rubok,RB ai-9349,11,35893,9614.0
2021-07-01,2021,202107,на Писаревской,Rubok,RB ai-9349,12,16512,10488.0
2021-08-01,2021,202108,на Писаревской,Rubok,RB ai-9349,10,25000,8740.0
2021-09-01,2021,202109,на Писаревской,Rubok,RB ai-9349,11,34661,9614.0
2021-10-01,2021,202110,на Писаревской,Rubok,RB ai-9349,9,25209,7866.0
2021-11-01,2021,202111,на Писаревской,Rubok,RB ai-9349,6,16104,5244.0
2021-12-01,2021,202112,на Писаревской,Rubok,RB ai-9349,8,21280,6992.0
2022-01-01,2022,202201,на Писаревской,Rubok,RB ai-9349,11,29282,9614.0
2022-02-01,2022,202202,на Писаревской,Rubok,RB ai-9349,7,26082,6118.0
2022-03-01,2022,202203,на Писаревской,Rubok,RB ai-9349,6,15876,5244.0
2022-04-01,2022,202204,на Писаревской,Rubok,RB ai-9349,10,33060,8740.0
2022-05-01,2022,202205,на Писаревской,Rubok,RB ai-9349,13,49426,11362.0
2022-06-01,2022,202206,на Писаревской,Rubok,RB ai-9349,12,34068,10488.0
2022-07-01,2022,202207,на Писаревской,Rubok,RB ai-9349,13,16367,11362.0
2022-08-01,2022,202208,на Писаревской,Rubok,RB ai-9349,11,23243,9614.0
2022-09-01,2022,202209,на Писаревской,Rubok,RB ai-9349,12,30828,10488.0
2022-10-01,2022,202210,на Писаревской,Rubok,RB ai-9349,10,33720,8740.0
2022-11-01,2022,202211,на Писаревской,Rubok,RB ai-9349,7,18410,6118.0
2022-12-01,2022,202212,на Писаревской,Rubok,RB ai-9349,8,26024,6992.0
2021-01-01,2021,202101,Проездная,Galosha,KA air-9558,76,855532,456000.0
2021-02-01,2021,202102,Проездная,Galosha,KA air-9558,48,550080,288000.0
2021-03-01,2021,202103,Проездная,Galosha,KA air-9558,38,391438,228000.0
2021-04-01,2021,202104,Проездная,Galosha,KA air-9558,71,843835,426000.0
2021-05-01,2021,202105,Проездная,Galosha,KA air-9558,90,1046160,540000.0
2021-06-01,2021,202106,Проездная,Galosha,KA air-9558,85,959480,510000.0
2021-07-01,2021,202107,Проездная,Galosha,KA air-9558,90,914400,540000.0
2021-08-01,2021,202108,Проездная,Galosha,KA air-9558,76,864804,456000.0
2021-09-01,2021,202109,Проездная,Galosha,KA air-9558,81,852687,486000.0
2021-10-01,2021,202110,Проездная,Galosha,KA air-9558,67,734655,402000.0
2021-11-01,2021,202111,Проездная,Galosha,KA air-9558,48,533232,288000.0
2021-12-01,2021,202112,Проездная,Galosha,KA air-9558,57,609444,342000.0
2022-01-01,2022,202201,Проездная,Galosha,KA air-9558,84,917868,504000.0
2022-02-01,2022,202202,Проездная,Galosha,KA air-9558,52,621608,312000.0
2022-03-01,2022,202203,Проездная,Galosha,KA air-9558,42,456624,252000.0
2022-04-01,2022,202204,Проездная,Galosha,KA air-9558,78,911430,468000.0
2022-05-01,2022,202205,Проездная,Galosha,KA air-9558,99,1204731,594000.0
2022-06-01,2022,202206,Проездная,Galosha,KA air-9558,94,1029770,564000.0
2022-07-01,2022,202207,Проездная,Galosha,KA air-9558,99,946836,594000.0
2022-08-01,2022,202208,Проездная,Galosha,KA air-9558,84,858480,504000.0
2022-09-01,2022,202209,Проездная,Galosha,KA air-9558,89,962268,534000.0
2022-10-01,2022,202210,Проездная,Galosha,KA air-9558,73,847895,438000.0
2022-11-01,2022,202211,Проездная,Galosha,KA air-9558,52,567632,312000.0
2022-12-01,2022,202212,Проездная,Galosha,KA air-9558,63,682857,378000.0
2021-01-01,2021,202101,Проездная,Galosha,KA grou-7567,70,905520,495600.0
2021-02-01,2021,202102,Проездная,Galosha,KA grou-7567,44,588676,311520.0
2021-03-01,2021,202103,Проездная,Galosha,KA grou-7567,35,443520,247800.0
2021-04-01,2021,202104,Проездная,Galosha,KA grou-7567,65,882050,460200.0
2021-05-01,2021,202105,Проездная,Galosha,KA grou-7567,83,1142910,587640.0
2021-06-01,2021,202106,Проездная,Galosha,KA grou-7567,78,1048632,552240.0
2021-07-01,2021,202107,Проездная,Galosha,KA grou-7567,83,997743,587640.0
2021-08-01,2021,202108,Проездная,Galosha,KA grou-7567,70,874440,495600.0
2021-09-01,2021,202109,Проездная,Galosha,KA grou-7567,74,991156,523920.0
2021-10-01,2021,202110,Проездная,Galosha,KA grou-7567,61,821060,431880.0
2021-11-01,2021,202111,Проездная,Galosha,KA grou-7567,44,579084,311520.0
2021-12-01,2021,202112,Проездная,Galosha,KA grou-7567,52,664820,368160.0
2022-01-01,2022,202201,Проездная,Galosha,KA grou-7567,77,1038191,545160.0
2022-02-01,2022,202202,Проездная,Galosha,KA grou-7567,48,619200,339840.0
2022-03-01,2022,202203,Проездная,Galosha,KA grou-7567,39,511212,276120.0
2022-04-01,2022,202204,Проездная,Galosha,KA grou-7567,72,992376,509760.0
2022-05-01,2022,202205,Проездная,Galosha,KA grou-7567,91,1259804,644280.0
2022-06-01,2022,202206,Проездная,Galosha,KA grou-7567,86,1172696,608880.0
2022-07-01,2022,202207,Проездная,Galosha,KA grou-7567,91,1051414,644280.0
2022-08-01,2022,202208,Проездная,Galosha,KA grou-7567,77,1007699,545160.0
2022-09-01,2022,202209,Проездная,Galosha,KA grou-7567,81,1012581,573480.0
2022-10-01,2022,202210,Проездная,Galosha,KA grou-7567,67,883395,474360.0
2022-11-01,2022,202211,Проездная,Galosha,KA grou-7567,48,644976,339840.0
2022-12-01,2022,202212,Проездная,Galosha,KA grou-7567,58,748722,410640.0
2021-01-01,2021,202101,Проездная,Galosha,KA gre-2749,70,1831550,735000.0
2021-02-01,2021,202102,Проездная,Galosha,KA gre-2749,44,1150908,462000.0
2021-03-01,2021,202103,Проездная,Galosha,KA gre-2749,35,891940,367500.0
2021-04-01,2021,202104,Проездная,Galosha,KA gre-2749,65,1748305,682500.0
2021-05-01,2021,202105,Проездная,Galosha,KA gre-2749,83,2212282,871500.0
2021-06-01,2021,202106,Проездная,Galosha,KA gre-2749,78,2081352,819000.0
2021-07-01,2021,202107,Проездная,Galosha,KA gre-2749,83,2085375,871500.0
2021-08-01,2021,202108,Проездная,Galosha,KA gre-2749,70,1793400,735000.0
2021-09-01,2021,202109,Проездная,Galosha,KA gre-2749,74,1897878,777000.0
2021-10-01,2021,202110,Проездная,Galosha,KA gre-2749,61,1632909,640500.0
2021-11-01,2021,202111,Проездная,Galosha,KA gre-2749,44,1158256,462000.0
2021-12-01,2021,202112,Проездная,Galosha,KA gre-2749,52,1339104,546000.0
2022-01-01,2022,202201,Проездная,Galosha,KA gre-2749,77,2017323,808500.0
2022-02-01,2022,202202,Проездная,Galosha,KA gre-2749,48,1244976,504000.0
2022-03-01,2022,202203,Проездная,Galosha,KA gre-2749,39,1021176,409500.0
2022-04-01,2022,202204,Проездная,Galosha,KA gre-2749,72,1923624,756000.0
2022-05-01,2022,202205,Проездная,Galosha,KA gre-2749,91,2507323,955500.0
2022-06-01,2022,202206,Проездная,Galosha,KA gre-2749,86,2250362,903000.0
2022-07-01,2022,202207,Проездная,Galosha,KA gre-2749,91,2302391,955500.0
2022-08-01,2022,202208,Проездная,Galosha,KA gre-2749,77,1979978,808500.0
2022-09-01,2022,202209,Проездная,Galosha,KA gre-2749,81,2054646,850500.0
2022-10-01,2022,202210,Проездная,Galosha,KA gre-2749,67,1765919,703500.0
2022-11-01,2022,202211,Проездная,Galosha,KA gre-2749,48,1264848,504000.0
2022-12-01,2022,202212,Проездная,Galosha,KA gre-2749,58,1519948,609000.0
2021-01-01,2021,202101,Проездная,Galosha,KA earth-3018,75,1417575,561000.0
2021-02-01,2021,202102,Проездная,Galosha,KA earth-3018,47,872743,351560.0
2021-03-01,2021,202103,Проездная,Galosha,KA earth-3018,38,696274,284240.0
2021-04-01,2021,202104,Проездная,Galosha,KA earth-3018,71,1348503,531080.0
2021-05-01,2021,202105,Проездная,Galosha,KA earth-3018,89,1709779,665720.0
2021-06-01,2021,202106,Проездная,Galosha,KA earth-3018,85,1560515,635800.0
2021-07-01,2021,202107,Проездная,Galosha,KA earth-3018,89,1447941,665720.0
2021-08-01,2021,202108,Проездная,Galosha,KA earth-3018,75,1355250,561000.0
2021-09-01,2021,202109,Проездная,Galosha,KA earth-3018,80,1421280,598400.0
2021-10-01,2021,202110,Проездная,Galosha,KA earth-3018,66,1240338,493680.0
2021-11-01,2021,202111,Проездная,Galosha,KA earth-3018,47,874106,351560.0
2021-12-01,2021,202112,Проездная,Galosha,KA earth-3018,57,1022979,426360.0
2022-01-01,2022,202201,Проездная,Galosha,KA earth-3018,83,1497237,620840.0
2022-02-01,2022,202202,Проездная,Galosha,KA earth-3018,52,950300,388960.0
2022-03-01,2022,202203,Проездная,Galosha,KA earth-3018,42,742770,314160.0
2022-04-01,2022,202204,Проездная,Galosha,KA earth-3018,78,1410552,583440.0
2022-05-01,2022,202205,Проездная,Galosha,KA earth-3018,98,1822702,733040.0
2022-06-01,2022,202206,Проездная,Galosha,KA earth-3018,93,1736310,695640.0
2022-07-01,2022,202207,Проездная,Galosha,KA earth-3018,98,1696674,733040.0
2022-08-01,2022,202208,Проездная,Galosha,KA earth-3018,83,1478728,620840.0
2022-09-01,2022,202209,Проездная,Galosha,KA earth-3018,88,1552848,658240.0
2022-10-01,2022,202210,Проездная,Galosha,KA earth-3018,73,1387292,546040.0
2022-11-01,2022,202211,Проездная,Galosha,KA earth-3018,52,978380,388960.0
2022-12-01,2022,202212,Проездная,Galosha,KA earth-3018,62,1081590,463760.0
2021-01-01,2021,202101,Проездная,Galosha,KA ais-3700,59,1876259,991200.0
2021-02-01,2021,202102,Проездная,Galosha,KA ais-3700,37,1174380,621600.0
2021-03-01,2021,202103,Проездная,Galosha,KA ais-3700,30,922680,504000.0
2021-04-01,2021,202104,Проездная,Galosha,KA ais-3700,55,1755930,924000.0
2021-05-01,2021,202105,Проездная,Galosha,KA ais-3700,70,2205770,1176000.0
2021-06-01,2021,202106,Проездная,Galosha,KA ais-3700,66,2093124,1108800.0
2021-07-01,2021,202107,Проездная,Galosha,KA ais-3700,70,2092440,1176000.0
2021-08-01,2021,202108,Проездная,Galosha,KA ais-3700,59,1820209,991200.0
2021-09-01,2021,202109,Проездная,Galosha,KA ais-3700,62,1900176,1041600.0
2021-10-01,2021,202110,Проездная,Galosha,KA ais-3700,51,1608438,856800.0
2021-11-01,2021,202111,Проездная,Galosha,KA ais-3700,37,1165241,621600.0
2021-12-01,2021,202112,Проездная,Galosha,KA ais-3700,44,1373944,739200.0
2022-01-01,2022,202201,Проездная,Galosha,KA ais-3700,65,2027220,1092000.0
2022-02-01,2022,202202,Проездная,Galosha,KA ais-3700,41,1304128,688800.0
2022-03-01,2022,202203,Проездная,Galosha,KA ais-3700,33,1001649,554400.0
2022-04-01,2022,202204,Проездная,Galosha,KA ais-3700,61,1947425,1024800.0
2022-05-01,2022,202205,Проездная,Galosha,KA ais-3700,77,2428503,1293600.0
2022-06-01,2022,202206,Проездная,Galosha,KA ais-3700,73,2295850,1226400.0
2022-07-01,2022,202207,Проездная,Galosha,KA ais-3700,77,2268035,1293600.0
2022-08-01,2022,202208,Проездная,Galosha,KA ais-3700,65,1952470,1092000.0
2022-09-01,2022,202209,Проездная,Galosha,KA ais-3700,69,2157561,1159200.0
2022-10-01,2022,202210,Проездная,Galosha,KA ais-3700,57,1758108,957600.0
2022-11-01,2022,202211,Проездная,Galosha,KA ais-3700,41,1283177,688800.0
2022-12-01,2022,202212,Проездная,Galosha,KA ais-3700,49,1495823,823200.0
2021-01-01,2021,202101,Проездная,Galosha,KA ice-7591,56,932736,344400.0
2021-02-01,2021,202102,Проездная,Galosha,KA ice-7591,35,571830,215250.0
2021-03-01,2021,202103,Проездная,Galosha,KA ice-7591,28,423864,172200.0
2021-04-01,2021,202104,Проездная,Galosha,KA ice-7591,53,861939,325950.0
2021-05-01,2021,202105,Проездная,Galosha,KA ice-7591,67,1108716,412050.0
2021-06-01,2021,202106,Проездная,Galosha,KA ice-7591,63,1037673,387450.0
2021-07-01,2021,202107,Проездная,Galosha,KA ice-7591,67,1002789,412050.0
2021-08-01,2021,202108,Проездная,Galosha,KA ice-7591,56,883288,344400.0
2021-09-01,2021,202109,Проездная,Galosha,KA ice-7591,60,943980,369000.0
2021-10-01,2021,202110,Проездная,Galosha,KA ice-7591,49,801101,301350.0
2021-11-01,2021,202111,Проездная,Galosha,KA ice-7591,35,560805,215250.0
2021-12-01,2021,202112,Проездная,Galosha,KA ice-7591,42,678342,258300.0
2022-01-01,2022,202201,Проездная,Galosha,KA ice-7591,62,1013204,381300.0
2022-02-01,2022,202202,Проездная,Galosha,KA ice-7591,39,648531,239850.0
2022-03-01,2022,202203,Проездная,Galosha,KA ice-7591,31,489676,190650.0
2022-04-01,2022,202204,Проездная,Galosha,KA ice-7591,58,974864,356700.0
2022-05-01,2022,202205,Проездная,Galosha,KA ice-7591,73,1243993,448950.0
2022-06-01,2022,202206,Проездная,Galosha,KA ice-7591,69,1100205,424350.0
2022-07-01,2022,202207,Проездная,Galosha,KA ice-7591,73,1056894,448950.0
2022-08-01,2022,202208,Проездная,Galosha,KA ice-7591,62,978918,381300.0
2022-09-01,2022,202209,Проездная,Galosha,KA ice-7591,66,1041480,405900.0
2022-10-01,2022,202210,Проездная,Galosha,KA ice-7591,54,907092,332100.0
2022-11-01,2022,202211,Проездная,Galosha,KA ice-7591,39,625989,239850.0
2022-12-01,2022,202212,Проездная,Galosha,KA ice-7591,46,739864,282900.0
2021-01-01,2021,202101,Проездная,Galosha,KA ai-2818,73,869138,321200.0
2021-02-01,2021,202102,Проездная,Galosha,KA ai-2818,46,558486,202400.0
2021-03-01,2021,202103,Проездная,Galosha,KA ai-2818,37,446664,162800.0
2021-04-01,2021,202104,Проездная,Galosha,KA ai-2818,69,900174,303600.0
2021-05-01,2021,202105,Проездная,Galosha,KA ai-2818,87,1150749,382800.0
2021-06-01,2021,202106,Проездная,Galosha,KA ai-2818,83,1021398,365200.0
2021-07-01,2021,202107,Проездная,Galosha,KA ai-2818,87,975531,382800.0
2021-08-01,2021,202108,Проездная,Galosha,KA ai-2818,73,852494,321200.0
2021-09-01,2021,202109,Проездная,Galosha,KA ai-2818,78,904644,343200.0
2021-10-01,2021,202110,Проездная,Galosha,KA ai-2818,64,803072,281600.0
2021-11-01,2021,202111,Проездная,Galosha,KA ai-2818,46,578818,202400.0
2021-12-01,2021,202112,Проездная,Galosha,KA ai-2818,55,630080,242000.0
2022-01-01,2022,202201,Проездная,Galosha,KA ai-2818,81,987471,356400.0
2022-02-01,2022,202202,Проездная,Galosha,KA ai-2818,51,660093,224400.0
2022-03-01,2022,202203,Проездная,Galosha,KA ai-2818,41,498437,180400.0
2022-04-01,2022,202204,Проездная,Galosha,KA ai-2818,76,983440,334400.0
2022-05-01,2022,202205,Проездная,Galosha,KA ai-2818,96,1289280,422400.0
2022-06-01,2022,202206,Проездная,Galosha,KA ai-2818,91,1136317,400400.0
2022-07-01,2022,202207,Проездная,Galosha,KA ai-2818,96,1017888,422400.0
2022-08-01,2022,202208,Проездная,Galosha,KA ai-2818,81,964305,356400.0
2022-09-01,2022,202209,Проездная,Galosha,KA ai-2818,86,994934,378400.0
2022-10-01,2022,202210,Проездная,Galosha,KA ai-2818,71,902907,312400.0
2022-11-01,2022,202211,Проездная,Galosha,KA ai-2818,51,625158,224400.0
2022-12-01,2022,202212,Проездная,Galosha,KA ai-2818,61,700646,268400.0
2021-01-01,2021,202101,Проездная,Babidas,BA air-5353,37,192437,67081.0
2021-02-01,2021,202102,Проездная,Babidas,BA air-5353,23,113183,41699.0
2021-03-01,2021,202103,Проездная,Babidas,BA air-5353,19,80921,34447.0
2021-04-01,2021,202104,Проездная,Babidas,BA air-5353,35,199325,63455.0
2021-05-01,2021,202105,Проездная,Babidas,BA air-5353,44,244596,79772.0
2021-06-01,2021,202106,Проездная,Babidas,BA air-5353,42,205422,76146.0
2021-07-01,2021,202107,Проездная,Babidas,BA air-5353,44,180444,79772.0
2021-08-01,2021,202108,Проездная,Babidas,BA air-5353,37,171754,67081.0
2021-09-01,2021,202109,Проездная,Babidas,BA air-5353,40,196360,72520.0
2021-10-01,2021,202110,Проездная,Babidas,BA air-5353,33,169818,59829.0
2021-11-01,2021,202111,Проездная,Babidas,BA air-5353,23,117507,41699.0
2021-12-01,2021,202112,Проездная,Babidas,BA air-5353,28,130200,50764.0
2022-01-01,2022,202201,Проездная,Babidas,BA air-5353,41,217505,74333.0
2022-02-01,2022,202202,Проездная,Babidas,BA air-5353,26,139724,47138.0
2022-03-01,2022,202203,Проездная,Babidas,BA air-5353,21,96054,38073.0
2022-04-01,2022,202204,Проездная,Babidas,BA air-5353,38,215004,68894.0
2022-05-01,2022,202205,Проездная,Babidas,BA air-5353,49,271117,88837.0
2022-06-01,2022,202206,Проездная,Babidas,BA air-5353,46,221122,83398.0
2022-07-01,2022,202207,Проездная,Babidas,BA air-5353,49,163905,88837.0
2022-08-01,2022,202208,Проездная,Babidas,BA air-5353,41,176997,74333.0
2022-09-01,2022,202209,Проездная,Babidas,BA air-5353,44,196900,79772.0
2022-10-01,2022,202210,Проездная,Babidas,BA air-5353,36,195948,65268.0
2022-11-01,2022,202211,Проездная,Babidas,BA air-5353,26,123656,47138.0
2022-12-01,2022,202212,Проездная,Babidas,BA air-5353,31,128929,56203.0
2021-01-01,2021,202101,Проездная,Babidas,BA grou-9248,29,112926,33350.0
2021-02-01,2021,202102,Проездная,Babidas,BA grou-9248,18,72936,20700.0
2021-03-01,2021,202103,Проездная,Babidas,BA grou-9248,15,41175,17250.0
2021-04-01,2021,202104,Проездная,Babidas,BA grou-9248,27,108027,31050.0
2021-05-01,2021,202105,Проездная,Babidas,BA grou-9248,35,163765,40250.0
2021-06-01,2021,202106,Проездная,Babidas,BA grou-9248,33,128832,37950.0
2021-07-01,2021,202107,Проездная,Babidas,BA grou-9248,35,70525,40250.0
2021-08-01,2021,202108,Проездная,Babidas,BA grou-9248,29,90248,33350.0
2021-09-01,2021,202109,Проездная,Babidas,BA grou-9248,31,125705,35650.0
2021-10-01,2021,202110,Проездная,Babidas,BA grou-9248,26,120276,29900.0
2021-11-01,2021,202111,Проездная,Babidas,BA grou-9248,18,73548,20700.0
2021-12-01,2021,202112,Проездная,Babidas,BA grou-9248,22,80806,25300.0
2022-01-01,2022,202201,Проездная,Babidas,BA grou-9248,32,112640,36800.0
2022-02-01,2022,202202,Проездная,Babidas,BA grou-9248,20,70100,23000.0
2022-03-01,2022,202203,Проездная,Babidas,BA grou-9248,16,55264,18400.0
2022-04-01,2022,202204,Проездная,Babidas,BA grou-9248,30,120270,34500.0
2022-05-01,2022,202205,Проездная,Babidas,BA grou-9248,38,167998,43700.0
2022-06-01,2022,202206,Проездная,Babidas,BA grou-9248,36,134640,41400.0
2022-07-01,2022,202207,Проездная,Babidas,BA grou-9248,38,106552,43700.0
2022-08-01,2022,202208,Проездная,Babidas,BA grou-9248,32,106464,36800.0
2022-09-01,2022,202209,Проездная,Babidas,BA grou-9248,34,117436,39100.0
2022-10-01,2022,202210,Проездная,Babidas,BA grou-9248,28,114296,32200.0
2022-11-01,2022,202211,Проездная,Babidas,BA grou-9248,20,69880,23000.0
2022-12-01,2022,202212,Проездная,Babidas,BA grou-9248,24,70872,27600.0
2021-01-01,2021,202101,Проездная,Babidas,BA gre-3658,38,175256,50692.0
2021-02-01,2021,202102,Проездная,Babidas,BA gre-3658,24,97848,32016.0
2021-03-01,2021,202103,Проездная,Babidas,BA gre-3658,19,71041,25346.0
2021-04-01,2021,202104,Проездная,Babidas,BA gre-3658,35,169680,46690.0
2021-05-01,2021,202105,Проездная,Babidas,BA gre-3658,45,234855,60030.0
2021-06-01,2021,202106,Проездная,Babidas,BA gre-3658,42,155652,56028.0
2021-07-01,2021,202107,Проездная,Babidas,BA gre-3658,45,102375,60030.0
2021-08-01,2021,202108,Проездная,Babidas,BA gre-3658,38,138206,50692.0
2021-09-01,2021,202109,Проездная,Babidas,BA gre-3658,40,167320,53360.0
2021-10-01,2021,202110,Проездная,Babidas,BA gre-3658,33,138831,44022.0
2021-11-01,2021,202111,Проездная,Babidas,BA gre-3658,24,94896,32016.0
2021-12-01,2021,202112,Проездная,Babidas,BA gre-3658,28,118132,37352.0
2022-01-01,2022,202201,Проездная,Babidas,BA gre-3658,41,187903,54694.0
2022-02-01,2022,202202,Проездная,Babidas,BA gre-3658,26,117702,34684.0
2022-03-01,2022,202203,Проездная,Babidas,BA gre-3658,21,74466,28014.0
2022-04-01,2022,202204,Проездная,Babidas,BA gre-3658,39,186264,52026.0
2022-05-01,2022,202205,Проездная,Babidas,BA gre-3658,49,215453,65366.0
2022-06-01,2022,202206,Проездная,Babidas,BA gre-3658,46,203274,61364.0
2022-07-01,2022,202207,Проездная,Babidas,BA gre-3658,49,121177,65366.0
2022-08-01,2022,202208,Проездная,Babidas,BA gre-3658,41,159695,54694.0
2022-09-01,2022,202209,Проездная,Babidas,BA gre-3658,44,171160,58696.0
2022-10-01,2022,202210,Проездная,Babidas,BA gre-3658,36,159372,48024.0
2022-11-01,2022,202211,Проездная,Babidas,BA gre-3658,26,115674,34684.0
2022-12-01,2022,202212,Проездная,Babidas,BA gre-3658,31,100409,41354.0
2021-01-01,2021,202101,Проездная,Babidas,BA earth-3530,31,156736,62496.0
2021-02-01,2021,202102,Проездная,Babidas,BA earth-3530,20,124900,40320.0
2021-03-01,2021,202103,Проездная,Babidas,BA earth-3530,16,77776,32256.0
2021-04-01,2021,202104,Проездная,Babidas,BA earth-3530,29,181888,58464.0
2021-05-01,2021,202105,Проездная,Babidas,BA earth-3530,37,210308,74592.0
2021-06-01,2021,202106,Проездная,Babidas,BA earth-3530,35,215250,70560.0
2021-07-01,2021,202107,Проездная,Babidas,BA earth-3530,37,147223,74592.0
2021-08-01,2021,202108,Проездная,Babidas,BA earth-3530,31,150598,62496.0
2021-09-01,2021,202109,Проездная,Babidas,BA earth-3530,33,154902,66528.0
2021-10-01,2021,202110,Проездная,Babidas,BA earth-3530,27,146988,54432.0
2021-11-01,2021,202111,Проездная,Babidas,BA earth-3530,20,115240,40320.0
2021-12-01,2021,202112,Проездная,Babidas,BA earth-3530,24,118320,48384.0
2022-01-01,2022,202201,Проездная,Babidas,BA earth-3530,34,172312,68544.0
2022-02-01,2022,202202,Проездная,Babidas,BA earth-3530,22,125664,44352.0
2022-03-01,2022,202203,Проездная,Babidas,BA earth-3530,17,74613,34272.0
2022-04-01,2022,202204,Проездная,Babidas,BA earth-3530,32,193568,64512.0
2022-05-01,2022,202205,Проездная,Babidas,BA earth-3530,41,262892,82656.0
2022-06-01,2022,202206,Проездная,Babidas,BA earth-3530,39,228774,78624.0
2022-07-01,2022,202207,Проездная,Babidas,BA earth-3530,41,154324,82656.0
2022-08-01,2022,202208,Проездная,Babidas,BA earth-3530,34,180268,68544.0
2022-09-01,2022,202209,Проездная,Babidas,BA earth-3530,36,163584,72576.0
2022-10-01,2022,202210,Проездная,Babidas,BA earth-3530,30,186180,60480.0
2022-11-01,2022,202211,Проездная,Babidas,BA earth-3530,22,124564,44352.0
2022-12-01,2022,202212,Проездная,Babidas,BA earth-3530,26,112060,52416.0
2021-01-01,2021,202101,Проездная,Babidas,BA ais-1740,28,76160,26180.000000000004
2021-02-01,2021,202102,Проездная,Babidas,BA ais-1740,18,60030,16830.000000000004
2021-03-01,2021,202103,Проездная,Babidas,BA ais-1740,14,35014,13090.000000000002
2021-04-01,2021,202104,Проездная,Babidas,BA ais-1740,27,83997,25245.000000000004
2021-05-01,2021,202105,Проездная,Babidas,BA ais-1740,34,115158,31790.000000000004
2021-06-01,2021,202106,Проездная,Babidas,BA ais-1740,32,104544,29920.000000000004
2021-07-01,2021,202107,Проездная,Babidas,BA ais-1740,34,60962,31790.000000000004
2021-08-01,2021,202108,Проездная,Babidas,BA ais-1740,28,63784,26180.000000000004
2021-09-01,2021,202109,Проездная,Babidas,BA ais-1740,30,92190,28050.000000000004
2021-10-01,2021,202110,Проездная,Babidas,BA ais-1740,25,78425,23375.000000000004
2021-11-01,2021,202111,Проездная,Babidas,BA ais-1740,18,45180,16830.000000000004
2021-12-01,2021,202112,Проездная,Babidas,BA ais-1740,21,51618,19635.000000000004
2022-01-01,2022,202201,Проездная,Babidas,BA ais-1740,31,93620,28985.000000000004
2022-02-01,2022,202202,Проездная,Babidas,BA ais-1740,20,66760,18700.000000000004
2022-03-01,2022,202203,Проездная,Babidas,BA ais-1740,16,45536,14960.000000000002
2022-04-01,2022,202204,Проездная,Babidas,BA ais-1740,29,95352,27115.000000000004
2022-05-01,2022,202205,Проездная,Babidas,BA ais-1740,37,129241,34595.00000000001
2022-06-01,2022,202206,Проездная,Babidas,BA ais-1740,35,95760,32725.000000000004
2022-07-01,2022,202207,Проездная,Babidas,BA ais-1740,37,66600,34595.00000000001
2022-08-01,2022,202208,Проездная,Babidas,BA ais-1740,31,80848,28985.000000000004
2022-09-01,2022,202209,Проездная,Babidas,BA ais-1740,33,84975,30855.000000000004
2022-10-01,2022,202210,Проездная,Babidas,BA ais-1740,27,81270,25245.000000000004
2022-11-01,2022,202211,Проездная,Babidas,BA ais-1740,20,53440,18700.000000000004
2022-12-01,2022,202212,Проездная,Babidas,BA ais-1740,23,56626,21505.000000000004
2021-01-01,2021,202101,Проездная,Babidas,BA ice-4231,35,182595,69160.0
2021-02-01,2021,202102,Проездная,Babidas,BA ice-4231,22,109934,43472.0
2021-03-01,2021,202103,Проездная,Babidas,BA ice-4231,18,88200,35568.0
2021-04-01,2021,202104,Проездная,Babidas,BA ice-4231,33,192258,65208.0
2021-05-01,2021,202105,Проездная,Babidas,BA ice-4231,41,229641,81016.0
2021-06-01,2021,202106,Проездная,Babidas,BA ice-4231,39,204477,77064.0
2021-07-01,2021,202107,Проездная,Babidas,BA ice-4231,41,163221,81016.0
2021-08-01,2021,202108,Проездная,Babidas,BA ice-4231,35,161490,69160.0
2021-09-01,2021,202109,Проездная,Babidas,BA ice-4231,37,185518,73112.0
2021-10-01,2021,202110,Проездная,Babidas,BA ice-4231,30,152640,59280.0
2021-11-01,2021,202111,Проездная,Babidas,BA ice-4231,22,116534,43472.0
2021-12-01,2021,202112,Проездная,Babidas,BA ice-4231,26,108992,51376.0
2022-01-01,2022,202201,Проездная,Babidas,BA ice-4231,38,206188,75088.0
2022-02-01,2022,202202,Проездная,Babidas,BA ice-4231,24,123792,47424.0
2022-03-01,2022,202203,Проездная,Babidas,BA ice-4231,19,77843,37544.0
2022-04-01,2022,202204,Проездная,Babidas,BA ice-4231,36,208044,71136.0
2022-05-01,2022,202205,Проездная,Babidas,BA ice-4231,45,268830,88920.0
2022-06-01,2022,202206,Проездная,Babidas,BA ice-4231,43,243595,84968.0
2022-07-01,2022,202207,Проездная,Babidas,BA ice-4231,45,171540,88920.0
2022-08-01,2022,202208,Проездная,Babidas,BA ice-4231,38,168378,75088.0
2022-09-01,2022,202209,Проездная,Babidas,BA ice-4231,41,168592,81016.0
2022-10-01,2022,202210,Проездная,Babidas,BA ice-4231,33,168564,65208.0
2022-11-01,2022,202211,Проездная,Babidas,BA ice-4231,24,122112,47424.0
2022-12-01,2022,202212,Проездная,Babidas,BA ice-4231,29,133313,57304.0
2021-01-01,2021,202101,Проездная,Babidas,BA ai-2960,31,163618,55800.0
2021-02-01,2021,202102,Проездная,Babidas,BA ai-2960,20,119520,36000.0
2021-03-01,2021,202103,Проездная,Babidas,BA ai-2960,16,82560,28800.0
2021-04-01,2021,202104,Проездная,Babidas,BA ai-2960,29,171042,52200.0
2021-05-01,2021,202105,Проездная,Babidas,BA ai-2960,37,245939,66600.0
2021-06-01,2021,202106,Проездная,Babidas,BA ai-2960,35,225400,63000.0
2021-07-01,2021,202107,Проездная,Babidas,BA ai-2960,37,142154,66600.0
2021-08-01,2021,202108,Проездная,Babidas,BA ai-2960,31,148397,55800.0
2021-09-01,2021,202109,Проездная,Babidas,BA ai-2960,33,180543,59400.0
2021-10-01,2021,202110,Проездная,Babidas,BA ai-2960,27,150012,48600.0
2021-11-01,2021,202111,Проездная,Babidas,BA ai-2960,20,128920,36000.0
2021-12-01,2021,202112,Проездная,Babidas,BA ai-2960,24,110400,43200.0
2022-01-01,2022,202201,Проездная,Babidas,BA ai-2960,34,182376,61200.0
2022-02-01,2022,202202,Проездная,Babidas,BA ai-2960,22,133210,39600.0
2022-03-01,2022,202203,Проездная,Babidas,BA ai-2960,17,85595,30600.0
2022-04-01,2022,202204,Проездная,Babidas,BA ai-2960,32,208256,57600.0
2022-05-01,2022,202205,Проездная,Babidas,BA ai-2960,41,250674,73800.0
2022-06-01,2022,202206,Проездная,Babidas,BA ai-2960,39,224835,70200.0
2022-07-01,2022,202207,Проездная,Babidas,BA ai-2960,41,164410,73800.0
2022-08-01,2022,202208,Проездная,Babidas,BA ai-2960,34,186082,61200.0
2022-09-01,2022,202209,Проездная,Babidas,BA ai-2960,36,192924,64800.0
2022-10-01,2022,202210,Проездная,Babidas,BA ai-2960,30,178200,54000.0
2022-11-01,2022,202211,Проездная,Babidas,BA ai-2960,22,134882,39600.0
2022-12-01,2022,202212,Проездная,Babidas,BA ai-2960,26,144274,46800.0
2021-01-01,2021,202101,Проездная,Asic,AS air-7520,21,762993,433650.0
2021-02-01,2021,202102,Проездная,Asic,AS air-7520,13,471016,268450.0
2021-03-01,2021,202103,Проездная,Asic,AS air-7520,11,388091,227150.0
2021-04-01,2021,202104,Проездная,Asic,AS air-7520,20,743760,413000.0
2021-05-01,2021,202105,Проездная,Asic,AS air-7520,25,923025,516250.0
2021-06-01,2021,202106,Проездная,Asic,AS air-7520,24,866760,495600.0
2021-07-01,2021,202107,Проездная,Asic,AS air-7520,25,871675,516250.0
2021-08-01,2021,202108,Проездная,Asic,AS air-7520,21,747705,433650.0
2021-09-01,2021,202109,Проездная,Asic,AS air-7520,22,788766,454300.0
2021-10-01,2021,202110,Проездная,Asic,AS air-7520,18,652572,371700.0
2021-11-01,2021,202111,Проездная,Asic,AS air-7520,13,474097,268450.0
2021-12-01,2021,202112,Проездная,Asic,AS air-7520,16,575424,330400.0
2022-01-01,2022,202201,Проездная,Asic,AS air-7520,23,826505,474950.0
2022-02-01,2022,202202,Проездная,Asic,AS air-7520,15,545760,309750.0
2022-03-01,2022,202203,Проездная,Asic,AS air-7520,12,426204,247800.0
2022-04-01,2022,202204,Проездная,Asic,AS air-7520,22,800932,454300.0
2022-05-01,2022,202205,Проездная,Asic,AS air-7520,27,1000836,557550.0
2022-06-01,2022,202206,Проездная,Asic,AS air-7520,26,962156,536900.0
2022-07-01,2022,202207,Проездная,Asic,AS air-7520,27,932877,557550.0
2022-08-01,2022,202208,Проездная,Asic,AS air-7520,23,826436,474950.0
2022-09-01,2022,202209,Проездная,Asic,AS air-7520,25,904450,516250.0
2022-10-01,2022,202210,Проездная,Asic,AS air-7520,20,729400,413000.0
2022-11-01,2022,202211,Проездная,Asic,AS air-7520,15,538380,309750.0
2022-12-01,2022,202212,Проездная,Asic,AS air-7520,17,597193,351050.0
2021-01-01,2021,202101,Проездная,Asic,AS grou-3318,17,566253,266560.0
2021-02-01,2021,202102,Проездная,Asic,AS grou-3318,11,365948,172480.0
2021-03-01,2021,202103,Проездная,Asic,AS grou-3318,9,292941,141120.0
2021-04-01,2021,202104,Проездная,Asic,AS grou-3318,16,538288,250880.0
2021-05-01,2021,202105,Проездная,Asic,AS grou-3318,20,673780,313600.0
2021-06-01,2021,202106,Проездная,Asic,AS grou-3318,19,629147,297920.0
2021-07-01,2021,202107,Проездная,Asic,AS grou-3318,20,630420,313600.0
2021-08-01,2021,202108,Проездная,Asic,AS grou-3318,17,545649,266560.0
2021-09-01,2021,202109,Проездная,Asic,AS grou-3318,18,597312,282240.0
2021-10-01,2021,202110,Проездная,Asic,AS grou-3318,15,499980,235200.0
2021-11-01,2021,202111,Проездная,Asic,AS grou-3318,11,368302,172480.0
2021-12-01,2021,202112,Проездная,Asic,AS grou-3318,13,430274,203840.0
2022-01-01,2022,202201,Проездная,Asic,AS grou-3318,19,621338,297920.0
2022-02-01,2022,202202,Проездная,Asic,AS grou-3318,12,393204,188160.0
2022-03-01,2022,202203,Проездная,Asic,AS grou-3318,10,333400,156800.0
2022-04-01,2022,202204,Проездная,Asic,AS grou-3318,18,607932,282240.0
2022-05-01,2022,202205,Проездная,Asic,AS grou-3318,22,743402,344960.0
2022-06-01,2022,202206,Проездная,Asic,AS grou-3318,21,708456,329280.0
2022-07-01,2022,202207,Проездная,Asic,AS grou-3318,22,699028,344960.0
2022-08-01,2022,202208,Проездная,Asic,AS grou-3318,19,619552,297920.0
2022-09-01,2022,202209,Проездная,Asic,AS grou-3318,20,662040,313600.0
2022-10-01,2022,202210,Проездная,Asic,AS grou-3318,16,539072,250880.0
2022-11-01,2022,202211,Проездная,Asic,AS grou-3318,12,403752,188160.0
2022-12-01,2022,202212,Проездная,Asic,AS grou-3318,14,451318,219520.0
2021-01-01,2021,202101,Проездная,Asic,AS gre-2748,19,818311,343140.0
2021-02-01,2021,202102,Проездная,Asic,AS gre-2748,12,522600,216720.0
2021-03-01,2021,202103,Проездная,Asic,AS gre-2748,10,427770,180600.0
2021-04-01,2021,202104,Проездная,Asic,AS gre-2748,18,778428,325080.0
2021-05-01,2021,202105,Проездная,Asic,AS gre-2748,22,981200,397320.0
2021-06-01,2021,202106,Проездная,Asic,AS gre-2748,21,903861,379260.0
2021-07-01,2021,202107,Проездная,Asic,AS gre-2748,22,915200,397320.0
2021-08-01,2021,202108,Проездная,Asic,AS gre-2748,19,816145,343140.0
2021-09-01,2021,202109,Проездная,Asic,AS gre-2748,20,852620,361200.0
2021-10-01,2021,202110,Проездная,Asic,AS gre-2748,17,736644,307020.0
2021-11-01,2021,202111,Проездная,Asic,AS gre-2748,12,520404,216720.0
2021-12-01,2021,202112,Проездная,Asic,AS gre-2748,14,595168,252840.0
2022-01-01,2022,202201,Проездная,Asic,AS gre-2748,21,910014,379260.0
2022-02-01,2022,202202,Проездная,Asic,AS gre-2748,13,571155,234780.0
2022-03-01,2022,202203,Проездная,Asic,AS gre-2748,11,470217,198660.0
2022-04-01,2022,202204,Проездная,Asic,AS gre-2748,20,871400,361200.0
2022-05-01,2022,202205,Проездная,Asic,AS gre-2748,25,1097250,451500.0
2022-06-01,2022,202206,Проездная,Asic,AS gre-2748,23,1009585,415380.0
2022-07-01,2022,202207,Проездная,Asic,AS gre-2748,25,1043550,451500.0
2022-08-01,2022,202208,Проездная,Asic,AS gre-2748,21,906738,379260.0
2022-09-01,2022,202209,Проездная,Asic,AS gre-2748,22,948904,397320.0
2022-10-01,2022,202210,Проездная,Asic,AS gre-2748,18,788868,325080.0
2022-11-01,2022,202211,Проездная,Asic,AS gre-2748,13,561821,234780.0
2022-12-01,2022,202212,Проездная,Asic,AS gre-2748,16,681840,288960.0
2021-01-01,2021,202101,Проездная,Asic,AS earth-9544,17,500956,190400.0
2021-02-01,2021,202102,Проездная,Asic,AS earth-9544,11,318681,123200.0
2021-03-01,2021,202103,Проездная,Asic,AS earth-9544,9,260001,100800.0
2021-04-01,2021,202104,Проездная,Asic,AS earth-9544,16,478800,179200.0
2021-05-01,2021,202105,Проездная,Asic,AS earth-9544,20,606400,224000.0
2021-06-01,2021,202106,Проездная,Asic,AS earth-9544,19,564281,212800.0
2021-07-01,2021,202107,Проездная,Asic,AS earth-9544,20,562380,224000.0
2021-08-01,2021,202108,Проездная,Asic,AS earth-9544,17,494105,190400.0
2021-09-01,2021,202109,Проездная,Asic,AS earth-9544,18,525996,201600.0
2021-10-01,2021,202110,Проездная,Asic,AS earth-9544,15,440925,168000.0
2021-11-01,2021,202111,Проездная,Asic,AS earth-9544,11,324368,123200.0
2021-12-01,2021,202112,Проездная,Asic,AS earth-9544,13,379821,145600.0
2022-01-01,2022,202201,Проездная,Asic,AS earth-9544,19,565953,212800.0
2022-02-01,2022,202202,Проездная,Asic,AS earth-9544,12,353448,134400.0
2022-03-01,2022,202203,Проездная,Asic,AS earth-9544,10,286990,112000.0
2022-04-01,2022,202204,Проездная,Asic,AS earth-9544,18,531000,201600.0
2022-05-01,2022,202205,Проездная,Asic,AS earth-9544,22,658680,246400.0
2022-06-01,2022,202206,Проездная,Asic,AS earth-9544,21,610218,235200.0
2022-07-01,2022,202207,Проездная,Asic,AS earth-9544,22,601788,246400.0
2022-08-01,2022,202208,Проездная,Asic,AS earth-9544,19,542811,212800.0
2022-09-01,2022,202209,Проездная,Asic,AS earth-9544,20,570180,224000.0
2022-10-01,2022,202210,Проездная,Asic,AS earth-9544,17,492473,190400.0
2022-11-01,2022,202211,Проездная,Asic,AS earth-9544,12,359652,134400.0
2022-12-01,2022,202212,Проездная,Asic,AS earth-9544,14,396004,156800.0
2021-01-01,2021,202101,Проездная,Asic,AS ais-7331,22,1016532,554400.0000000001
2021-02-01,2021,202102,Проездная,Asic,AS ais-7331,14,652610,352800.00000000006
2021-03-01,2021,202103,Проездная,Asic,AS ais-7331,11,496023,277200.00000000006
2021-04-01,2021,202104,Проездная,Asic,AS ais-7331,20,931240,504000.00000000006
2021-05-01,2021,202105,Проездная,Asic,AS ais-7331,26,1208480,655200.0000000001
2021-06-01,2021,202106,Проездная,Asic,AS ais-7331,24,1109064,604800.0000000001
2021-07-01,2021,202107,Проездная,Asic,AS ais-7331,26,1157754,655200.0000000001
2021-08-01,2021,202108,Проездная,Asic,AS ais-7331,22,993894,554400.0000000001
2021-09-01,2021,202109,Проездная,Asic,AS ais-7331,23,1052227,579600.0000000001
2021-10-01,2021,202110,Проездная,Asic,AS ais-7331,19,872993,478800.00000000006
2021-11-01,2021,202111,Проездная,Asic,AS ais-7331,14,647164,352800.00000000006
2021-12-01,2021,202112,Проездная,Asic,AS ais-7331,16,724416,403200.00000000006
2022-01-01,2022,202201,Проездная,Asic,AS ais-7331,24,1115904,604800.0000000001
2022-02-01,2022,202202,Проездная,Asic,AS ais-7331,15,693285,378000.00000000006
2022-03-01,2022,202203,Проездная,Asic,AS ais-7331,12,544872,302400.00000000006
2022-04-01,2022,202204,Проездная,Asic,AS ais-7331,22,1026806,554400.0000000001
2022-05-01,2022,202205,Проездная,Asic,AS ais-7331,28,1325044,705600.0000000001
2022-06-01,2022,202206,Проездная,Asic,AS ais-7331,27,1238166,680400.0000000001
2022-07-01,2022,202207,Проездная,Asic,AS ais-7331,28,1234044,705600.0000000001
2022-08-01,2022,202208,Проездная,Asic,AS ais-7331,24,1096992,604800.0000000001
2022-09-01,2022,202209,Проездная,Asic,AS ais-7331,25,1144875,630000.0000000001
2022-10-01,2022,202210,Проездная,Asic,AS ais-7331,21,978537,529200.0000000001
2022-11-01,2022,202211,Проездная,Asic,AS ais-7331,15,691050,378000.00000000006
2022-12-01,2022,202212,Проездная,Asic,AS ais-7331,18,815346,453600.00000000006
2021-01-01,2021,202101,Проездная,Asic,AS ice-2172,22,408628,209440.0
2021-02-01,2021,202102,Проездная,Asic,AS ice-2172,14,253428,133280.0
2021-03-01,2021,202103,Проездная,Asic,AS ice-2172,11,196977,104720.0
2021-04-01,2021,202104,Проездная,Asic,AS ice-2172,20,370240,190400.0
2021-05-01,2021,202105,Проездная,Asic,AS ice-2172,26,493584,247520.0
2021-06-01,2021,202106,Проездная,Asic,AS ice-2172,24,441720,228480.0
2021-07-01,2021,202107,Проездная,Asic,AS ice-2172,26,442416,247520.0
2021-08-01,2021,202108,Проездная,Asic,AS ice-2172,22,393206,209440.0
2021-09-01,2021,202109,Проездная,Asic,AS ice-2172,23,411815,218960.0
2021-10-01,2021,202110,Проездная,Asic,AS ice-2172,19,338732,180880.0
2021-11-01,2021,202111,Проездная,Asic,AS ice-2172,14,259308,133280.0
2021-12-01,2021,202112,Проездная,Asic,AS ice-2172,16,280448,152320.0
2022-01-01,2022,202201,Проездная,Asic,AS ice-2172,24,433272,228480.0
2022-02-01,2022,202202,Проездная,Asic,AS ice-2172,15,274620,142800.0
2022-03-01,2022,202203,Проездная,Asic,AS ice-2172,12,206748,114240.0
2022-04-01,2022,202204,Проездная,Asic,AS ice-2172,22,413072,209440.0
2022-05-01,2022,202205,Проездная,Asic,AS ice-2172,28,542556,266560.0
2022-06-01,2022,202206,Проездная,Asic,AS ice-2172,27,479250,257040.0
2022-07-01,2022,202207,Проездная,Asic,AS ice-2172,28,471660,266560.0
2022-08-01,2022,202208,Проездная,Asic,AS ice-2172,24,426480,228480.0
2022-09-01,2022,202209,Проездная,Asic,AS ice-2172,25,447975,238000.0
2022-10-01,2022,202210,Проездная,Asic,AS ice-2172,21,380373,199920.0
2022-11-01,2022,202211,Проездная,Asic,AS ice-2172,15,273945,142800.0
2022-12-01,2022,202212,Проездная,Asic,AS ice-2172,18,309690,171360.0
2021-01-01,2021,202101,Проездная,Asic,AS ai-7676,17,685848,278460.0
2021-02-01,2021,202102,Проездная,Asic,AS ai-7676,11,440121,180180.0
2021-03-01,2021,202103,Проездная,Asic,AS ai-7676,9,358281,147420.0
2021-04-01,2021,202104,Проездная,Asic,AS ai-7676,16,654752,262080.0
2021-05-01,2021,202105,Проездная,Asic,AS ai-7676,21,861966,343980.0
2021-06-01,2021,202106,Проездная,Asic,AS ai-7676,20,816500,327600.0
2021-07-01,2021,202107,Проездная,Asic,AS ai-7676,21,815409,343980.0
2021-08-01,2021,202108,Проездная,Asic,AS ai-7676,17,673047,278460.0
2021-09-01,2021,202109,Проездная,Asic,AS ai-7676,18,725166,294840.0
2021-10-01,2021,202110,Проездная,Asic,AS ai-7676,15,600135,245700.0
2021-11-01,2021,202111,Проездная,Asic,AS ai-7676,11,442948,180180.0
2021-12-01,2021,202112,Проездная,Asic,AS ai-7676,13,512239,212940.0
2022-01-01,2022,202201,Проездная,Asic,AS ai-7676,19,762774,311220.0
2022-02-01,2022,202202,Проездная,Asic,AS ai-7676,12,481620,196560.0
2022-03-01,2022,202203,Проездная,Asic,AS ai-7676,10,392030,163800.0
2022-04-01,2022,202204,Проездная,Asic,AS ai-7676,18,740808,294840.0
2022-05-01,2022,202205,Проездная,Asic,AS ai-7676,23,946220,376740.0
2022-06-01,2022,202206,Проездная,Asic,AS ai-7676,21,845712,343980.0
2022-07-01,2022,202207,Проездная,Asic,AS ai-7676,23,898380,376740.0
2022-08-01,2022,202208,Проездная,Asic,AS ai-7676,19,750519,311220.0
2022-09-01,2022,202209,Проездная,Asic,AS ai-7676,20,791580,327600.0
2022-10-01,2022,202210,Проездная,Asic,AS ai-7676,17,684335,278460.0
2022-11-01,2022,202211,Проездная,Asic,AS ai-7676,12,480276,196560.0
2022-12-01,2022,202212,Проездная,Asic,AS ai-7676,14,559426,229320.0
2021-01-01,2021,202101,Проездная,Gunverse,GU air-3053,53,358704,121900.0
2021-02-01,2021,202102,Проездная,Gunverse,GU air-3053,33,229416,75900.0
2021-03-01,2021,202103,Проездная,Gunverse,GU air-3053,27,143532,62100.0
2021-04-01,2021,202104,Проездная,Gunverse,GU air-3053,50,366100,115000.0
2021-05-01,2021,202105,Проездная,Gunverse,GU air-3053,63,458829,144900.0
2021-06-01,2021,202106,Проездная,Gunverse,GU air-3053,60,392340,138000.0
2021-07-01,2021,202107,Проездная,Gunverse,GU air-3053,63,254079,144900.0
2021-08-01,2021,202108,Проездная,Gunverse,GU air-3053,53,301888,121900.0
2021-09-01,2021,202109,Проездная,Gunverse,GU air-3053,57,316806,131100.0
2021-10-01,2021,202110,Проездная,Gunverse,GU air-3053,47,302680,108100.0
2021-11-01,2021,202111,Проездная,Gunverse,GU air-3053,33,185757,75900.0
2021-12-01,2021,202112,Проездная,Gunverse,GU air-3053,40,208040,92000.0
2022-01-01,2022,202201,Проездная,Gunverse,GU air-3053,59,379606,135700.0
2022-02-01,2022,202202,Проездная,Gunverse,GU air-3053,37,232508,85100.0
2022-03-01,2022,202203,Проездная,Gunverse,GU air-3053,30,186900,69000.0
2022-04-01,2022,202204,Проездная,Gunverse,GU air-3053,55,370975,126500.0
2022-05-01,2022,202205,Проездная,Gunverse,GU air-3053,69,513498,158700.0
2022-06-01,2022,202206,Проездная,Gunverse,GU air-3053,66,397320,151800.0
2022-07-01,2022,202207,Проездная,Gunverse,GU air-3053,69,345483,158700.0
2022-08-01,2022,202208,Проездная,Gunverse,GU air-3053,59,311402,135700.0
2022-09-01,2022,202209,Проездная,Gunverse,GU air-3053,62,348812,142600.0
2022-10-01,2022,202210,Проездная,Gunverse,GU air-3053,51,312324,117300.0
2022-11-01,2022,202211,Проездная,Gunverse,GU air-3053,37,211048,85100.0
2022-12-01,2022,202212,Проездная,Gunverse,GU air-3053,44,259688,101200.0
2021-01-01,2021,202101,Проездная,Gunverse,GU grou-6409,47,506425,190350.0
2021-02-01,2021,202102,Проездная,Gunverse,GU grou-6409,30,298200,121500.0
2021-03-01,2021,202103,Проездная,Gunverse,GU grou-6409,24,237768,97200.0
2021-04-01,2021,202104,Проездная,Gunverse,GU grou-6409,44,465960,178200.0
2021-05-01,2021,202105,Проездная,Gunverse,GU grou-6409,56,635936,226800.0
2021-06-01,2021,202106,Проездная,Gunverse,GU grou-6409,53,563602,214650.0
2021-07-01,2021,202107,Проездная,Gunverse,GU grou-6409,56,474096,226800.0
2021-08-01,2021,202108,Проездная,Gunverse,GU grou-6409,47,472867,190350.0
2021-09-01,2021,202109,Проездная,Gunverse,GU grou-6409,50,508900,202500.0
2021-10-01,2021,202110,Проездная,Gunverse,GU grou-6409,41,426564,166050.0
2021-11-01,2021,202111,Проездная,Gunverse,GU grou-6409,30,305100,121500.0
2021-12-01,2021,202112,Проездная,Gunverse,GU grou-6409,35,345240,141750.0
2022-01-01,2022,202201,Проездная,Gunverse,GU grou-6409,52,547560,210600.0
2022-02-01,2022,202202,Проездная,Gunverse,GU grou-6409,33,340197,133650.0
2022-03-01,2022,202203,Проездная,Gunverse,GU grou-6409,26,251056,105300.0
2022-04-01,2022,202204,Проездная,Gunverse,GU grou-6409,49,504847,198450.0
2022-05-01,2022,202205,Проездная,Gunverse,GU grou-6409,61,669353,247050.0
2022-06-01,2022,202206,Проездная,Gunverse,GU grou-6409,58,583074,234900.0
2022-07-01,2022,202207,Проездная,Gunverse,GU grou-6409,61,524478,247050.0
2022-08-01,2022,202208,Проездная,Gunverse,GU grou-6409,52,497120,210600.0
2022-09-01,2022,202209,Проездная,Gunverse,GU grou-6409,55,571450,222750.0
2022-10-01,2022,202210,Проездная,Gunverse,GU grou-6409,45,495900,182250.0
2022-11-01,2022,202211,Проездная,Gunverse,GU grou-6409,33,344157,133650.0
2022-12-01,2022,202212,Проездная,Gunverse,GU grou-6409,39,386139,157950.0
2021-01-01,2021,202101,Проездная,Gunverse,GU gre-2865,53,432109,211469.99999999997
2021-02-01,2021,202102,Проездная,Gunverse,GU gre-2865,33,298947,131669.99999999997
2021-03-01,2021,202103,Проездная,Gunverse,GU gre-2865,27,208683,107729.99999999999
2021-04-01,2021,202104,Проездная,Gunverse,GU gre-2865,50,435000,199499.99999999997
2021-05-01,2021,202105,Проездная,Gunverse,GU gre-2865,63,589932,251369.99999999997
2021-06-01,2021,202106,Проездная,Gunverse,GU gre-2865,60,499200,239399.99999999997
2021-07-01,2021,202107,Проездная,Gunverse,GU gre-2865,63,431487,251369.99999999997
2021-08-01,2021,202108,Проездная,Gunverse,GU gre-2865,53,423629,211469.99999999997
2021-09-01,2021,202109,Проездная,Gunverse,GU gre-2865,57,471219,227429.99999999997
2021-10-01,2021,202110,Проездная,Gunverse,GU gre-2865,47,409464,187529.99999999997
2021-11-01,2021,202111,Проездная,Gunverse,GU gre-2865,33,277035,131669.99999999997
2021-12-01,2021,202112,Проездная,Gunverse,GU gre-2865,40,306120,159599.99999999997
2022-01-01,2022,202201,Проездная,Gunverse,GU gre-2865,59,466749,235409.99999999997
2022-02-01,2022,202202,Проездная,Gunverse,GU gre-2865,37,290783,147629.99999999997
2022-03-01,2022,202203,Проездная,Gunverse,GU gre-2865,30,234270,119699.99999999999
2022-04-01,2022,202204,Проездная,Gunverse,GU gre-2865,55,484715,219449.99999999997
2022-05-01,2022,202205,Проездная,Gunverse,GU gre-2865,69,598713,275309.99999999994
2022-06-01,2022,202206,Проездная,Gunverse,GU gre-2865,66,550704,263339.99999999994
2022-07-01,2022,202207,Проездная,Gunverse,GU gre-2865,69,483828,275309.99999999994
2022-08-01,2022,202208,Проездная,Gunverse,GU gre-2865,59,418133,235409.99999999997
2022-09-01,2022,202209,Проездная,Gunverse,GU gre-2865,62,502572,247379.99999999997
2022-10-01,2022,202210,Проездная,Gunverse,GU gre-2865,51,461193,203489.99999999997
2022-11-01,2022,202211,Проездная,Gunverse,GU gre-2865,37,322862,147629.99999999997
2022-12-01,2022,202212,Проездная,Gunverse,GU gre-2865,44,329208,175559.99999999997
2021-01-01,2021,202101,Проездная,Gunverse,GU earth-4729,47,458626,195755.0
2021-02-01,2021,202102,Проездная,Gunverse,GU earth-4729,29,287593,120785.0
2021-03-01,2021,202103,Проездная,Gunverse,GU earth-4729,24,210480,99960.0
2021-04-01,2021,202104,Проездная,Gunverse,GU earth-4729,44,449152,183260.0
2021-05-01,2021,202105,Проездная,Gunverse,GU earth-4729,55,586465,229075.0
2021-06-01,2021,202106,Проездная,Gunverse,GU earth-4729,52,494832,216580.0
2021-07-01,2021,202107,Проездная,Gunverse,GU earth-4729,55,445610,229075.0
2021-08-01,2021,202108,Проездная,Gunverse,GU earth-4729,47,443633,195755.0
2021-09-01,2021,202109,Проездная,Gunverse,GU earth-4729,49,466725,204085.0
2021-10-01,2021,202110,Проездная,Gunverse,GU earth-4729,41,411353,170765.0
2021-11-01,2021,202111,Проездная,Gunverse,GU earth-4729,29,272339,120785.0
2021-12-01,2021,202112,Проездная,Gunverse,GU earth-4729,35,317415,145775.0
2022-01-01,2022,202201,Проездная,Gunverse,GU earth-4729,51,477462,212415.0
2022-02-01,2022,202202,Проездная,Gunverse,GU earth-4729,32,306368,133280.0
2022-03-01,2022,202203,Проездная,Gunverse,GU earth-4729,26,253370,108290.0
2022-04-01,2022,202204,Проездная,Gunverse,GU earth-4729,48,513984,199920.0
2022-05-01,2022,202205,Проездная,Gunverse,GU earth-4729,61,637206,254065.0
2022-06-01,2022,202206,Проездная,Gunverse,GU earth-4729,58,559410,241570.0
2022-07-01,2022,202207,Проездная,Gunverse,GU earth-4729,61,520208,254065.0
2022-08-01,2022,202208,Проездная,Gunverse,GU earth-4729,51,482817,212415.0
2022-09-01,2022,202209,Проездная,Gunverse,GU earth-4729,54,516780,224910.0
2022-10-01,2022,202210,Проездная,Gunverse,GU earth-4729,45,461610,187425.0
2022-11-01,2022,202211,Проездная,Gunverse,GU earth-4729,32,311392,133280.0
2022-12-01,2022,202212,Проездная,Gunverse,GU earth-4729,39,368589,162435.0
2021-01-01,2021,202101,Проездная,Gunverse,GU ais-4465,47,330034,143820.0
2021-02-01,2021,202102,Проездная,Gunverse,GU ais-4465,29,213034,88740.0
2021-03-01,2021,202103,Проездная,Gunverse,GU ais-4465,24,173472,73440.0
2021-04-01,2021,202104,Проездная,Gunverse,GU ais-4465,44,351208,134640.0
2021-05-01,2021,202105,Проездная,Gunverse,GU ais-4465,55,430265,168300.0
2021-06-01,2021,202106,Проездная,Gunverse,GU ais-4465,52,396188,159120.0
2021-07-01,2021,202107,Проездная,Gunverse,GU ais-4465,55,327800,168300.0
2021-08-01,2021,202108,Проездная,Gunverse,GU ais-4465,47,309401,143820.0
2021-09-01,2021,202109,Проездная,Gunverse,GU ais-4465,49,340942,149940.0
2021-10-01,2021,202110,Проездная,Gunverse,GU ais-4465,41,296922,125460.0
2021-11-01,2021,202111,Проездная,Gunverse,GU ais-4465,29,225156,88740.0
2021-12-01,2021,202112,Проездная,Gunverse,GU ais-4465,35,233065,107100.0
2022-01-01,2022,202201,Проездная,Gunverse,GU ais-4465,51,335733,156060.0
2022-02-01,2022,202202,Проездная,Gunverse,GU ais-4465,32,258368,97920.0
2022-03-01,2022,202203,Проездная,Gunverse,GU ais-4465,26,176696,79560.0
2022-04-01,2022,202204,Проездная,Gunverse,GU ais-4465,48,379584,146880.0
2022-05-01,2022,202205,Проездная,Gunverse,GU ais-4465,61,469334,186660.0
2022-06-01,2022,202206,Проездная,Gunverse,GU ais-4465,58,432158,177480.0
2022-07-01,2022,202207,Проездная,Gunverse,GU ais-4465,61,372466,186660.0
2022-08-01,2022,202208,Проездная,Gunverse,GU ais-4465,51,361539,156060.0
2022-09-01,2022,202209,Проездная,Gunverse,GU ais-4465,54,377514,165240.0
2022-10-01,2022,202210,Проездная,Gunverse,GU ais-4465,45,322965,137700.0
2022-11-01,2022,202211,Проездная,Gunverse,GU ais-4465,32,244384,97920.0
2022-12-01,2022,202212,Проездная,Gunverse,GU ais-4465,39,280839,119340.0
2021-01-01,2021,202101,Проездная,Gunverse,GU ice-8917,49,429093,169344.0
2021-02-01,2021,202102,Проездная,Gunverse,GU ice-8917,31,255409,107136.0
2021-03-01,2021,202103,Проездная,Gunverse,GU ice-8917,25,200525,86400.0
2021-04-01,2021,202104,Проездная,Gunverse,GU ice-8917,46,423200,158976.0
2021-05-01,2021,202105,Проездная,Gunverse,GU ice-8917,58,495610,200448.0
2021-06-01,2021,202106,Проездная,Gunverse,GU ice-8917,55,449955,190080.0
2021-07-01,2021,202107,Проездная,Gunverse,GU ice-8917,58,376014,200448.0
2021-08-01,2021,202108,Проездная,Gunverse,GU ice-8917,49,381073,169344.0
2021-09-01,2021,202109,Проездная,Gunverse,GU ice-8917,52,442052,179712.0
2021-10-01,2021,202110,Проездная,Gunverse,GU ice-8917,43,390569,148608.0
2021-11-01,2021,202111,Проездная,Gunverse,GU ice-8917,31,261826,107136.0
2021-12-01,2021,202112,Проездная,Gunverse,GU ice-8917,37,301883,127872.0
2022-01-01,2022,202201,Проездная,Gunverse,GU ice-8917,53,463538,183168.0
2022-02-01,2022,202202,Проездная,Gunverse,GU ice-8917,34,282064,117504.0
2022-03-01,2022,202203,Проездная,Gunverse,GU ice-8917,27,220563,93312.0
2022-04-01,2022,202204,Проездная,Gunverse,GU ice-8917,50,415250,172800.0
2022-05-01,2022,202205,Проездная,Gunverse,GU ice-8917,63,593460,217728.0
2022-06-01,2022,202206,Проездная,Gunverse,GU ice-8917,60,505200,207360.0
2022-07-01,2022,202207,Проездная,Gunverse,GU ice-8917,63,459900,217728.0
2022-08-01,2022,202208,Проездная,Gunverse,GU ice-8917,53,434123,183168.0
2022-09-01,2022,202209,Проездная,Gunverse,GU ice-8917,57,466659,196992.0
2022-10-01,2022,202210,Проездная,Gunverse,GU ice-8917,47,404952,162432.0
2022-11-01,2022,202211,Проездная,Gunverse,GU ice-8917,34,295664,117504.0
2022-12-01,2022,202212,Проездная,Gunverse,GU ice-8917,40,322920,138240.0
2021-01-01,2021,202101,Проездная,Gunverse,GU ai-3849,50,526100,259350.0
2021-02-01,2021,202102,Проездная,Gunverse,GU ai-3849,32,320800,165984.0
2021-03-01,2021,202103,Проездная,Gunverse,GU ai-3849,25,232925,129675.0
2021-04-01,2021,202104,Проездная,Gunverse,GU ai-3849,47,504404,243789.0
2021-05-01,2021,202105,Проездная,Gunverse,GU ai-3849,59,647289,306033.0
2021-06-01,2021,202106,Проездная,Gunverse,GU ai-3849,56,594944,290472.0
2021-07-01,2021,202107,Проездная,Gunverse,GU ai-3849,59,530292,306033.0
2021-08-01,2021,202108,Проездная,Gunverse,GU ai-3849,50,475550,259350.0
2021-09-01,2021,202109,Проездная,Gunverse,GU ai-3849,53,533922,274911.0
2021-10-01,2021,202110,Проездная,Gunverse,GU ai-3849,44,467280,228228.0
2021-11-01,2021,202111,Проездная,Gunverse,GU ai-3849,32,309344,165984.0
2021-12-01,2021,202112,Проездная,Gunverse,GU ai-3849,38,366282,197106.0
2022-01-01,2022,202201,Проездная,Gunverse,GU ai-3849,55,560395,285285.0
2022-02-01,2022,202202,Проездная,Gunverse,GU ai-3849,35,357630,181545.0
2022-03-01,2022,202203,Проездная,Gunverse,GU ai-3849,28,294952,145236.0
2022-04-01,2022,202204,Проездная,Gunverse,GU ai-3849,52,551824,269724.0
2022-05-01,2022,202205,Проездная,Gunverse,GU ai-3849,65,696410,337155.0
2022-06-01,2022,202206,Проездная,Gunverse,GU ai-3849,62,664020,321594.0
2022-07-01,2022,202207,Проездная,Gunverse,GU ai-3849,65,603265,337155.0
2022-08-01,2022,202208,Проездная,Gunverse,GU ai-3849,55,522225,285285.0
2022-09-01,2022,202209,Проездная,Gunverse,GU ai-3849,59,587522,306033.0
2022-10-01,2022,202210,Проездная,Gunverse,GU ai-3849,48,524592,248976.0
2022-11-01,2022,202211,Проездная,Gunverse,GU ai-3849,35,351225,181545.0
2022-12-01,2022,202212,Проездная,Gunverse,GU ai-3849,41,420619,212667.0
2021-01-01,2021,202101,Проездная,Nuke,NK air-4421,54,727326,324000.0
2021-02-01,2021,202102,Проездная,Nuke,NK air-4421,34,468010,204000.0
2021-03-01,2021,202103,Проездная,Nuke,NK air-4421,27,332910,162000.0
2021-04-01,2021,202104,Проездная,Nuke,NK air-4421,50,698800,300000.0
2021-05-01,2021,202105,Проездная,Nuke,NK air-4421,64,872384,384000.0
2021-06-01,2021,202106,Проездная,Nuke,NK air-4421,60,826380,360000.0
2021-07-01,2021,202107,Проездная,Nuke,NK air-4421,64,717248,384000.0
2021-08-01,2021,202108,Проездная,Nuke,NK air-4421,54,672300,324000.0
2021-09-01,2021,202109,Проездная,Nuke,NK air-4421,57,771153,342000.0
2021-10-01,2021,202110,Проездная,Nuke,NK air-4421,47,653159,282000.0
2021-11-01,2021,202111,Проездная,Nuke,NK air-4421,34,451486,204000.0
2021-12-01,2021,202112,Проездная,Nuke,NK air-4421,40,505720,240000.0
2022-01-01,2022,202201,Проездная,Nuke,NK air-4421,59,766882,354000.0
2022-02-01,2022,202202,Проездная,Nuke,NK air-4421,37,511303,222000.0
2022-03-01,2022,202203,Проездная,Nuke,NK air-4421,30,392640,180000.0
2022-04-01,2022,202204,Проездная,Nuke,NK air-4421,55,753885,330000.0
2022-05-01,2022,202205,Проездная,Nuke,NK air-4421,70,965510,420000.0
2022-06-01,2022,202206,Проездная,Nuke,NK air-4421,66,878790,396000.0
2022-07-01,2022,202207,Проездная,Nuke,NK air-4421,70,823270,420000.0
2022-08-01,2022,202208,Проездная,Nuke,NK air-4421,59,738621,354000.0
2022-09-01,2022,202209,Проездная,Nuke,NK air-4421,63,820827,378000.0
2022-10-01,2022,202210,Проездная,Nuke,NK air-4421,52,701272,312000.0
2022-11-01,2022,202211,Проездная,Nuke,NK air-4421,37,513190,222000.0
2022-12-01,2022,202212,Проездная,Nuke,NK air-4421,44,550264,264000.0
2021-01-01,2021,202101,Проездная,Nuke,NK grou-9880,39,410007,207090.0
2021-02-01,2021,202102,Проездная,Nuke,NK grou-9880,25,253175,132750.0
2021-03-01,2021,202103,Проездная,Nuke,NK grou-9880,20,191460,106200.0
2021-04-01,2021,202104,Проездная,Nuke,NK grou-9880,37,384319,196470.0
2021-05-01,2021,202105,Проездная,Nuke,NK grou-9880,46,488704,244260.0
2021-06-01,2021,202106,Проездная,Nuke,NK grou-9880,44,437888,233640.0
2021-07-01,2021,202107,Проездная,Nuke,NK grou-9880,46,419750,244260.0
2021-08-01,2021,202108,Проездная,Nuke,NK grou-9880,39,356382,207090.0
2021-09-01,2021,202109,Проездная,Nuke,NK grou-9880,41,386220,217710.0
2021-10-01,2021,202110,Проездная,Nuke,NK grou-9880,34,370532,180540.0
2021-11-01,2021,202111,Проездная,Nuke,NK grou-9880,25,253625,132750.0
2021-12-01,2021,202112,Проездная,Nuke,NK grou-9880,29,271179,153990.0
2022-01-01,2022,202201,Проездная,Nuke,NK grou-9880,43,459111,228330.0
2022-02-01,2022,202202,Проездная,Nuke,NK grou-9880,27,275022,143370.0
2022-03-01,2022,202203,Проездная,Nuke,NK grou-9880,22,215666,116820.0
2022-04-01,2022,202204,Проездная,Nuke,NK grou-9880,40,429160,212400.0
2022-05-01,2022,202205,Проездная,Nuke,NK grou-9880,51,543456,270810.0
2022-06-01,2022,202206,Проездная,Nuke,NK grou-9880,48,488544,254880.0
2022-07-01,2022,202207,Проездная,Nuke,NK grou-9880,51,445485,270810.0
2022-08-01,2022,202208,Проездная,Nuke,NK grou-9880,43,411424,228330.0
2022-09-01,2022,202209,Проездная,Nuke,NK grou-9880,46,472926,244260.0
2022-10-01,2022,202210,Проездная,Nuke,NK grou-9880,38,382280,201780.0
2022-11-01,2022,202211,Проездная,Nuke,NK grou-9880,27,264573,143370.0
2022-12-01,2022,202212,Проездная,Nuke,NK grou-9880,32,326400,169920.0
2021-01-01,2021,202101,Проездная,Nuke,NK gre-7983,37,298738,119140.0
2021-02-01,2021,202102,Проездная,Nuke,NK gre-7983,23,194373,74060.0
2021-03-01,2021,202103,Проездная,Nuke,NK gre-7983,19,155610,61180.0
2021-04-01,2021,202104,Проездная,Nuke,NK gre-7983,35,326515,112700.0
2021-05-01,2021,202105,Проездная,Nuke,NK gre-7983,44,386804,141680.0
2021-06-01,2021,202106,Проездная,Nuke,NK gre-7983,42,350364,135240.0
2021-07-01,2021,202107,Проездная,Nuke,NK gre-7983,44,293876,141680.0
2021-08-01,2021,202108,Проездная,Nuke,NK gre-7983,37,307951,119140.0
2021-09-01,2021,202109,Проездная,Nuke,NK gre-7983,40,287160,128800.0
2021-10-01,2021,202110,Проездная,Nuke,NK gre-7983,33,260304,106260.0
2021-11-01,2021,202111,Проездная,Nuke,NK gre-7983,23,199640,74060.0
2021-12-01,2021,202112,Проездная,Nuke,NK gre-7983,28,216104,90160.0
2022-01-01,2022,202201,Проездная,Nuke,NK gre-7983,41,348869,132020.0
2022-02-01,2022,202202,Проездная,Nuke,NK gre-7983,26,225654,83720.0
2022-03-01,2022,202203,Проездная,Nuke,NK gre-7983,21,163023,67620.0
2022-04-01,2022,202204,Проездная,Nuke,NK gre-7983,38,341278,122360.0
2022-05-01,2022,202205,Проездная,Nuke,NK gre-7983,48,425280,154560.0
2022-06-01,2022,202206,Проездная,Nuke,NK gre-7983,46,376878,148120.0
2022-07-01,2022,202207,Проездная,Nuke,NK gre-7983,48,320400,154560.0
2022-08-01,2022,202208,Проездная,Nuke,NK gre-7983,41,294380,132020.0
2022-09-01,2022,202209,Проездная,Nuke,NK gre-7983,43,343097,138460.0
2022-10-01,2022,202210,Проездная,Nuke,NK gre-7983,36,301284,115920.0
2022-11-01,2022,202211,Проездная,Nuke,NK gre-7983,26,228020,83720.0
2022-12-01,2022,202212,Проездная,Nuke,NK gre-7983,31,243226,99820.0
2021-01-01,2021,202101,Проездная,Nuke,NK earth-5320,46,376694,152490.0
2021-02-01,2021,202102,Проездная,Nuke,NK earth-5320,29,212512,96135.0
2021-03-01,2021,202103,Проездная,Nuke,NK earth-5320,23,162196,76245.0
2021-04-01,2021,202104,Проездная,Nuke,NK earth-5320,43,356599,142545.0
2021-05-01,2021,202105,Проездная,Nuke,NK earth-5320,55,431145,182325.0
2021-06-01,2021,202106,Проездная,Nuke,NK earth-5320,52,386828,172380.0
2021-07-01,2021,202107,Проездная,Nuke,NK earth-5320,55,342980,182325.0
2021-08-01,2021,202108,Проездная,Nuke,NK earth-5320,46,324990,152490.0
2021-09-01,2021,202109,Проездная,Nuke,NK earth-5320,49,357406,162435.0
2021-10-01,2021,202110,Проездная,Nuke,NK earth-5320,40,328440,132600.0
2021-11-01,2021,202111,Проездная,Nuke,NK earth-5320,29,225330,96135.0
2021-12-01,2021,202112,Проездная,Nuke,NK earth-5320,35,273420,116025.0
2022-01-01,2022,202201,Проездная,Nuke,NK earth-5320,51,395709,169065.0
2022-02-01,2022,202202,Проездная,Nuke,NK earth-5320,32,253504,106080.0
2022-03-01,2022,202203,Проездная,Nuke,NK earth-5320,26,194272,86190.0
2022-04-01,2022,202204,Проездная,Nuke,NK earth-5320,48,404400,159120.0
2022-05-01,2022,202205,Проездная,Nuke,NK earth-5320,60,531240,198900.0
2022-06-01,2022,202206,Проездная,Nuke,NK earth-5320,57,422655,188955.0
2022-07-01,2022,202207,Проездная,Nuke,NK earth-5320,60,399720,198900.0
2022-08-01,2022,202208,Проездная,Nuke,NK earth-5320,51,384795,169065.0
2022-09-01,2022,202209,Проездная,Nuke,NK earth-5320,54,419148,179010.0
2022-10-01,2022,202210,Проездная,Nuke,NK earth-5320,44,352088,145860.0
2022-11-01,2022,202211,Проездная,Nuke,NK earth-5320,32,239232,106080.0
2022-12-01,2022,202212,Проездная,Nuke,NK earth-5320,38,256234,125970.0
2021-01-01,2021,202101,Проездная,Nuke,NK ais-5028,51,574311,239700.0
2021-02-01,2021,202102,Проездная,Nuke,NK ais-5028,32,370144,150400.0
2021-03-01,2021,202103,Проездная,Nuke,NK ais-5028,26,290550,122200.0
2021-04-01,2021,202104,Проездная,Nuke,NK ais-5028,48,577056,225600.0
2021-05-01,2021,202105,Проездная,Nuke,NK ais-5028,60,730380,282000.0
2021-06-01,2021,202106,Проездная,Nuke,NK ais-5028,57,661029,267900.0
2021-07-01,2021,202107,Проездная,Nuke,NK ais-5028,60,613680,282000.0
2021-08-01,2021,202108,Проездная,Nuke,NK ais-5028,51,564774,239700.0
2021-09-01,2021,202109,Проездная,Nuke,NK ais-5028,54,559710,253800.0
2021-10-01,2021,202110,Проездная,Nuke,NK ais-5028,44,507848,206800.0
2021-11-01,2021,202111,Проездная,Nuke,NK ais-5028,32,366752,150400.0
2021-12-01,2021,202112,Проездная,Nuke,NK ais-5028,38,428336,178600.0
2022-01-01,2022,202201,Проездная,Nuke,NK ais-5028,56,633080,263200.0
2022-02-01,2022,202202,Проездная,Nuke,NK ais-5028,35,413245,164500.0
2022-03-01,2022,202203,Проездная,Nuke,NK ais-5028,28,292516,131600.0
2022-04-01,2022,202204,Проездная,Nuke,NK ais-5028,52,622128,244400.0
2022-05-01,2022,202205,Проездная,Nuke,NK ais-5028,66,796488,310200.0
2022-06-01,2022,202206,Проездная,Nuke,NK ais-5028,63,697347,296100.0
2022-07-01,2022,202207,Проездная,Nuke,NK ais-5028,66,644820,310200.0
2022-08-01,2022,202208,Проездная,Nuke,NK ais-5028,56,625968,263200.0
2022-09-01,2022,202209,Проездная,Nuke,NK ais-5028,59,613364,277300.0
2022-10-01,2022,202210,Проездная,Nuke,NK ais-5028,49,562765,230300.0
2022-11-01,2022,202211,Проездная,Nuke,NK ais-5028,35,406980,164500.0
2022-12-01,2022,202212,Проездная,Nuke,NK ais-5028,42,429198,197400.0
2021-01-01,2021,202101,Проездная,Nuke,NK ice-4908,53,537049,284557.0
2021-02-01,2021,202102,Проездная,Nuke,NK ice-4908,34,376788,182546.0
2021-03-01,2021,202103,Проездная,Nuke,NK ice-4908,27,278262,144963.0
2021-04-01,2021,202104,Проездная,Nuke,NK ice-4908,50,542750,268450.0
2021-05-01,2021,202105,Проездная,Nuke,NK ice-4908,63,711774,338247.0
2021-06-01,2021,202106,Проездная,Nuke,NK ice-4908,60,623940,322140.0
2021-07-01,2021,202107,Проездная,Nuke,NK ice-4908,63,559881,338247.0
2021-08-01,2021,202108,Проездная,Nuke,NK ice-4908,53,550140,284557.0
2021-09-01,2021,202109,Проездная,Nuke,NK ice-4908,57,584421,306033.0
2021-10-01,2021,202110,Проездная,Nuke,NK ice-4908,47,511501,252343.0
2021-11-01,2021,202111,Проездная,Nuke,NK ice-4908,34,344012,182546.0
2021-12-01,2021,202112,Проездная,Nuke,NK ice-4908,40,379480,214760.0
2022-01-01,2022,202201,Проездная,Nuke,NK ice-4908,59,627406,316771.0
2022-02-01,2022,202202,Проездная,Nuke,NK ice-4908,37,378769,198653.0
2022-03-01,2022,202203,Проездная,Nuke,NK ice-4908,30,306720,161070.0
2022-04-01,2022,202204,Проездная,Nuke,NK ice-4908,55,576840,295295.0
2022-05-01,2022,202205,Проездная,Nuke,NK ice-4908,70,780640,375830.0
2022-06-01,2022,202206,Проездная,Nuke,NK ice-4908,66,714648,354354.0
2022-07-01,2022,202207,Проездная,Nuke,NK ice-4908,70,632590,375830.0
2022-08-01,2022,202208,Проездная,Nuke,NK ice-4908,59,608231,316771.0
2022-09-01,2022,202209,Проездная,Nuke,NK ice-4908,62,595076,332878.0
2022-10-01,2022,202210,Проездная,Nuke,NK ice-4908,51,542691,273819.0
2022-11-01,2022,202211,Проездная,Nuke,NK ice-4908,37,373478,198653.0
2022-12-01,2022,202212,Проездная,Nuke,NK ice-4908,44,441760,236236.0
2021-01-01,2021,202101,Проездная,Nuke,NK ai-2826,38,484234,209000.0
2021-02-01,2021,202102,Проездная,Nuke,NK ai-2826,24,303552,132000.0
2021-03-01,2021,202103,Проездная,Nuke,NK ai-2826,19,222984,104500.0
2021-04-01,2021,202104,Проездная,Nuke,NK ai-2826,36,468252,198000.0
2021-05-01,2021,202105,Проездная,Nuke,NK ai-2826,45,575820,247500.0
2021-06-01,2021,202106,Проездная,Nuke,NK ai-2826,43,523009,236500.0
2021-07-01,2021,202107,Проездная,Nuke,NK ai-2826,45,495990,247500.0
2021-08-01,2021,202108,Проездная,Nuke,NK ai-2826,38,444030,209000.0
2021-09-01,2021,202109,Проездная,Nuke,NK ai-2826,40,481960,220000.0
2021-10-01,2021,202110,Проездная,Nuke,NK ai-2826,33,406758,181500.0
2021-11-01,2021,202111,Проездная,Nuke,NK ai-2826,24,293808,132000.0
2021-12-01,2021,202112,Проездная,Nuke,NK ai-2826,29,325264,159500.0
2022-01-01,2022,202201,Проездная,Nuke,NK ai-2826,42,519624,231000.0
2022-02-01,2022,202202,Проездная,Nuke,NK ai-2826,26,332410,143000.0
2022-03-01,2022,202203,Проездная,Nuke,NK ai-2826,21,243117,115500.0
2022-04-01,2022,202204,Проездная,Nuke,NK ai-2826,39,481494,214500.0
2022-05-01,2022,202205,Проездная,Nuke,NK ai-2826,50,628650,275000.0
2022-06-01,2022,202206,Проездная,Nuke,NK ai-2826,47,596994,258500.0
2022-07-01,2022,202207,Проездная,Nuke,NK ai-2826,50,526950,275000.0
2022-08-01,2022,202208,Проездная,Nuke,NK ai-2826,42,479010,231000.0
2022-09-01,2022,202209,Проездная,Nuke,NK ai-2826,44,498344,242000.0
2022-10-01,2022,202210,Проездная,Nuke,NK ai-2826,37,470381,203500.0
2022-11-01,2022,202211,Проездная,Nuke,NK ai-2826,26,317798,143000.0
2022-12-01,2022,202212,Проездная,Nuke,NK ai-2826,32,373824,176000.0
2021-01-01,2021,202101,Проездная,Rubok,RB air-7636,12,54984,18144.0
2021-02-01,2021,202102,Проездная,Rubok,RB air-7636,8,38656,12096.0
2021-03-01,2021,202103,Проездная,Rubok,RB air-7636,6,21012,9072.0
2021-04-01,2021,202104,Проездная,Rubok,RB air-7636,11,44770,16632.0
2021-05-01,2021,202105,Проездная,Rubok,RB air-7636,14,70910,21168.0
2021-06-01,2021,202106,Проездная,Rubok,RB air-7636,13,62335,19656.0
2021-07-01,2021,202107,Проездная,Rubok,RB air-7636,14,35490,21168.0
2021-08-01,2021,202108,Проездная,Rubok,RB air-7636,12,41400,18144.0
2021-09-01,2021,202109,Проездная,Rubok,RB air-7636,13,50245,19656.0
2021-10-01,2021,202110,Проездная,Rubok,RB air-7636,11,41514,16632.0
2021-11-01,2021,202111,Проездная,Rubok,RB air-7636,8,32904,12096.0
2021-12-01,2021,202112,Проездная,Rubok,RB air-7636,9,35217,13608.0
2022-01-01,2022,202201,Проездная,Rubok,RB air-7636,13,58500,19656.0
2022-02-01,2022,202202,Проездная,Rubok,RB air-7636,8,31368,12096.0
2022-03-01,2022,202203,Проездная,Rubok,RB air-7636,7,24157,10584.0
2022-04-01,2022,202204,Проездная,Rubok,RB air-7636,12,50004,18144.0
2022-05-01,2022,202205,Проездная,Rubok,RB air-7636,16,72352,24192.0
2022-06-01,2022,202206,Проездная,Rubok,RB air-7636,15,70740,22680.0
2022-07-01,2022,202207,Проездная,Rubok,RB air-7636,16,39664,24192.0
2022-08-01,2022,202208,Проездная,Rubok,RB air-7636,13,45227,19656.0
2022-09-01,2022,202209,Проездная,Rubok,RB air-7636,14,58408,21168.0
2022-10-01,2022,202210,Проездная,Rubok,RB air-7636,12,54720,18144.0
2022-11-01,2022,202211,Проездная,Rubok,RB air-7636,8,34584,12096.0
2022-12-01,2022,202212,Проездная,Rubok,RB air-7636,10,34390,15120.0
2021-01-01,2021,202101,Проездная,Rubok,RB grou-5163,15,44265,11730.0
2021-02-01,2021,202102,Проездная,Rubok,RB grou-5163,9,27180,7038.0
2021-03-01,2021,202103,Проездная,Rubok,RB grou-5163,8,21840,6256.0
2021-04-01,2021,202104,Проездная,Rubok,RB grou-5163,14,55300,10948.0
2021-05-01,2021,202105,Проездная,Rubok,RB grou-5163,17,66079,13294.0
2021-06-01,2021,202106,Проездная,Rubok,RB grou-5163,16,47008,12512.0
2021-07-01,2021,202107,Проездная,Rubok,RB grou-5163,17,20366,13294.0
2021-08-01,2021,202108,Проездная,Rubok,RB grou-5163,15,47445,11730.0
2021-09-01,2021,202109,Проездная,Rubok,RB grou-5163,16,36832,12512.0
2021-10-01,2021,202110,Проездная,Rubok,RB grou-5163,13,35282,10166.0
2021-11-01,2021,202111,Проездная,Rubok,RB grou-5163,9,28197,7038.0
2021-12-01,2021,202112,Проездная,Rubok,RB grou-5163,11,24420,8602.0
2022-01-01,2022,202201,Проездная,Rubok,RB grou-5163,16,45744,12512.0
2022-02-01,2022,202202,Проездная,Rubok,RB grou-5163,10,26020,7820.0
2022-03-01,2022,202203,Проездная,Rubok,RB grou-5163,8,22336,6256.0
2022-04-01,2022,202204,Проездная,Rubok,RB grou-5163,15,52965,11730.0
2022-05-01,2022,202205,Проездная,Rubok,RB grou-5163,19,67963,14858.0
2022-06-01,2022,202206,Проездная,Rubok,RB grou-5163,18,47052,14076.0
2022-07-01,2022,202207,Проездная,Rubok,RB grou-5163,19,24092,14858.0
2022-08-01,2022,202208,Проездная,Rubok,RB grou-5163,16,40896,12512.0
2022-09-01,2022,202209,Проездная,Rubok,RB grou-5163,17,47175,13294.0
2022-10-01,2022,202210,Проездная,Rubok,RB grou-5163,14,47978,10948.0
2022-11-01,2022,202211,Проездная,Rubok,RB grou-5163,10,25030,7820.0
2022-12-01,2022,202212,Проездная,Rubok,RB grou-5163,12,25932,9384.0
2021-01-01,2021,202101,Проездная,Rubok,RB gre-1678,13,61906,22750.0
2021-02-01,2021,202102,Проездная,Rubok,RB gre-1678,8,42552,14000.0
2021-03-01,2021,202103,Проездная,Rubok,RB gre-1678,7,24759,12250.0
2021-04-01,2021,202104,Проездная,Rubok,RB gre-1678,12,59820,21000.0
2021-05-01,2021,202105,Проездная,Rubok,RB gre-1678,16,78304,28000.0
2021-06-01,2021,202106,Проездная,Rubok,RB gre-1678,15,79440,26250.0
2021-07-01,2021,202107,Проездная,Rubok,RB gre-1678,16,57360,28000.0
2021-08-01,2021,202108,Проездная,Rubok,RB gre-1678,13,48438,22750.0
2021-09-01,2021,202109,Проездная,Rubok,RB gre-1678,14,61894,24500.0
2021-10-01,2021,202110,Проездная,Rubok,RB gre-1678,12,63672,21000.0
2021-11-01,2021,202111,Проездная,Rubok,RB gre-1678,8,34840,14000.0
2021-12-01,2021,202112,Проездная,Rubok,RB gre-1678,10,41100,17500.0
2022-01-01,2022,202201,Проездная,Rubok,RB gre-1678,15,68985,26250.0
2022-02-01,2022,202202,Проездная,Rubok,RB gre-1678,9,42534,15750.0
2022-03-01,2022,202203,Проездная,Rubok,RB gre-1678,8,32336,14000.0
2022-04-01,2022,202204,Проездная,Rubok,RB gre-1678,14,65324,24500.0
2022-05-01,2022,202205,Проездная,Rubok,RB gre-1678,17,83470,29750.0
2022-06-01,2022,202206,Проездная,Rubok,RB gre-1678,16,78304,28000.0
2022-07-01,2022,202207,Проездная,Rubok,RB gre-1678,17,60061,29750.0
2022-08-01,2022,202208,Проездная,Rubok,RB gre-1678,15,71775,26250.0
2022-09-01,2022,202209,Проездная,Rubok,RB gre-1678,15,61845,26250.0
2022-10-01,2022,202210,Проездная,Rubok,RB gre-1678,13,57707,22750.0
2022-11-01,2022,202211,Проездная,Rubok,RB gre-1678,9,45972,15750.0
2022-12-01,2022,202212,Проездная,Rubok,RB gre-1678,11,44847,19250.0
2021-01-01,2021,202101,Проездная,Rubok,RB earth-5369,12,66492,30240.0
2021-02-01,2021,202102,Проездная,Rubok,RB earth-5369,8,46704,20160.0
2021-03-01,2021,202103,Проездная,Rubok,RB earth-5369,6,28638,15120.0
2021-04-01,2021,202104,Проездная,Rubok,RB earth-5369,11,61215,27720.0
2021-05-01,2021,202105,Проездная,Rubok,RB earth-5369,14,89404,35280.0
2021-06-01,2021,202106,Проездная,Rubok,RB earth-5369,13,74906,32760.0
2021-07-01,2021,202107,Проездная,Rubok,RB earth-5369,14,57498,35280.0
2021-08-01,2021,202108,Проездная,Rubok,RB earth-5369,12,65064,30240.0
2021-09-01,2021,202109,Проездная,Rubok,RB earth-5369,13,64155,32760.0
2021-10-01,2021,202110,Проездная,Rubok,RB earth-5369,11,63459,27720.0
2021-11-01,2021,202111,Проездная,Rubok,RB earth-5369,8,47432,20160.0
2021-12-01,2021,202112,Проездная,Rubok,RB earth-5369,9,45153,22680.0
2022-01-01,2022,202201,Проездная,Rubok,RB earth-5369,13,65858,32760.0
2022-02-01,2022,202202,Проездная,Rubok,RB earth-5369,8,44448,20160.0
2022-03-01,2022,202203,Проездная,Rubok,RB earth-5369,7,36302,17640.0
2022-04-01,2022,202204,Проездная,Rubok,RB earth-5369,12,76392,30240.0
2022-05-01,2022,202205,Проездная,Rubok,RB earth-5369,16,100256,40320.0
2022-06-01,2022,202206,Проездная,Rubok,RB earth-5369,15,89415,37800.0
2022-07-01,2022,202207,Проездная,Rubok,RB earth-5369,16,58576,40320.0
2022-08-01,2022,202208,Проездная,Rubok,RB earth-5369,13,62634,32760.0
2022-09-01,2022,202209,Проездная,Rubok,RB earth-5369,14,66906,35280.0
2022-10-01,2022,202210,Проездная,Rubok,RB earth-5369,12,64512,30240.0
2022-11-01,2022,202211,Проездная,Rubok,RB earth-5369,8,47792,20160.0
2022-12-01,2022,202212,Проездная,Rubok,RB earth-5369,10,56720,25200.0
2021-01-01,2021,202101,Проездная,Rubok,RB ais-8935,15,50640,13860.0
2021-02-01,2021,202102,Проездная,Rubok,RB ais-8935,10,38810,9240.0
2021-03-01,2021,202103,Проездная,Rubok,RB ais-8935,8,24784,7392.0
2021-04-01,2021,202104,Проездная,Rubok,RB ais-8935,14,57876,12936.0
2021-05-01,2021,202105,Проездная,Rubok,RB ais-8935,18,75438,16632.0
2021-06-01,2021,202106,Проездная,Rubok,RB ais-8935,17,56593,15708.0
2021-07-01,2021,202107,Проездная,Rubok,RB ais-8935,18,31302,16632.0
2021-08-01,2021,202108,Проездная,Rubok,RB ais-8935,15,48465,13860.0
2021-09-01,2021,202109,Проездная,Rubok,RB ais-8935,16,42944,14784.0
2021-10-01,2021,202110,Проездная,Rubok,RB ais-8935,13,52663,12012.0
2021-11-01,2021,202111,Проездная,Rubok,RB ais-8935,10,33040,9240.0
2021-12-01,2021,202112,Проездная,Rubok,RB ais-8935,12,42108,11088.0
2022-01-01,2022,202201,Проездная,Rubok,RB ais-8935,17,56015,15708.0
2022-02-01,2022,202202,Проездная,Rubok,RB ais-8935,11,40392,10164.0
2022-03-01,2022,202203,Проездная,Rubok,RB ais-8935,9,26964,8316.0
2022-04-01,2022,202204,Проездная,Rubok,RB ais-8935,16,54432,14784.0
2022-05-01,2022,202205,Проездная,Rubok,RB ais-8935,20,78800,18480.0
2022-06-01,2022,202206,Проездная,Rubok,RB ais-8935,19,72637,17556.0
2022-07-01,2022,202207,Проездная,Rubok,RB ais-8935,20,31360,18480.0
2022-08-01,2022,202208,Проездная,Rubok,RB ais-8935,17,48144,15708.0
2022-09-01,2022,202209,Проездная,Rubok,RB ais-8935,18,54378,16632.0
2022-10-01,2022,202210,Проездная,Rubok,RB ais-8935,15,51900,13860.0
2022-11-01,2022,202211,Проездная,Rubok,RB ais-8935,11,38434,10164.0
2022-12-01,2022,202212,Проездная,Rubok,RB ais-8935,13,30186,12012.0
2021-01-01,2021,202101,Проездная,Rubok,RB ice-6256,12,43956,13104.0
2021-02-01,2021,202102,Проездная,Rubok,RB ice-6256,8,30784,8736.0
2021-03-01,2021,202103,Проездная,Rubok,RB ice-6256,6,17610,6552.0
2021-04-01,2021,202104,Проездная,Rubok,RB ice-6256,12,52536,13104.0
2021-05-01,2021,202105,Проездная,Rubok,RB ice-6256,14,60158,15288.0
2021-06-01,2021,202106,Проездная,Rubok,RB ice-6256,14,55118,15288.0
2021-07-01,2021,202107,Проездная,Rubok,RB ice-6256,14,34622,15288.0
2021-08-01,2021,202108,Проездная,Rubok,RB ice-6256,12,37812,13104.0
2021-09-01,2021,202109,Проездная,Rubok,RB ice-6256,13,44148,14196.0
2021-10-01,2021,202110,Проездная,Rubok,RB ice-6256,11,42526,12012.0
2021-11-01,2021,202111,Проездная,Rubok,RB ice-6256,8,33232,8736.0
2021-12-01,2021,202112,Проездная,Rubok,RB ice-6256,9,28800,9828.0
2022-01-01,2022,202201,Проездная,Rubok,RB ice-6256,13,41717,14196.0
2022-02-01,2022,202202,Проездная,Rubok,RB ice-6256,9,37701,9828.0
2022-03-01,2022,202203,Проездная,Rubok,RB ice-6256,7,27692,7644.0
2022-04-01,2022,202204,Проездная,Rubok,RB ice-6256,13,61256,14196.0
2022-05-01,2022,202205,Проездная,Rubok,RB ice-6256,16,79024,17472.0
2022-06-01,2022,202206,Проездная,Rubok,RB ice-6256,15,57345,16380.0
2022-07-01,2022,202207,Проездная,Rubok,RB ice-6256,16,30336,17472.0
2022-08-01,2022,202208,Проездная,Rubok,RB ice-6256,13,38233,14196.0
2022-09-01,2022,202209,Проездная,Rubok,RB ice-6256,14,43876,15288.0
2022-10-01,2022,202210,Проездная,Rubok,RB ice-6256,12,43104,13104.0
2022-11-01,2022,202211,Проездная,Rubok,RB ice-6256,9,37107,9828.0
2022-12-01,2022,202212,Проездная,Rubok,RB ice-6256,10,33030,10920.0
2021-01-01,2021,202101,Проездная,Rubok,RB ai-9349,16,54496,13984.0
2021-02-01,2021,202102,Проездная,Rubok,RB ai-9349,10,28020,8740.0
2021-03-01,2021,202103,Проездная,Rubok,RB ai-9349,8,24056,6992.0
2021-04-01,2021,202104,Проездная,Rubok,RB ai-9349,15,53160,13110.0
2021-05-01,2021,202105,Проездная,Rubok,RB ai-9349,18,76032,15732.0
2021-06-01,2021,202106,Проездная,Rubok,RB ai-9349,17,51068,14858.0
2021-07-01,2021,202107,Проездная,Rubok,RB ai-9349,18,30546,15732.0
2021-08-01,2021,202108,Проездная,Rubok,RB ai-9349,16,30928,13984.0
2021-09-01,2021,202109,Проездная,Rubok,RB ai-9349,17,48433,14858.0
2021-10-01,2021,202110,Проездная,Rubok,RB ai-9349,14,54264,12236.0
2021-11-01,2021,202111,Проездная,Rubok,RB ai-9349,10,28670,8740.0
2021-12-01,2021,202112,Проездная,Rubok,RB ai-9349,12,34080,10488.0
2022-01-01,2022,202201,Проездная,Rubok,RB ai-9349,17,45917,14858.0
2022-02-01,2022,202202,Проездная,Rubok,RB ai-9349,11,35783,9614.0
2022-03-01,2022,202203,Проездная,Rubok,RB ai-9349,9,23229,7866.0
2022-04-01,2022,202204,Проездная,Rubok,RB ai-9349,16,51696,13984.0
2022-05-01,2022,202205,Проездная,Rubok,RB ai-9349,20,71780,17480.0
2022-06-01,2022,202206,Проездная,Rubok,RB ai-9349,19,62320,16606.0
2022-07-01,2022,202207,Проездная,Rubok,RB ai-9349,20,30600,17480.0
2022-08-01,2022,202208,Проездная,Rubok,RB ai-9349,17,39559,14858.0
2022-09-01,2022,202209,Проездная,Rubok,RB ai-9349,18,49464,15732.0
2022-10-01,2022,202210,Проездная,Rubok,RB ai-9349,15,45420,13110.0
2022-11-01,2022,202211,Проездная,Rubok,RB ai-9349,11,30910,9614.0
2022-12-01,2022,202212,Проездная,Rubok,RB ai-9349,13,37414,11362.0
2021-01-01,2021,202101,ТЦ Ивановский,Galosha,KA air-9558,90,1006740,540000.0
2021-02-01,2021,202102,ТЦ Ивановский,Galosha,KA air-9558,57,619932,342000.0
2021-03-01,2021,202103,ТЦ Ивановский,Galosha,KA air-9558,45,465705,270000.0
2021-04-01,2021,202104,ТЦ Ивановский,Galosha,KA air-9558,85,1004190,510000.0
2021-05-01,2021,202105,ТЦ Ивановский,Galosha,KA air-9558,107,1263242,642000.0
2021-06-01,2021,202106,ТЦ Ивановский,Galosha,KA air-9558,101,1081811,606000.0
2021-07-01,2021,202107,ТЦ Ивановский,Galosha,KA air-9558,107,999594,642000.0
2021-08-01,2021,202108,ТЦ Ивановский,Galosha,KA air-9558,90,947970,540000.0
2021-09-01,2021,202109,ТЦ Ивановский,Galosha,KA air-9558,96,995520,576000.0
2021-10-01,2021,202110,ТЦ Ивановский,Galosha,KA air-9558,79,911344,474000.0
2021-11-01,2021,202111,ТЦ Ивановский,Galosha,KA air-9558,57,675621,342000.0
2021-12-01,2021,202112,ТЦ Ивановский,Galosha,KA air-9558,68,752896,408000.0
2022-01-01,2022,202201,ТЦ Ивановский,Galosha,KA air-9558,99,1117512,594000.0
2022-02-01,2022,202202,ТЦ Ивановский,Galosha,KA air-9558,62,690246,372000.0
2022-03-01,2022,202203,ТЦ Ивановский,Galosha,KA air-9558,50,542000,300000.0
2022-04-01,2022,202204,ТЦ Ивановский,Galosha,KA air-9558,93,1102143,558000.0
2022-05-01,2022,202205,ТЦ Ивановский,Galosha,KA air-9558,118,1391456,708000.0
2022-06-01,2022,202206,ТЦ Ивановский,Galosha,KA air-9558,111,1262403,666000.0
2022-07-01,2022,202207,ТЦ Ивановский,Galosha,KA air-9558,118,1154276,708000.0
2022-08-01,2022,202208,ТЦ Ивановский,Galosha,KA air-9558,99,1035342,594000.0
2022-09-01,2022,202209,ТЦ Ивановский,Galosha,KA air-9558,105,1138830,630000.0
2022-10-01,2022,202210,ТЦ Ивановский,Galosha,KA air-9558,87,960306,522000.0
2022-11-01,2022,202211,ТЦ Ивановский,Galosha,KA air-9558,62,683054,372000.0
2022-12-01,2022,202212,ТЦ Ивановский,Galosha,KA air-9558,74,804528,444000.0
2021-01-01,2021,202101,ТЦ Ивановский,Galosha,KA grou-7567,83,1058748,587640.0
2021-02-01,2021,202102,ТЦ Ивановский,Galosha,KA grou-7567,52,699556,368160.0
2021-03-01,2021,202103,ТЦ Ивановский,Galosha,KA grou-7567,42,547974,297360.0
2021-04-01,2021,202104,ТЦ Ивановский,Galosha,KA grou-7567,77,1110109,545160.0
2021-05-01,2021,202105,ТЦ Ивановский,Galosha,KA grou-7567,98,1376214,693840.0
2021-06-01,2021,202106,ТЦ Ивановский,Galosha,KA grou-7567,93,1261173,658440.0
2021-07-01,2021,202107,ТЦ Ивановский,Galosha,KA grou-7567,98,1183448,693840.0
2021-08-01,2021,202108,ТЦ Ивановский,Galosha,KA grou-7567,83,1037583,587640.0
2021-09-01,2021,202109,ТЦ Ивановский,Galosha,KA grou-7567,88,1110208,623040.0
2021-10-01,2021,202110,ТЦ Ивановский,Galosha,KA grou-7567,72,957096,509760.0
2021-11-01,2021,202111,ТЦ Ивановский,Galosha,KA grou-7567,52,658632,368160.0
2021-12-01,2021,202112,ТЦ Ивановский,Galosha,KA grou-7567,62,769358,438960.0
2022-01-01,2022,202201,ТЦ Ивановский,Galosha,KA grou-7567,91,1182272,644280.0
2022-02-01,2022,202202,ТЦ Ивановский,Galosha,KA grou-7567,57,783009,403560.0
2022-03-01,2022,202203,ТЦ Ивановский,Galosha,KA grou-7567,46,580658,325680.0
2022-04-01,2022,202204,ТЦ Ивановский,Galosha,KA grou-7567,85,1209040,601800.0
2022-05-01,2022,202205,ТЦ Ивановский,Galosha,KA grou-7567,108,1521504,764640.0
2022-06-01,2022,202206,ТЦ Ивановский,Galosha,KA grou-7567,102,1370880,722160.0
2022-07-01,2022,202207,ТЦ Ивановский,Galosha,KA grou-7567,108,1247508,764640.0
2022-08-01,2022,202208,ТЦ Ивановский,Galosha,KA grou-7567,91,1179269,644280.0
2022-09-01,2022,202209,ТЦ Ивановский,Galosha,KA grou-7567,96,1272288,679680.0
2022-10-01,2022,202210,ТЦ Ивановский,Galosha,KA grou-7567,80,1108160,566400.0
2022-11-01,2022,202211,ТЦ Ивановский,Galosha,KA grou-7567,57,754452,403560.0
2022-12-01,2022,202212,ТЦ Ивановский,Galosha,KA grou-7567,68,889848,481440.0
2021-01-01,2021,202101,ТЦ Ивановский,Galosha,KA gre-2749,83,2156921,871500.0
2021-02-01,2021,202102,ТЦ Ивановский,Galosha,KA gre-2749,52,1360372,546000.0
2021-03-01,2021,202103,ТЦ Ивановский,Galosha,KA gre-2749,42,1058358,441000.0
2021-04-01,2021,202104,ТЦ Ивановский,Galosha,KA gre-2749,77,2112341,808500.0
2021-05-01,2021,202105,ТЦ Ивановский,Galosha,KA gre-2749,98,2667560,1029000.0
2021-06-01,2021,202106,ТЦ Ивановский,Galosha,KA gre-2749,93,2458827,976500.0
2021-07-01,2021,202107,ТЦ Ивановский,Galosha,KA gre-2749,98,2488710,1029000.0
2021-08-01,2021,202108,ТЦ Ивановский,Galosha,KA gre-2749,83,2080561,871500.0
2021-09-01,2021,202109,ТЦ Ивановский,Galosha,KA gre-2749,88,2315456,924000.0
2021-10-01,2021,202110,ТЦ Ивановский,Galosha,KA gre-2749,72,1917144,756000.0
2021-11-01,2021,202111,ТЦ Ивановский,Galosha,KA gre-2749,52,1374048,546000.0
2021-12-01,2021,202112,ТЦ Ивановский,Galosha,KA gre-2749,62,1580814,651000.0
2022-01-01,2022,202201,ТЦ Ивановский,Galosha,KA gre-2749,91,2404129,955500.0
2022-02-01,2022,202202,ТЦ Ивановский,Galosha,KA gre-2749,57,1499898,598500.0
2022-03-01,2022,202203,ТЦ Ивановский,Galosha,KA gre-2749,46,1175024,483000.0
2022-04-01,2022,202204,ТЦ Ивановский,Galosha,KA gre-2749,85,2277490,892500.0
2022-05-01,2022,202205,ТЦ Ивановский,Galosha,KA gre-2749,108,2908440,1134000.0
2022-06-01,2022,202206,ТЦ Ивановский,Galosha,KA gre-2749,102,2666484,1071000.0
2022-07-01,2022,202207,ТЦ Ивановский,Galosha,KA gre-2749,108,2614248,1134000.0
2022-08-01,2022,202208,ТЦ Ивановский,Galosha,KA gre-2749,91,2337517,955500.0
2022-09-01,2022,202209,ТЦ Ивановский,Galosha,KA gre-2749,96,2498400,1008000.0
2022-10-01,2022,202210,ТЦ Ивановский,Galosha,KA gre-2749,80,2115840,840000.0
2022-11-01,2022,202211,ТЦ Ивановский,Galosha,KA gre-2749,57,1493172,598500.0
2022-12-01,2022,202212,ТЦ Ивановский,Galosha,KA gre-2749,68,1754468,714000.0
2021-01-01,2021,202101,ТЦ Ивановский,Galosha,KA earth-3018,89,1645432,665720.0
2021-02-01,2021,202102,ТЦ Ивановский,Galosha,KA earth-3018,56,1062880,418880.0
2021-03-01,2021,202103,ТЦ Ивановский,Galosha,KA earth-3018,45,773595,336600.0
2021-04-01,2021,202104,ТЦ Ивановский,Galosha,KA earth-3018,84,1567608,628320.0
2021-05-01,2021,202105,ТЦ Ивановский,Galosha,KA earth-3018,106,1997676,792880.0
2021-06-01,2021,202106,ТЦ Ивановский,Galosha,KA earth-3018,101,1842644,755480.0
2021-07-01,2021,202107,ТЦ Ивановский,Galosha,KA earth-3018,106,1771684,792880.0
2021-08-01,2021,202108,ТЦ Ивановский,Galosha,KA earth-3018,89,1618109,665720.0
2021-09-01,2021,202109,ТЦ Ивановский,Galosha,KA earth-3018,95,1714370,710600.0
2021-10-01,2021,202110,ТЦ Ивановский,Galosha,KA earth-3018,78,1467804,583440.0
2021-11-01,2021,202111,ТЦ Ивановский,Galosha,KA earth-3018,56,1019536,418880.0
2021-12-01,2021,202112,ТЦ Ивановский,Galosha,KA earth-3018,67,1199099,501160.0
2022-01-01,2022,202201,ТЦ Ивановский,Galosha,KA earth-3018,98,1750574,733040.0
2022-02-01,2022,202202,ТЦ Ивановский,Galosha,KA earth-3018,62,1117302,463760.0
2022-03-01,2022,202203,ТЦ Ивановский,Galosha,KA earth-3018,49,886900,366520.0
2022-04-01,2022,202204,ТЦ Ивановский,Galosha,KA earth-3018,92,1683232,688160.0
2022-05-01,2022,202205,ТЦ Ивановский,Galosha,KA earth-3018,117,2207790,875160.0
2022-06-01,2022,202206,ТЦ Ивановский,Galosha,KA earth-3018,111,2075922,830280.0
2022-07-01,2022,202207,ТЦ Ивановский,Galosha,KA earth-3018,117,1968642,875160.0
2022-08-01,2022,202208,ТЦ Ивановский,Galosha,KA earth-3018,98,1666686,733040.0
2022-09-01,2022,202209,ТЦ Ивановский,Galosha,KA earth-3018,104,1898312,777920.0
2022-10-01,2022,202210,ТЦ Ивановский,Galosha,KA earth-3018,86,1628668,643280.0
2022-11-01,2022,202211,ТЦ Ивановский,Galosha,KA earth-3018,62,1149666,463760.0
2022-12-01,2022,202212,ТЦ Ивановский,Galosha,KA earth-3018,74,1299588,553520.0
2021-01-01,2021,202101,ТЦ Ивановский,Galosha,KA ais-3700,70,2166710,1176000.0
2021-02-01,2021,202102,ТЦ Ивановский,Galosha,KA ais-3700,44,1393084,739200.0
2021-03-01,2021,202103,ТЦ Ивановский,Galosha,KA ais-3700,35,1078980,588000.0
2021-04-01,2021,202104,ТЦ Ивановский,Galosha,KA ais-3700,65,2049775,1092000.0
2021-05-01,2021,202105,ТЦ Ивановский,Galosha,KA ais-3700,83,2643467,1394400.0
2021-06-01,2021,202106,ТЦ Ивановский,Galosha,KA ais-3700,78,2441634,1310400.0
2021-07-01,2021,202107,ТЦ Ивановский,Galosha,KA ais-3700,83,2436714,1394400.0
2021-08-01,2021,202108,ТЦ Ивановский,Galosha,KA ais-3700,70,2165800,1176000.0
2021-09-01,2021,202109,ТЦ Ивановский,Galosha,KA ais-3700,74,2308800,1243200.0
2021-10-01,2021,202110,ТЦ Ивановский,Galosha,KA ais-3700,61,1911008,1024800.0
2021-11-01,2021,202111,ТЦ Ивановский,Galosha,KA ais-3700,44,1361360,739200.0
2021-12-01,2021,202112,ТЦ Ивановский,Galosha,KA ais-3700,52,1581476,873600.0
2022-01-01,2022,202201,ТЦ Ивановский,Galosha,KA ais-3700,77,2413026,1293600.0
2022-02-01,2022,202202,ТЦ Ивановский,Galosha,KA ais-3700,48,1511568,806400.0
2022-03-01,2022,202203,ТЦ Ивановский,Galosha,KA ais-3700,39,1191489,655200.0
2022-04-01,2022,202204,ТЦ Ивановский,Galosha,KA ais-3700,72,2313432,1209600.0
2022-05-01,2022,202205,ТЦ Ивановский,Galosha,KA ais-3700,91,2924376,1528800.0
2022-06-01,2022,202206,ТЦ Ивановский,Galosha,KA ais-3700,86,2703668,1444800.0
2022-07-01,2022,202207,ТЦ Ивановский,Galosha,KA ais-3700,91,2768948,1528800.0
2022-08-01,2022,202208,ТЦ Ивановский,Galosha,KA ais-3700,77,2374064,1293600.0
2022-09-01,2022,202209,ТЦ Ивановский,Galosha,KA ais-3700,81,2481678,1360800.0
2022-10-01,2022,202210,ТЦ Ивановский,Galosha,KA ais-3700,67,2109227,1125600.0
2022-11-01,2022,202211,ТЦ Ивановский,Galosha,KA ais-3700,48,1518960,806400.0
2022-12-01,2022,202212,ТЦ Ивановский,Galosha,KA ais-3700,58,1810876,974400.0
2021-01-01,2021,202101,ТЦ Ивановский,Galosha,KA ice-7591,67,1102619,412050.0
2021-02-01,2021,202102,ТЦ Ивановский,Galosha,KA ice-7591,42,680400,258300.0
2021-03-01,2021,202103,ТЦ Ивановский,Galosha,KA ice-7591,34,528462,209100.0
2021-04-01,2021,202104,ТЦ Ивановский,Galosha,KA ice-7591,62,1024674,381300.0
2021-05-01,2021,202105,ТЦ Ивановский,Galosha,KA ice-7591,79,1350426,485850.0
2021-06-01,2021,202106,ТЦ Ивановский,Galosha,KA ice-7591,75,1187325,461250.0
2021-07-01,2021,202107,ТЦ Ивановский,Galosha,KA ice-7591,79,1215494,485850.0
2021-08-01,2021,202108,ТЦ Ивановский,Galosha,KA ice-7591,67,1042051,412050.0
2021-09-01,2021,202109,ТЦ Ивановский,Galosha,KA ice-7591,71,1096098,436650.0
2021-10-01,2021,202110,ТЦ Ивановский,Galosha,KA ice-7591,58,940180,356700.0
2021-11-01,2021,202111,ТЦ Ивановский,Galosha,KA ice-7591,42,701232,258300.0
2021-12-01,2021,202112,ТЦ Ивановский,Galosha,KA ice-7591,50,794000,307500.0
2022-01-01,2022,202201,ТЦ Ивановский,Galosha,KA ice-7591,73,1133325,448950.0
2022-02-01,2022,202202,ТЦ Ивановский,Galosha,KA ice-7591,46,728824,282900.0
2022-03-01,2022,202203,ТЦ Ивановский,Galosha,KA ice-7591,37,595737,227550.0
2022-04-01,2022,202204,ТЦ Ивановский,Galosha,KA ice-7591,69,1192320,424350.0
2022-05-01,2022,202205,ТЦ Ивановский,Galosha,KA ice-7591,87,1506405,535050.0
2022-06-01,2022,202206,ТЦ Ивановский,Galosha,KA ice-7591,82,1376698,504300.0
2022-07-01,2022,202207,ТЦ Ивановский,Galosha,KA ice-7591,87,1258455,535050.0
2022-08-01,2022,202208,ТЦ Ивановский,Galosha,KA ice-7591,73,1151648,448950.0
2022-09-01,2022,202209,ТЦ Ивановский,Galosha,KA ice-7591,78,1264926,479700.0
2022-10-01,2022,202210,ТЦ Ивановский,Galosha,KA ice-7591,64,1039488,393600.0
2022-11-01,2022,202211,ТЦ Ивановский,Galosha,KA ice-7591,46,742532,282900.0
2022-12-01,2022,202212,ТЦ Ивановский,Galosha,KA ice-7591,55,879230,338250.0
2021-01-01,2021,202101,ТЦ Ивановский,Galosha,KA ai-2818,87,1078626,382800.0
2021-02-01,2021,202102,ТЦ Ивановский,Galosha,KA ai-2818,55,716485,242000.0
2021-03-01,2021,202103,ТЦ Ивановский,Galosha,KA ai-2818,44,491040,193600.0
2021-04-01,2021,202104,ТЦ Ивановский,Galosha,KA ai-2818,82,1063540,360800.0
2021-05-01,2021,202105,ТЦ Ивановский,Galosha,KA ai-2818,103,1318194,453200.0
2021-06-01,2021,202106,ТЦ Ивановский,Galosha,KA ai-2818,98,1223922,431200.0
2021-07-01,2021,202107,ТЦ Ивановский,Galosha,KA ai-2818,103,1096229,453200.0
2021-08-01,2021,202108,ТЦ Ивановский,Galosha,KA ai-2818,87,1039737,382800.0
2021-09-01,2021,202109,ТЦ Ивановский,Galosha,KA ai-2818,93,1065129,409200.0
2021-10-01,2021,202110,ТЦ Ивановский,Galosha,KA ai-2818,76,903412,334400.0
2021-11-01,2021,202111,ТЦ Ивановский,Galosha,KA ai-2818,55,672265,242000.0
2021-12-01,2021,202112,ТЦ Ивановский,Galosha,KA ai-2818,65,789750,286000.0
2022-01-01,2022,202201,ТЦ Ивановский,Galosha,KA ai-2818,96,1223136,422400.0
2022-02-01,2022,202202,ТЦ Ивановский,Galosha,KA ai-2818,60,759540,264000.0
2022-03-01,2022,202203,ТЦ Ивановский,Galosha,KA ai-2818,48,561936,211200.0
2022-04-01,2022,202204,ТЦ Ивановский,Galosha,KA ai-2818,90,1163430,396000.0
2022-05-01,2022,202205,ТЦ Ивановский,Galosha,KA ai-2818,114,1453842,501600.0
2022-06-01,2022,202206,ТЦ Ивановский,Galosha,KA ai-2818,108,1261548,475200.0
2022-07-01,2022,202207,ТЦ Ивановский,Galosha,KA ai-2818,114,1173516,501600.0
2022-08-01,2022,202208,ТЦ Ивановский,Galosha,KA ai-2818,96,1117824,422400.0
2022-09-01,2022,202209,ТЦ Ивановский,Galosha,KA ai-2818,102,1208598,448800.0
2022-10-01,2022,202210,ТЦ Ивановский,Galosha,KA ai-2818,84,1047144,369600.0
2022-11-01,2022,202211,ТЦ Ивановский,Galosha,KA ai-2818,60,711420,264000.0
2022-12-01,2022,202212,ТЦ Ивановский,Galosha,KA ai-2818,72,859680,316800.0
2021-01-01,2021,202101,ТЦ Ивановский,Babidas,BA air-5353,44,190476,79772.0
2021-02-01,2021,202102,ТЦ Ивановский,Babidas,BA air-5353,28,132048,50764.0
2021-03-01,2021,202103,ТЦ Ивановский,Babidas,BA air-5353,22,95634,39886.0
2021-04-01,2021,202104,ТЦ Ивановский,Babidas,BA air-5353,41,235012,74333.0
2021-05-01,2021,202105,ТЦ Ивановский,Babidas,BA air-5353,52,290524,94276.0
2021-06-01,2021,202106,ТЦ Ивановский,Babidas,BA air-5353,50,235350,90650.0
2021-07-01,2021,202107,ТЦ Ивановский,Babidas,BA air-5353,52,153868,94276.0
2021-08-01,2021,202108,ТЦ Ивановский,Babidas,BA air-5353,44,195668,79772.0
2021-09-01,2021,202109,ТЦ Ивановский,Babidas,BA air-5353,47,195426,85211.0
2021-10-01,2021,202110,ТЦ Ивановский,Babidas,BA air-5353,39,189657,70707.0
2021-11-01,2021,202111,ТЦ Ивановский,Babidas,BA air-5353,28,139944,50764.0
2021-12-01,2021,202112,ТЦ Ивановский,Babidas,BA air-5353,33,136158,59829.0
2022-01-01,2022,202201,ТЦ Ивановский,Babidas,BA air-5353,49,245784,88837.0
2022-02-01,2022,202202,ТЦ Ивановский,Babidas,BA air-5353,31,151342,56203.0
2022-03-01,2022,202203,ТЦ Ивановский,Babidas,BA air-5353,25,120675,45325.0
2022-04-01,2022,202204,ТЦ Ивановский,Babidas,BA air-5353,46,238004,83398.0
2022-05-01,2022,202205,ТЦ Ивановский,Babidas,BA air-5353,58,318014,105154.0
2022-06-01,2022,202206,ТЦ Ивановский,Babidas,BA air-5353,55,280445,99715.0
2022-07-01,2022,202207,ТЦ Ивановский,Babidas,BA air-5353,58,176668,105154.0
2022-08-01,2022,202208,ТЦ Ивановский,Babidas,BA air-5353,49,215012,88837.0
2022-09-01,2022,202209,ТЦ Ивановский,Babidas,BA air-5353,52,229788,94276.0
2022-10-01,2022,202210,ТЦ Ивановский,Babidas,BA air-5353,43,210141,77959.0
2022-11-01,2022,202211,ТЦ Ивановский,Babidas,BA air-5353,31,162440,56203.0
2022-12-01,2022,202212,ТЦ Ивановский,Babidas,BA air-5353,37,161468,67081.0
2021-01-01,2021,202101,ТЦ Ивановский,Babidas,BA grou-9248,35,141400,40250.0
2021-02-01,2021,202102,ТЦ Ивановский,Babidas,BA grou-9248,22,95062,25300.0
2021-03-01,2021,202103,ТЦ Ивановский,Babidas,BA grou-9248,18,68400,20700.0
2021-04-01,2021,202104,ТЦ Ивановский,Babidas,BA grou-9248,33,144606,37950.0
2021-05-01,2021,202105,ТЦ Ивановский,Babidas,BA grou-9248,41,195283,47150.0
2021-06-01,2021,202106,ТЦ Ивановский,Babidas,BA grou-9248,39,154635,44850.0
2021-07-01,2021,202107,ТЦ Ивановский,Babidas,BA grou-9248,41,81918,47150.0
2021-08-01,2021,202108,ТЦ Ивановский,Babidas,BA grou-9248,35,114870,40250.0
2021-09-01,2021,202109,ТЦ Ивановский,Babidas,BA grou-9248,37,131091,42550.0
2021-10-01,2021,202110,ТЦ Ивановский,Babidas,BA grou-9248,30,122700,34500.0
2021-11-01,2021,202111,ТЦ Ивановский,Babidas,BA grou-9248,22,76450,25300.0
2021-12-01,2021,202112,ТЦ Ивановский,Babidas,BA grou-9248,26,99970,29900.0
2022-01-01,2022,202201,ТЦ Ивановский,Babidas,BA grou-9248,38,121220,43700.0
2022-02-01,2022,202202,ТЦ Ивановский,Babidas,BA grou-9248,24,85920,27600.0
2022-03-01,2022,202203,ТЦ Ивановский,Babidas,BA grou-9248,19,49989,21850.0
2022-04-01,2022,202204,ТЦ Ивановский,Babidas,BA grou-9248,36,137484,41400.0
2022-05-01,2022,202205,ТЦ Ивановский,Babidas,BA grou-9248,45,222435,51750.0
2022-06-01,2022,202206,ТЦ Ивановский,Babidas,BA grou-9248,43,174279,49450.0
2022-07-01,2022,202207,ТЦ Ивановский,Babidas,BA grou-9248,45,113445,51750.0
2022-08-01,2022,202208,ТЦ Ивановский,Babidas,BA grou-9248,38,106362,43700.0
2022-09-01,2022,202209,ТЦ Ивановский,Babidas,BA grou-9248,40,155840,46000.0
2022-10-01,2022,202210,ТЦ Ивановский,Babidas,BA grou-9248,33,127578,37950.0
2022-11-01,2022,202211,ТЦ Ивановский,Babidas,BA grou-9248,24,85152,27600.0
2022-12-01,2022,202212,ТЦ Ивановский,Babidas,BA grou-9248,29,99296,33350.0
2021-01-01,2021,202101,ТЦ Ивановский,Babidas,BA gre-3658,45,178875,60030.0
2021-02-01,2021,202102,ТЦ Ивановский,Babidas,BA gre-3658,28,110544,37352.0
2021-03-01,2021,202103,ТЦ Ивановский,Babidas,BA gre-3658,23,93886,30682.0
2021-04-01,2021,202104,ТЦ Ивановский,Babidas,BA gre-3658,42,173250,56028.0
2021-05-01,2021,202105,ТЦ Ивановский,Babidas,BA gre-3658,53,240779,70702.0
2021-06-01,2021,202106,ТЦ Ивановский,Babidas,BA gre-3658,50,234050,66700.0
2021-07-01,2021,202107,ТЦ Ивановский,Babidas,BA gre-3658,53,114268,70702.0
2021-08-01,2021,202108,ТЦ Ивановский,Babidas,BA gre-3658,45,144225,60030.0
2021-09-01,2021,202109,ТЦ Ивановский,Babidas,BA gre-3658,47,204732,62698.0
2021-10-01,2021,202110,ТЦ Ивановский,Babidas,BA gre-3658,39,149565,52026.0
2021-11-01,2021,202111,ТЦ Ивановский,Babidas,BA gre-3658,28,137144,37352.0
2021-12-01,2021,202112,ТЦ Ивановский,Babidas,BA gre-3658,34,146506,45356.0
2022-01-01,2022,202201,ТЦ Ивановский,Babidas,BA gre-3658,49,186592,65366.0
2022-02-01,2022,202202,ТЦ Ивановский,Babidas,BA gre-3658,31,146909,41354.0
2022-03-01,2022,202203,ТЦ Ивановский,Babidas,BA gre-3658,25,92350,33350.0
2022-04-01,2022,202204,ТЦ Ивановский,Babidas,BA gre-3658,46,229678,61364.0
2022-05-01,2022,202205,ТЦ Ивановский,Babidas,BA gre-3658,58,261174,77372.0
2022-06-01,2022,202206,ТЦ Ивановский,Babidas,BA gre-3658,55,227040,73370.0
2022-07-01,2022,202207,ТЦ Ивановский,Babidas,BA gre-3658,58,130906,77372.0
2022-08-01,2022,202208,ТЦ Ивановский,Babidas,BA gre-3658,49,195853,65366.0
2022-09-01,2022,202209,ТЦ Ивановский,Babidas,BA gre-3658,52,180908,69368.0
2022-10-01,2022,202210,ТЦ Ивановский,Babidas,BA gre-3658,43,177332,57362.0
2022-11-01,2022,202211,ТЦ Ивановский,Babidas,BA gre-3658,31,130603,41354.0
2022-12-01,2022,202212,ТЦ Ивановский,Babidas,BA gre-3658,37,117179,49358.0
2021-01-01,2021,202101,ТЦ Ивановский,Babidas,BA earth-3530,37,185444,74592.0
2021-02-01,2021,202102,ТЦ Ивановский,Babidas,BA earth-3530,23,129697,46368.0
2021-03-01,2021,202103,ТЦ Ивановский,Babidas,BA earth-3530,19,92682,38304.0
2021-04-01,2021,202104,ТЦ Ивановский,Babidas,BA earth-3530,35,208215,70560.0
2021-05-01,2021,202105,ТЦ Ивановский,Babidas,BA earth-3530,44,266992,88704.0
2021-06-01,2021,202106,ТЦ Ивановский,Babidas,BA earth-3530,42,219366,84672.0
2021-07-01,2021,202107,ТЦ Ивановский,Babidas,BA earth-3530,44,170808,88704.0
2021-08-01,2021,202108,ТЦ Ивановский,Babidas,BA earth-3530,37,206201,74592.0
2021-09-01,2021,202109,ТЦ Ивановский,Babidas,BA earth-3530,39,203697,78624.0
2021-10-01,2021,202110,ТЦ Ивановский,Babidas,BA earth-3530,32,167968,64512.0
2021-11-01,2021,202111,ТЦ Ивановский,Babidas,BA earth-3530,23,129766,46368.0
2021-12-01,2021,202112,ТЦ Ивановский,Babidas,BA earth-3530,28,136108,56448.0
2022-01-01,2022,202201,ТЦ Ивановский,Babidas,BA earth-3530,41,220170,82656.0
2022-02-01,2022,202202,ТЦ Ивановский,Babidas,BA earth-3530,26,136448,52416.0
2022-03-01,2022,202203,ТЦ Ивановский,Babidas,BA earth-3530,21,100527,42336.0
2022-04-01,2022,202204,ТЦ Ивановский,Babidas,BA earth-3530,38,239058,76608.0
2022-05-01,2022,202205,ТЦ Ивановский,Babidas,BA earth-3530,48,272496,96768.0
2022-06-01,2022,202206,ТЦ Ивановский,Babidas,BA earth-3530,46,258382,92736.0
2022-07-01,2022,202207,ТЦ Ивановский,Babidas,BA earth-3530,48,210432,96768.0
2022-08-01,2022,202208,ТЦ Ивановский,Babidas,BA earth-3530,41,188764,82656.0
2022-09-01,2022,202209,ТЦ Ивановский,Babidas,BA earth-3530,43,221579,86688.0
2022-10-01,2022,202210,ТЦ Ивановский,Babidas,BA earth-3530,36,219312,72576.0
2022-11-01,2022,202211,ТЦ Ивановский,Babidas,BA earth-3530,26,150566,52416.0
2022-12-01,2022,202212,ТЦ Ивановский,Babidas,BA earth-3530,31,163463,62496.0
2021-01-01,2021,202101,ТЦ Ивановский,Babidas,BA ais-1740,34,95506,31790.000000000004
2021-02-01,2021,202102,ТЦ Ивановский,Babidas,BA ais-1740,21,77280,19635.000000000004
2021-03-01,2021,202103,ТЦ Ивановский,Babidas,BA ais-1740,17,35326,15895.000000000002
2021-04-01,2021,202104,ТЦ Ивановский,Babidas,BA ais-1740,31,90272,28985.000000000004
2021-05-01,2021,202105,ТЦ Ивановский,Babidas,BA ais-1740,40,163640,37400.00000000001
2021-06-01,2021,202106,ТЦ Ивановский,Babidas,BA ais-1740,38,120384,35530.00000000001
2021-07-01,2021,202107,ТЦ Ивановский,Babidas,BA ais-1740,40,78560,37400.00000000001
2021-08-01,2021,202108,ТЦ Ивановский,Babidas,BA ais-1740,34,90644,31790.000000000004
2021-09-01,2021,202109,ТЦ Ивановский,Babidas,BA ais-1740,36,90216,33660.00000000001
2021-10-01,2021,202110,ТЦ Ивановский,Babidas,BA ais-1740,29,93873,27115.000000000004
2021-11-01,2021,202111,ТЦ Ивановский,Babidas,BA ais-1740,21,55839,19635.000000000004
2021-12-01,2021,202112,ТЦ Ивановский,Babidas,BA ais-1740,25,54025,23375.000000000004
2022-01-01,2022,202201,ТЦ Ивановский,Babidas,BA ais-1740,37,111666,34595.00000000001
2022-02-01,2022,202202,ТЦ Ивановский,Babidas,BA ais-1740,23,61410,21505.000000000004
2022-03-01,2022,202203,ТЦ Ивановский,Babidas,BA ais-1740,19,51205,17765.000000000004
2022-04-01,2022,202204,ТЦ Ивановский,Babidas,BA ais-1740,35,112000,32725.000000000004
2022-05-01,2022,202205,ТЦ Ивановский,Babidas,BA ais-1740,44,150348,41140.00000000001
2022-06-01,2022,202206,ТЦ Ивановский,Babidas,BA ais-1740,41,122262,38335.00000000001
2022-07-01,2022,202207,ТЦ Ивановский,Babidas,BA ais-1740,44,59312,41140.00000000001
2022-08-01,2022,202208,ТЦ Ивановский,Babidas,BA ais-1740,37,89836,34595.00000000001
2022-09-01,2022,202209,ТЦ Ивановский,Babidas,BA ais-1740,39,103935,36465.00000000001
2022-10-01,2022,202210,ТЦ Ивановский,Babidas,BA ais-1740,32,93152,29920.000000000004
2022-11-01,2022,202211,ТЦ Ивановский,Babidas,BA ais-1740,23,66148,21505.000000000004
2022-12-01,2022,202212,ТЦ Ивановский,Babidas,BA ais-1740,28,75348,26180.000000000004
2021-01-01,2021,202101,ТЦ Ивановский,Babidas,BA ice-4231,41,193520,81016.0
2021-02-01,2021,202102,ТЦ Ивановский,Babidas,BA ice-4231,26,130546,51376.0
2021-03-01,2021,202103,ТЦ Ивановский,Babidas,BA ice-4231,21,84315,41496.0
2021-04-01,2021,202104,ТЦ Ивановский,Babidas,BA ice-4231,39,226512,77064.0
2021-05-01,2021,202105,ТЦ Ивановский,Babidas,BA ice-4231,49,298214,96824.0
2021-06-01,2021,202106,ТЦ Ивановский,Babidas,BA ice-4231,46,256450,90896.0
2021-07-01,2021,202107,ТЦ Ивановский,Babidas,BA ice-4231,49,163905,96824.0
2021-08-01,2021,202108,ТЦ Ивановский,Babidas,BA ice-4231,41,164533,81016.0
2021-09-01,2021,202109,ТЦ Ивановский,Babidas,BA ice-4231,44,189332,86944.0
2021-10-01,2021,202110,ТЦ Ивановский,Babidas,BA ice-4231,36,185472,71136.0
2021-11-01,2021,202111,ТЦ Ивановский,Babidas,BA ice-4231,26,138320,51376.0
2021-12-01,2021,202112,ТЦ Ивановский,Babidas,BA ice-4231,31,135904,61256.0
2022-01-01,2022,202201,ТЦ Ивановский,Babidas,BA ice-4231,45,207450,88920.0
2022-02-01,2022,202202,ТЦ Ивановский,Babidas,BA ice-4231,28,133000,55328.0
2022-03-01,2022,202203,ТЦ Ивановский,Babidas,BA ice-4231,23,104742,45448.0
2022-04-01,2022,202204,ТЦ Ивановский,Babidas,BA ice-4231,42,257082,82992.0
2022-05-01,2022,202205,ТЦ Ивановский,Babidas,BA ice-4231,54,327672,106704.0
2022-06-01,2022,202206,ТЦ Ивановский,Babidas,BA ice-4231,51,239853,100776.0
2022-07-01,2022,202207,ТЦ Ивановский,Babidas,BA ice-4231,54,196236,106704.0
2022-08-01,2022,202208,ТЦ Ивановский,Babidas,BA ice-4231,45,224325,88920.0
2022-09-01,2022,202209,ТЦ Ивановский,Babidas,BA ice-4231,48,229776,94848.0
2022-10-01,2022,202210,ТЦ Ивановский,Babidas,BA ice-4231,40,203360,79040.0
2022-11-01,2022,202211,ТЦ Ивановский,Babidas,BA ice-4231,28,155876,55328.0
2022-12-01,2022,202212,ТЦ Ивановский,Babidas,BA ice-4231,34,146540,67184.0
2021-01-01,2021,202101,ТЦ Ивановский,Babidas,BA ai-2960,37,234654,66600.0
2021-02-01,2021,202102,ТЦ Ивановский,Babidas,BA ai-2960,23,136896,41400.0
2021-03-01,2021,202103,ТЦ Ивановский,Babidas,BA ai-2960,19,108110,34200.0
2021-04-01,2021,202104,ТЦ Ивановский,Babidas,BA ai-2960,35,211575,63000.0
2021-05-01,2021,202105,ТЦ Ивановский,Babidas,BA ai-2960,44,277288,79200.0
2021-06-01,2021,202106,ТЦ Ивановский,Babidas,BA ai-2960,42,243978,75600.0
2021-07-01,2021,202107,ТЦ Ивановский,Babidas,BA ai-2960,44,164076,79200.0
2021-08-01,2021,202108,ТЦ Ивановский,Babidas,BA ai-2960,37,210604,66600.0
2021-09-01,2021,202109,ТЦ Ивановский,Babidas,BA ai-2960,39,213486,70200.0
2021-10-01,2021,202110,ТЦ Ивановский,Babidas,BA ai-2960,32,194144,57600.0
2021-11-01,2021,202111,ТЦ Ивановский,Babidas,BA ai-2960,23,140806,41400.0
2021-12-01,2021,202112,ТЦ Ивановский,Babidas,BA ai-2960,28,156968,50400.0
2022-01-01,2022,202201,ТЦ Ивановский,Babidas,BA ai-2960,41,224516,73800.0
2022-02-01,2022,202202,ТЦ Ивановский,Babidas,BA ai-2960,26,165516,46800.0
2022-03-01,2022,202203,ТЦ Ивановский,Babidas,BA ai-2960,21,101640,37800.0
2022-04-01,2022,202204,ТЦ Ивановский,Babidas,BA ai-2960,38,244644,68400.0
2022-05-01,2022,202205,ТЦ Ивановский,Babidas,BA ai-2960,48,307248,86400.0
2022-06-01,2022,202206,ТЦ Ивановский,Babidas,BA ai-2960,46,280784,82800.0
2022-07-01,2022,202207,ТЦ Ивановский,Babidas,BA ai-2960,48,225456,86400.0
2022-08-01,2022,202208,ТЦ Ивановский,Babidas,BA ai-2960,41,211970,73800.0
2022-09-01,2022,202209,ТЦ Ивановский,Babidas,BA ai-2960,43,229706,77400.0
2022-10-01,2022,202210,ТЦ Ивановский,Babidas,BA ai-2960,36,222588,64800.0
2022-11-01,2022,202211,ТЦ Ивановский,Babidas,BA ai-2960,26,144716,46800.0
2022-12-01,2022,202212,ТЦ Ивановский,Babidas,BA ai-2960,31,152148,55800.0
2021-01-01,2021,202101,ТЦ Ивановский,Asic,AS air-7520,25,914725,516250.0
2021-02-01,2021,202102,ТЦ Ивановский,Asic,AS air-7520,16,584208,330400.0
2021-03-01,2021,202103,ТЦ Ивановский,Asic,AS air-7520,13,467012,268450.0
2021-04-01,2021,202104,ТЦ Ивановский,Asic,AS air-7520,23,857946,474950.0
2021-05-01,2021,202105,ТЦ Ивановский,Asic,AS air-7520,29,1089298,598850.0
2021-06-01,2021,202106,ТЦ Ивановский,Asic,AS air-7520,28,1018724,578200.0
2021-07-01,2021,202107,ТЦ Ивановский,Asic,AS air-7520,29,1003893,598850.0
2021-08-01,2021,202108,ТЦ Ивановский,Asic,AS air-7520,25,897450,516250.0
2021-09-01,2021,202109,ТЦ Ивановский,Asic,AS air-7520,26,921076,536900.0
2021-10-01,2021,202110,ТЦ Ивановский,Asic,AS air-7520,22,814132,454300.0
2021-11-01,2021,202111,ТЦ Ивановский,Asic,AS air-7520,16,577600,330400.0
2021-12-01,2021,202112,ТЦ Ивановский,Asic,AS air-7520,19,677407,392350.0
2022-01-01,2022,202201,ТЦ Ивановский,Asic,AS air-7520,27,997299,557550.0
2022-02-01,2022,202202,ТЦ Ивановский,Asic,AS air-7520,17,627368,351050.0
2022-03-01,2022,202203,ТЦ Ивановский,Asic,AS air-7520,14,497924,289100.0
2022-04-01,2022,202204,ТЦ Ивановский,Asic,AS air-7520,26,949780,536900.0
2022-05-01,2022,202205,ТЦ Ивановский,Asic,AS air-7520,32,1167872,660800.0
2022-06-01,2022,202206,ТЦ Ивановский,Asic,AS air-7520,31,1141885,640150.0
2022-07-01,2022,202207,ТЦ Ивановский,Asic,AS air-7520,32,1102592,660800.0
2022-08-01,2022,202208,ТЦ Ивановский,Asic,AS air-7520,27,974970,557550.0
2022-09-01,2022,202209,ТЦ Ивановский,Asic,AS air-7520,29,1038809,598850.0
2022-10-01,2022,202210,ТЦ Ивановский,Asic,AS air-7520,24,881904,495600.0
2022-11-01,2022,202211,ТЦ Ивановский,Asic,AS air-7520,17,607869,351050.0
2022-12-01,2022,202212,ТЦ Ивановский,Asic,AS air-7520,21,743988,433650.0
2021-01-01,2021,202101,ТЦ Ивановский,Asic,AS grou-3318,20,657460,313600.0
2021-02-01,2021,202102,ТЦ Ивановский,Asic,AS grou-3318,13,433277,203840.0
2021-03-01,2021,202103,ТЦ Ивановский,Asic,AS grou-3318,10,329800,156800.0
2021-04-01,2021,202104,ТЦ Ивановский,Asic,AS grou-3318,19,643606,297920.0
2021-05-01,2021,202105,ТЦ Ивановский,Asic,AS grou-3318,24,818352,376320.0
2021-06-01,2021,202106,ТЦ Ивановский,Asic,AS grou-3318,23,769488,360640.0
2021-07-01,2021,202107,ТЦ Ивановский,Asic,AS grou-3318,24,768480,376320.0
2021-08-01,2021,202108,ТЦ Ивановский,Asic,AS grou-3318,20,658340,313600.0
2021-09-01,2021,202109,ТЦ Ивановский,Asic,AS grou-3318,21,691782,329280.0
2021-10-01,2021,202110,ТЦ Ивановский,Asic,AS grou-3318,18,605232,282240.0
2021-11-01,2021,202111,ТЦ Ивановский,Asic,AS grou-3318,13,435994,203840.0
2021-12-01,2021,202112,ТЦ Ивановский,Asic,AS grou-3318,15,501255,235200.0
2022-01-01,2022,202201,ТЦ Ивановский,Asic,AS grou-3318,22,721622,344960.0
2022-02-01,2022,202202,ТЦ Ивановский,Asic,AS grou-3318,14,476770,219520.0
2022-03-01,2022,202203,ТЦ Ивановский,Asic,AS grou-3318,11,364661,172480.0
2022-04-01,2022,202204,ТЦ Ивановский,Asic,AS grou-3318,21,709884,329280.0
2022-05-01,2022,202205,ТЦ Ивановский,Asic,AS grou-3318,26,871988,407680.0
2022-06-01,2022,202206,ТЦ Ивановский,Asic,AS grou-3318,25,834825,392000.0
2022-07-01,2022,202207,ТЦ Ивановский,Asic,AS grou-3318,26,813280,407680.0
2022-08-01,2022,202208,ТЦ Ивановский,Asic,AS grou-3318,22,714230,344960.0
2022-09-01,2022,202209,ТЦ Ивановский,Asic,AS grou-3318,23,752169,360640.0
2022-10-01,2022,202210,ТЦ Ивановский,Asic,AS grou-3318,19,632624,297920.0
2022-11-01,2022,202211,ТЦ Ивановский,Asic,AS grou-3318,14,464716,219520.0
2022-12-01,2022,202212,ТЦ Ивановский,Asic,AS grou-3318,17,561204,266560.0
2021-01-01,2021,202101,ТЦ Ивановский,Asic,AS gre-2748,22,948134,397320.0
2021-02-01,2021,202102,ТЦ Ивановский,Asic,AS gre-2748,14,605542,252840.0
2021-03-01,2021,202103,ТЦ Ивановский,Asic,AS gre-2748,11,471284,198660.0
2021-04-01,2021,202104,ТЦ Ивановский,Asic,AS gre-2748,21,908292,379260.0
2021-05-01,2021,202105,ТЦ Ивановский,Asic,AS gre-2748,26,1152762,469560.0
2021-06-01,2021,202106,ТЦ Ивановский,Asic,AS gre-2748,25,1091175,451500.0
2021-07-01,2021,202107,ТЦ Ивановский,Asic,AS gre-2748,26,1092130,469560.0
2021-08-01,2021,202108,ТЦ Ивановский,Asic,AS gre-2748,22,947584,397320.0
2021-09-01,2021,202109,ТЦ Ивановский,Asic,AS gre-2748,24,1038432,433440.0
2021-10-01,2021,202110,ТЦ Ивановский,Asic,AS gre-2748,20,879320,361200.0
2021-11-01,2021,202111,ТЦ Ивановский,Asic,AS gre-2748,14,608874,252840.0
2021-12-01,2021,202112,ТЦ Ивановский,Asic,AS gre-2748,17,733703,307020.0
2022-01-01,2022,202201,ТЦ Ивановский,Asic,AS gre-2748,25,1081150,451500.0
2022-02-01,2022,202202,ТЦ Ивановский,Asic,AS gre-2748,16,702544,288960.0
2022-03-01,2022,202203,ТЦ Ивановский,Asic,AS gre-2748,13,563199,234780.0
2022-04-01,2022,202204,ТЦ Ивановский,Asic,AS gre-2748,23,1003950,415380.0
2022-05-01,2022,202205,ТЦ Ивановский,Asic,AS gre-2748,29,1276493,523740.0
2022-06-01,2022,202206,ТЦ Ивановский,Asic,AS gre-2748,28,1198092,505680.0
2022-07-01,2022,202207,ТЦ Ивановский,Asic,AS gre-2748,29,1213244,523740.0
2022-08-01,2022,202208,ТЦ Ивановский,Asic,AS gre-2748,25,1065250,451500.0
2022-09-01,2022,202209,ТЦ Ивановский,Asic,AS gre-2748,26,1112410,469560.0
2022-10-01,2022,202210,ТЦ Ивановский,Asic,AS gre-2748,22,948508,397320.0
2022-11-01,2022,202211,ТЦ Ивановский,Asic,AS gre-2748,16,686208,288960.0
2022-12-01,2022,202212,ТЦ Ивановский,Asic,AS gre-2748,19,807139,343140.0
2021-01-01,2021,202101,ТЦ Ивановский,Asic,AS earth-9544,20,579980,224000.0
2021-02-01,2021,202102,ТЦ Ивановский,Asic,AS earth-9544,13,388167,145600.0
2021-03-01,2021,202103,ТЦ Ивановский,Asic,AS earth-9544,10,286560,112000.0
2021-04-01,2021,202104,ТЦ Ивановский,Asic,AS earth-9544,19,565307,212800.0
2021-05-01,2021,202105,ТЦ Ивановский,Asic,AS earth-9544,24,733872,268800.0
2021-06-01,2021,202106,ТЦ Ивановский,Asic,AS earth-9544,23,672888,257600.0
2021-07-01,2021,202107,ТЦ Ивановский,Asic,AS earth-9544,24,668952,268800.0
2021-08-01,2021,202108,ТЦ Ивановский,Asic,AS earth-9544,20,577640,224000.0
2021-09-01,2021,202109,ТЦ Ивановский,Asic,AS earth-9544,22,641014,246400.0
2021-10-01,2021,202110,ТЦ Ивановский,Asic,AS earth-9544,18,529074,201600.0
2021-11-01,2021,202111,ТЦ Ивановский,Asic,AS earth-9544,13,378976,145600.0
2021-12-01,2021,202112,ТЦ Ивановский,Asic,AS earth-9544,15,437640,168000.0
2022-01-01,2022,202201,ТЦ Ивановский,Asic,AS earth-9544,22,634634,246400.0
2022-02-01,2022,202202,ТЦ Ивановский,Asic,AS earth-9544,14,411922,156800.0
2022-03-01,2022,202203,ТЦ Ивановский,Asic,AS earth-9544,11,321596,123200.0
2022-04-01,2022,202204,ТЦ Ивановский,Asic,AS earth-9544,21,620403,235200.0
2022-05-01,2022,202205,ТЦ Ивановский,Asic,AS earth-9544,26,778128,291200.0
2022-06-01,2022,202206,ТЦ Ивановский,Asic,AS earth-9544,25,741425,280000.0
2022-07-01,2022,202207,ТЦ Ивановский,Asic,AS earth-9544,26,735696,291200.0
2022-08-01,2022,202208,ТЦ Ивановский,Asic,AS earth-9544,22,623084,246400.0
2022-09-01,2022,202209,ТЦ Ивановский,Asic,AS earth-9544,24,697320,268800.0
2022-10-01,2022,202210,ТЦ Ивановский,Asic,AS earth-9544,20,597680,224000.0
2022-11-01,2022,202211,ТЦ Ивановский,Asic,AS earth-9544,14,408100,156800.0
2022-12-01,2022,202212,ТЦ Ивановский,Asic,AS earth-9544,17,485061,190400.0
2021-01-01,2021,202101,ТЦ Ивановский,Asic,AS ais-7331,26,1217268,655200.0000000001
2021-02-01,2021,202102,ТЦ Ивановский,Asic,AS ais-7331,16,747280,403200.00000000006
2021-03-01,2021,202103,ТЦ Ивановский,Asic,AS ais-7331,13,587106,327600.00000000006
2021-04-01,2021,202104,ТЦ Ивановский,Asic,AS ais-7331,24,1119240,604800.0000000001
2021-05-01,2021,202105,ТЦ Ивановский,Asic,AS ais-7331,30,1417830,756000.0000000001
2021-06-01,2021,202106,ТЦ Ивановский,Asic,AS ais-7331,29,1362043,730800.0000000001
2021-07-01,2021,202107,ТЦ Ивановский,Asic,AS ais-7331,30,1339230,756000.0000000001
2021-08-01,2021,202108,ТЦ Ивановский,Asic,AS ais-7331,26,1182350,655200.0000000001
2021-09-01,2021,202109,ТЦ Ивановский,Asic,AS ais-7331,27,1232901,680400.0000000001
2021-10-01,2021,202110,ТЦ Ивановский,Asic,AS ais-7331,22,1017038,554400.0000000001
2021-11-01,2021,202111,ТЦ Ивановский,Asic,AS ais-7331,16,739648,403200.00000000006
2021-12-01,2021,202112,ТЦ Ивановский,Asic,AS ais-7331,19,867920,478800.00000000006
2022-01-01,2022,202201,ТЦ Ивановский,Asic,AS ais-7331,28,1311772,705600.0000000001
2022-02-01,2022,202202,ТЦ Ивановский,Asic,AS ais-7331,18,840618,453600.00000000006
2022-03-01,2022,202203,ТЦ Ивановский,Asic,AS ais-7331,14,639324,352800.00000000006
2022-04-01,2022,202204,ТЦ Ивановский,Asic,AS ais-7331,26,1212588,655200.0000000001
2022-05-01,2022,202205,ТЦ Ивановский,Asic,AS ais-7331,33,1563078,831600.0000000001
2022-06-01,2022,202206,ТЦ Ивановский,Asic,AS ais-7331,32,1485536,806400.0000000001
2022-07-01,2022,202207,ТЦ Ивановский,Asic,AS ais-7331,33,1479060,831600.0000000001
2022-08-01,2022,202208,ТЦ Ивановский,Asic,AS ais-7331,28,1277332,705600.0000000001
2022-09-01,2022,202209,ТЦ Ивановский,Asic,AS ais-7331,30,1366050,756000.0000000001
2022-10-01,2022,202210,ТЦ Ивановский,Asic,AS ais-7331,25,1145125,630000.0000000001
2022-11-01,2022,202211,ТЦ Ивановский,Asic,AS ais-7331,18,826902,453600.00000000006
2022-12-01,2022,202212,ТЦ Ивановский,Asic,AS ais-7331,21,959973,529200.0000000001
2021-01-01,2021,202101,ТЦ Ивановский,Asic,AS ice-2172,26,472628,247520.0
2021-02-01,2021,202102,ТЦ Ивановский,Asic,AS ice-2172,16,294192,152320.0
2021-03-01,2021,202103,ТЦ Ивановский,Asic,AS ice-2172,13,234663,123760.0
2021-04-01,2021,202104,ТЦ Ивановский,Asic,AS ice-2172,24,451872,228480.0
2021-05-01,2021,202105,ТЦ Ивановский,Asic,AS ice-2172,30,575160,285600.0
2021-06-01,2021,202106,ТЦ Ивановский,Asic,AS ice-2172,29,522464,276080.0
2021-07-01,2021,202107,ТЦ Ивановский,Asic,AS ice-2172,30,513300,285600.0
2021-08-01,2021,202108,ТЦ Ивановский,Asic,AS ice-2172,26,449306,247520.0
2021-09-01,2021,202109,ТЦ Ивановский,Asic,AS ice-2172,27,488079,257040.0
2021-10-01,2021,202110,ТЦ Ивановский,Asic,AS ice-2172,22,415118,209440.0
2021-11-01,2021,202111,ТЦ Ивановский,Asic,AS ice-2172,16,294016,152320.0
2021-12-01,2021,202112,ТЦ Ивановский,Asic,AS ice-2172,19,344641,180880.0
2022-01-01,2022,202201,ТЦ Ивановский,Asic,AS ice-2172,28,505932,266560.0
2022-02-01,2022,202202,ТЦ Ивановский,Asic,AS ice-2172,18,337824,171360.0
2022-03-01,2022,202203,ТЦ Ивановский,Asic,AS ice-2172,14,252728,133280.0
2022-04-01,2022,202204,ТЦ Ивановский,Asic,AS ice-2172,26,494910,247520.0
2022-05-01,2022,202205,ТЦ Ивановский,Asic,AS ice-2172,33,634755,314160.0
2022-06-01,2022,202206,ТЦ Ивановский,Asic,AS ice-2172,32,582080,304640.0
2022-07-01,2022,202207,ТЦ Ивановский,Asic,AS ice-2172,33,550176,314160.0
2022-08-01,2022,202208,ТЦ Ивановский,Asic,AS ice-2172,28,504756,266560.0
2022-09-01,2022,202209,ТЦ Ивановский,Asic,AS ice-2172,30,541020,285600.0
2022-10-01,2022,202210,ТЦ Ивановский,Asic,AS ice-2172,25,461375,238000.0
2022-11-01,2022,202211,ТЦ Ивановский,Asic,AS ice-2172,18,333648,171360.0
2022-12-01,2022,202212,ТЦ Ивановский,Asic,AS ice-2172,21,360360,199920.0
2021-01-01,2021,202101,ТЦ Ивановский,Asic,AS ai-7676,21,854826,343980.0
2021-02-01,2021,202102,ТЦ Ивановский,Asic,AS ai-7676,13,525759,212940.0
2021-03-01,2021,202103,ТЦ Ивановский,Asic,AS ai-7676,11,438823,180180.0
2021-04-01,2021,202104,ТЦ Ивановский,Asic,AS ai-7676,19,760646,311220.0
2021-05-01,2021,202105,ТЦ Ивановский,Asic,AS ai-7676,24,975624,393120.0
2021-06-01,2021,202106,ТЦ Ивановский,Asic,AS ai-7676,23,939573,376740.0
2021-07-01,2021,202107,ТЦ Ивановский,Asic,AS ai-7676,24,921456,393120.0
2021-08-01,2021,202108,ТЦ Ивановский,Asic,AS ai-7676,21,838509,343980.0
2021-09-01,2021,202109,ТЦ Ивановский,Asic,AS ai-7676,22,880176,360360.0
2021-10-01,2021,202110,ТЦ Ивановский,Asic,AS ai-7676,18,730476,294840.0
2021-11-01,2021,202111,ТЦ Ивановский,Asic,AS ai-7676,13,520884,212940.0
2021-12-01,2021,202112,ТЦ Ивановский,Asic,AS ai-7676,16,626336,262080.0
2022-01-01,2022,202201,ТЦ Ивановский,Asic,AS ai-7676,23,923611,376740.0
2022-02-01,2022,202202,ТЦ Ивановский,Asic,AS ai-7676,14,564606,229320.0
2022-03-01,2022,202203,ТЦ Ивановский,Asic,AS ai-7676,12,479352,196560.0
2022-04-01,2022,202204,ТЦ Ивановский,Asic,AS ai-7676,21,859719,343980.0
2022-05-01,2022,202205,ТЦ Ивановский,Asic,AS ai-7676,27,1110429,442260.0
2022-06-01,2022,202206,ТЦ Ивановский,Asic,AS ai-7676,25,1014950,409500.0
2022-07-01,2022,202207,ТЦ Ивановский,Asic,AS ai-7676,27,1055754,442260.0
2022-08-01,2022,202208,ТЦ Ивановский,Asic,AS ai-7676,23,910570,376740.0
2022-09-01,2022,202209,ТЦ Ивановский,Asic,AS ai-7676,24,950856,393120.0
2022-10-01,2022,202210,ТЦ Ивановский,Asic,AS ai-7676,20,804120,327600.0
2022-11-01,2022,202211,ТЦ Ивановский,Asic,AS ai-7676,14,570346,229320.0
2022-12-01,2022,202212,ТЦ Ивановский,Asic,AS ai-7676,17,673693,278460.0
2021-01-01,2021,202101,ТЦ Ивановский,Gunverse,GU air-3053,63,394569,144900.0
2021-02-01,2021,202102,ТЦ Ивановский,Gunverse,GU air-3053,40,247400,92000.0
2021-03-01,2021,202103,ТЦ Ивановский,Gunverse,GU air-3053,32,188960,73600.0
2021-04-01,2021,202104,ТЦ Ивановский,Gunverse,GU air-3053,59,411997,135700.0
2021-05-01,2021,202105,ТЦ Ивановский,Gunverse,GU air-3053,75,490275,172500.0
2021-06-01,2021,202106,ТЦ Ивановский,Gunverse,GU air-3053,71,457666,163300.0
2021-07-01,2021,202107,ТЦ Ивановский,Gunverse,GU air-3053,75,384450,172500.0
2021-08-01,2021,202108,ТЦ Ивановский,Gunverse,GU air-3053,63,356139,144900.0
2021-09-01,2021,202109,ТЦ Ивановский,Gunverse,GU air-3053,67,375870,154100.0
2021-10-01,2021,202110,ТЦ Ивановский,Gunverse,GU air-3053,55,330385,126500.0
2021-11-01,2021,202111,ТЦ Ивановский,Gunverse,GU air-3053,40,269400,92000.0
2021-12-01,2021,202112,ТЦ Ивановский,Gunverse,GU air-3053,47,286136,108100.0
2022-01-01,2022,202201,ТЦ Ивановский,Gunverse,GU air-3053,69,411930,158700.0
2022-02-01,2022,202202,ТЦ Ивановский,Gunverse,GU air-3053,44,293920,101200.0
2022-03-01,2022,202203,ТЦ Ивановский,Gunverse,GU air-3053,35,187705,80500.0
2022-04-01,2022,202204,ТЦ Ивановский,Gunverse,GU air-3053,65,446940,149500.0
2022-05-01,2022,202205,ТЦ Ивановский,Gunverse,GU air-3053,82,572688,188600.0
2022-06-01,2022,202206,ТЦ Ивановский,Gunverse,GU air-3053,78,465348,179400.0
2022-07-01,2022,202207,ТЦ Ивановский,Gunverse,GU air-3053,82,372034,188600.0
2022-08-01,2022,202208,ТЦ Ивановский,Gunverse,GU air-3053,69,393576,158700.0
2022-09-01,2022,202209,ТЦ Ивановский,Gunverse,GU air-3053,74,421652,170200.0
2022-10-01,2022,202210,ТЦ Ивановский,Gunverse,GU air-3053,61,360022,140300.0
2022-11-01,2022,202211,ТЦ Ивановский,Gunverse,GU air-3053,44,252164,101200.0
2022-12-01,2022,202212,ТЦ Ивановский,Gunverse,GU air-3053,52,275548,119600.0
2021-01-01,2021,202101,ТЦ Ивановский,Gunverse,GU grou-6409,56,560672,226800.0
2021-02-01,2021,202102,ТЦ Ивановский,Gunverse,GU grou-6409,35,368375,141750.0
2021-03-01,2021,202103,ТЦ Ивановский,Gunverse,GU grou-6409,28,263004,113400.0
2021-04-01,2021,202104,ТЦ Ивановский,Gunverse,GU grou-6409,52,544908,210600.0
2021-05-01,2021,202105,ТЦ Ивановский,Gunverse,GU grou-6409,66,696234,267300.0
2021-06-01,2021,202106,ТЦ Ивановский,Gunverse,GU grou-6409,63,648963,255150.0
2021-07-01,2021,202107,ТЦ Ивановский,Gunverse,GU grou-6409,66,616704,267300.0
2021-08-01,2021,202108,ТЦ Ивановский,Gunverse,GU grou-6409,56,550200,226800.0
2021-09-01,2021,202109,ТЦ Ивановский,Gunverse,GU grou-6409,59,568170,238950.0
2021-10-01,2021,202110,ТЦ Ивановский,Gunverse,GU grou-6409,49,505043,198450.0
2021-11-01,2021,202111,ТЦ Ивановский,Gunverse,GU grou-6409,35,371000,141750.0
2021-12-01,2021,202112,ТЦ Ивановский,Gunverse,GU grou-6409,42,422898,170100.0
2022-01-01,2022,202201,ТЦ Ивановский,Gunverse,GU grou-6409,61,652334,247050.0
2022-02-01,2022,202202,ТЦ Ивановский,Gunverse,GU grou-6409,39,401778,157950.0
2022-03-01,2022,202203,ТЦ Ивановский,Gunverse,GU grou-6409,31,309752,125550.0
2022-04-01,2022,202204,ТЦ Ивановский,Gunverse,GU grou-6409,58,619614,234900.0
2022-05-01,2022,202205,ТЦ Ивановский,Gunverse,GU grou-6409,73,789568,295650.0
2022-06-01,2022,202206,ТЦ Ивановский,Gunverse,GU grou-6409,69,684204,279450.0
2022-07-01,2022,202207,ТЦ Ивановский,Gunverse,GU grou-6409,73,602980,295650.0
2022-08-01,2022,202208,ТЦ Ивановский,Gunverse,GU grou-6409,61,590907,247050.0
2022-09-01,2022,202209,ТЦ Ивановский,Gunverse,GU grou-6409,65,658645,263250.0
2022-10-01,2022,202210,ТЦ Ивановский,Gunverse,GU grou-6409,54,581040,218700.0
2022-11-01,2022,202211,ТЦ Ивановский,Gunverse,GU grou-6409,39,416286,157950.0
2022-12-01,2022,202212,ТЦ Ивановский,Gunverse,GU grou-6409,46,445878,186300.0
2021-01-01,2021,202101,ТЦ Ивановский,Gunverse,GU gre-2865,63,534177,251369.99999999997
2021-02-01,2021,202102,ТЦ Ивановский,Gunverse,GU gre-2865,40,327600,159599.99999999997
2021-03-01,2021,202103,ТЦ Ивановский,Gunverse,GU gre-2865,32,249440,127679.99999999999
2021-04-01,2021,202104,ТЦ Ивановский,Gunverse,GU gre-2865,59,548346,235409.99999999997
2021-05-01,2021,202105,ТЦ Ивановский,Gunverse,GU gre-2865,75,721575,299249.99999999994
2021-06-01,2021,202106,ТЦ Ивановский,Gunverse,GU gre-2865,71,572047,283289.99999999994
2021-07-01,2021,202107,ТЦ Ивановский,Gunverse,GU gre-2865,75,503550,299249.99999999994
2021-08-01,2021,202108,ТЦ Ивановский,Gunverse,GU gre-2865,63,462609,251369.99999999997
2021-09-01,2021,202109,ТЦ Ивановский,Gunverse,GU gre-2865,67,542566,267329.99999999994
2021-10-01,2021,202110,ТЦ Ивановский,Gunverse,GU gre-2865,55,468710,219449.99999999997
2021-11-01,2021,202111,ТЦ Ивановский,Gunverse,GU gre-2865,40,318560,159599.99999999997
2021-12-01,2021,202112,ТЦ Ивановский,Gunverse,GU gre-2865,47,361759,187529.99999999997
2022-01-01,2022,202201,ТЦ Ивановский,Gunverse,GU gre-2865,69,581463,275309.99999999994
2022-02-01,2022,202202,ТЦ Ивановский,Gunverse,GU gre-2865,44,355300,175559.99999999997
2022-03-01,2022,202203,ТЦ Ивановский,Gunverse,GU gre-2865,35,273140,139649.99999999997
2022-04-01,2022,202204,ТЦ Ивановский,Gunverse,GU gre-2865,65,570570,259349.99999999997
2022-05-01,2022,202205,ТЦ Ивановский,Gunverse,GU gre-2865,82,750792,327179.99999999994
2022-06-01,2022,202206,ТЦ Ивановский,Gunverse,GU gre-2865,78,664404,311219.99999999994
2022-07-01,2022,202207,ТЦ Ивановский,Gunverse,GU gre-2865,82,524390,327179.99999999994
2022-08-01,2022,202208,ТЦ Ивановский,Gunverse,GU gre-2865,69,551862,275309.99999999994
2022-09-01,2022,202209,ТЦ Ивановский,Gunverse,GU gre-2865,74,618862,295259.99999999994
2022-10-01,2022,202210,ТЦ Ивановский,Gunverse,GU gre-2865,61,546621,243389.99999999997
2022-11-01,2022,202211,ТЦ Ивановский,Gunverse,GU gre-2865,44,355256,175559.99999999997
2022-12-01,2022,202212,ТЦ Ивановский,Gunverse,GU gre-2865,52,406588,207479.99999999997
2021-01-01,2021,202101,ТЦ Ивановский,Gunverse,GU earth-4729,55,544830,229075.0
2021-02-01,2021,202102,ТЦ Ивановский,Gunverse,GU earth-4729,35,344050,145775.0
2021-03-01,2021,202103,ТЦ Ивановский,Gunverse,GU earth-4729,28,268240,116620.0
2021-04-01,2021,202104,ТЦ Ивановский,Gunverse,GU earth-4729,52,537732,216580.0
2021-05-01,2021,202105,ТЦ Ивановский,Gunverse,GU earth-4729,65,664625,270725.0
2021-06-01,2021,202106,ТЦ Ивановский,Gunverse,GU earth-4729,62,628618,258230.0
2021-07-01,2021,202107,ТЦ Ивановский,Gunverse,GU earth-4729,65,537680,270725.0
2021-08-01,2021,202108,ТЦ Ивановский,Gunverse,GU earth-4729,55,502260,229075.0
2021-09-01,2021,202109,ТЦ Ивановский,Gunverse,GU earth-4729,59,542151,245735.0
2021-10-01,2021,202110,ТЦ Ивановский,Gunverse,GU earth-4729,48,463056,199920.0
2021-11-01,2021,202111,ТЦ Ивановский,Gunverse,GU earth-4729,35,349265,145775.0
2021-12-01,2021,202112,ТЦ Ивановский,Gunverse,GU earth-4729,42,392154,174930.0
2022-01-01,2022,202201,ТЦ Ивановский,Gunverse,GU earth-4729,61,579134,254065.0
2022-02-01,2022,202202,ТЦ Ивановский,Gunverse,GU earth-4729,38,388018,158270.0
2022-03-01,2022,202203,ТЦ Ивановский,Gunverse,GU earth-4729,31,293384,129115.0
2022-04-01,2022,202204,ТЦ Ивановский,Gunverse,GU earth-4729,57,571995,237405.0
2022-05-01,2022,202205,ТЦ Ивановский,Gunverse,GU earth-4729,72,727200,299880.0
2022-06-01,2022,202206,ТЦ Ивановский,Gunverse,GU earth-4729,68,682108,283220.0
2022-07-01,2022,202207,ТЦ Ивановский,Gunverse,GU earth-4729,72,560088,299880.0
2022-08-01,2022,202208,ТЦ Ивановский,Gunverse,GU earth-4729,61,575474,254065.0
2022-09-01,2022,202209,ТЦ Ивановский,Gunverse,GU earth-4729,64,606976,266560.0
2022-10-01,2022,202210,ТЦ Ивановский,Gunverse,GU earth-4729,53,508111,220745.0
2022-11-01,2022,202211,ТЦ Ивановский,Gunverse,GU earth-4729,38,358112,158270.0
2022-12-01,2022,202212,ТЦ Ивановский,Gunverse,GU earth-4729,46,416392,191590.0
2021-01-01,2021,202101,ТЦ Ивановский,Gunverse,GU ais-4465,55,426745,168300.0
2021-02-01,2021,202102,ТЦ Ивановский,Gunverse,GU ais-4465,35,258195,107100.0
2021-03-01,2021,202103,ТЦ Ивановский,Gunverse,GU ais-4465,28,183372,85680.0
2021-04-01,2021,202104,ТЦ Ивановский,Gunverse,GU ais-4465,52,418808,159120.0
2021-05-01,2021,202105,ТЦ Ивановский,Gunverse,GU ais-4465,65,530725,198900.0
2021-06-01,2021,202106,ТЦ Ивановский,Gunverse,GU ais-4465,62,461528,189720.0
2021-07-01,2021,202107,ТЦ Ивановский,Gunverse,GU ais-4465,65,384605,198900.0
2021-08-01,2021,202108,ТЦ Ивановский,Gunverse,GU ais-4465,55,361460,168300.0
2021-09-01,2021,202109,ТЦ Ивановский,Gunverse,GU ais-4465,59,380609,180540.0
2021-10-01,2021,202110,ТЦ Ивановский,Gunverse,GU ais-4465,48,367584,146880.0
2021-11-01,2021,202111,ТЦ Ивановский,Gunverse,GU ais-4465,35,247555,107100.0
2021-12-01,2021,202112,ТЦ Ивановский,Gunverse,GU ais-4465,42,299586,128520.0
2022-01-01,2022,202201,ТЦ Ивановский,Gunverse,GU ais-4465,61,449082,186660.0
2022-02-01,2022,202202,ТЦ Ивановский,Gunverse,GU ais-4465,38,277552,116280.0
2022-03-01,2022,202203,ТЦ Ивановский,Gunverse,GU ais-4465,31,194556,94860.0
2022-04-01,2022,202204,ТЦ Ивановский,Gunverse,GU ais-4465,57,456171,174420.0
2022-05-01,2022,202205,ТЦ Ивановский,Gunverse,GU ais-4465,72,534024,220320.0
2022-06-01,2022,202206,ТЦ Ивановский,Gunverse,GU ais-4465,68,469200,208080.0
2022-07-01,2022,202207,ТЦ Ивановский,Gunverse,GU ais-4465,72,391896,220320.0
2022-08-01,2022,202208,ТЦ Ивановский,Gunverse,GU ais-4465,61,409005,186660.0
2022-09-01,2022,202209,ТЦ Ивановский,Gunverse,GU ais-4465,64,434176,195840.0
2022-10-01,2022,202210,ТЦ Ивановский,Gunverse,GU ais-4465,53,368456,162180.0
2022-11-01,2022,202211,ТЦ Ивановский,Gunverse,GU ais-4465,38,275652,116280.0
2022-12-01,2022,202212,ТЦ Ивановский,Gunverse,GU ais-4465,46,305256,140760.0
2021-01-01,2021,202101,ТЦ Ивановский,Gunverse,GU ice-8917,58,510748,200448.0
2021-02-01,2021,202102,ТЦ Ивановский,Gunverse,GU ice-8917,36,291528,124416.0
2021-03-01,2021,202103,ТЦ Ивановский,Gunverse,GU ice-8917,29,246210,100224.0
2021-04-01,2021,202104,ТЦ Ивановский,Gunverse,GU ice-8917,54,487080,186624.0
2021-05-01,2021,202105,ТЦ Ивановский,Gunverse,GU ice-8917,68,656472,235008.0
2021-06-01,2021,202106,ТЦ Ивановский,Gunverse,GU ice-8917,65,542360,224640.0
2021-07-01,2021,202107,ТЦ Ивановский,Gunverse,GU ice-8917,68,462468,235008.0
2021-08-01,2021,202108,ТЦ Ивановский,Gunverse,GU ice-8917,58,477398,200448.0
2021-09-01,2021,202109,ТЦ Ивановский,Gunverse,GU ice-8917,61,463234,210816.0
2021-10-01,2021,202110,ТЦ Ивановский,Gunverse,GU ice-8917,51,454665,176256.0
2021-11-01,2021,202111,ТЦ Ивановский,Gunverse,GU ice-8917,36,292428,124416.0
2021-12-01,2021,202112,ТЦ Ивановский,Gunverse,GU ice-8917,43,333637,148608.0
2022-01-01,2022,202201,ТЦ Ивановский,Gunverse,GU ice-8917,63,529893,217728.0
2022-02-01,2022,202202,ТЦ Ивановский,Gunverse,GU ice-8917,40,357520,138240.0
2022-03-01,2022,202203,ТЦ Ивановский,Gunverse,GU ice-8917,32,242944,110592.0
2022-04-01,2022,202204,ТЦ Ивановский,Gunverse,GU ice-8917,59,550824,203904.0
2022-05-01,2022,202205,ТЦ Ивановский,Gunverse,GU ice-8917,75,714900,259200.0
2022-06-01,2022,202206,ТЦ Ивановский,Gunverse,GU ice-8917,71,604068,245376.0
2022-07-01,2022,202207,ТЦ Ивановский,Gunverse,GU ice-8917,75,531900,259200.0
2022-08-01,2022,202208,ТЦ Ивановский,Gunverse,GU ice-8917,63,505071,217728.0
2022-09-01,2022,202209,ТЦ Ивановский,Gunverse,GU ice-8917,67,577942,231552.0
2022-10-01,2022,202210,ТЦ Ивановский,Gunverse,GU ice-8917,56,465192,193536.0
2022-11-01,2022,202211,ТЦ Ивановский,Gunverse,GU ice-8917,40,347640,138240.0
2022-12-01,2022,202212,ТЦ Ивановский,Gunverse,GU ice-8917,48,411264,165888.0
2021-01-01,2021,202101,ТЦ Ивановский,Gunverse,GU ai-3849,59,637908,306033.0
2021-02-01,2021,202102,ТЦ Ивановский,Gunverse,GU ai-3849,37,416805,191919.0
2021-03-01,2021,202103,ТЦ Ивановский,Gunverse,GU ai-3849,30,287130,155610.0
2021-04-01,2021,202104,ТЦ Ивановский,Gunverse,GU ai-3849,56,610680,290472.0
2021-05-01,2021,202105,ТЦ Ивановский,Gunverse,GU ai-3849,71,806702,368277.0
2021-06-01,2021,202106,ТЦ Ивановский,Gunverse,GU ai-3849,67,694924,347529.0
2021-07-01,2021,202107,ТЦ Ивановский,Gunverse,GU ai-3849,71,628279,368277.0
2021-08-01,2021,202108,ТЦ Ивановский,Gunverse,GU ai-3849,59,584041,306033.0
2021-09-01,2021,202109,ТЦ Ивановский,Gunverse,GU ai-3849,63,626409,326781.0
2021-10-01,2021,202110,ТЦ Ивановский,Gunverse,GU ai-3849,52,540540,269724.0
2021-11-01,2021,202111,ТЦ Ивановский,Gunverse,GU ai-3849,37,364339,191919.0
2021-12-01,2021,202112,ТЦ Ивановский,Gunverse,GU ai-3849,45,442530,233415.0
2022-01-01,2022,202201,ТЦ Ивановский,Gunverse,GU ai-3849,65,679380,337155.0
2022-02-01,2022,202202,ТЦ Ивановский,Gunverse,GU ai-3849,41,418610,212667.0
2022-03-01,2022,202203,ТЦ Ивановский,Gunverse,GU ai-3849,33,324390,171171.0
2022-04-01,2022,202204,ТЦ Ивановский,Gunverse,GU ai-3849,61,670573,316407.0
2022-05-01,2022,202205,ТЦ Ивановский,Gunverse,GU ai-3849,78,841776,404586.0
2022-06-01,2022,202206,ТЦ Ивановский,Gunverse,GU ai-3849,73,804533,378651.0
2022-07-01,2022,202207,ТЦ Ивановский,Gunverse,GU ai-3849,78,742326,404586.0
2022-08-01,2022,202208,ТЦ Ивановский,Gunverse,GU ai-3849,65,623090,337155.0
2022-09-01,2022,202209,ТЦ Ивановский,Gunverse,GU ai-3849,69,714909,357903.0
2022-10-01,2022,202210,ТЦ Ивановский,Gunverse,GU ai-3849,57,621642,295659.0
2022-11-01,2022,202211,ТЦ Ивановский,Gunverse,GU ai-3849,41,416642,212667.0
2022-12-01,2022,202212,ТЦ Ивановский,Gunverse,GU ai-3849,49,480592,254163.0
2021-01-01,2021,202101,ТЦ Ивановский,Nuke,NK air-4421,64,839872,384000.0
2021-02-01,2021,202102,ТЦ Ивановский,Nuke,NK air-4421,40,524320,240000.0
2021-03-01,2021,202103,ТЦ Ивановский,Nuke,NK air-4421,32,413120,192000.0
2021-04-01,2021,202104,ТЦ Ивановский,Nuke,NK air-4421,60,831180,360000.0
2021-05-01,2021,202105,ТЦ Ивановский,Nuke,NK air-4421,76,1104660,456000.0
2021-06-01,2021,202106,ТЦ Ивановский,Nuke,NK air-4421,72,939168,432000.0
2021-07-01,2021,202107,ТЦ Ивановский,Nuke,NK air-4421,76,872556,456000.0
2021-08-01,2021,202108,ТЦ Ивановский,Nuke,NK air-4421,64,835840,384000.0
2021-09-01,2021,202109,ТЦ Ивановский,Nuke,NK air-4421,68,857684,408000.0
2021-10-01,2021,202110,ТЦ Ивановский,Nuke,NK air-4421,56,757848,336000.0
2021-11-01,2021,202111,ТЦ Ивановский,Nuke,NK air-4421,40,518600,240000.0
2021-12-01,2021,202112,ТЦ Ивановский,Nuke,NK air-4421,48,611856,288000.0
2022-01-01,2022,202201,ТЦ Ивановский,Nuke,NK air-4421,70,935130,420000.0
2022-02-01,2022,202202,ТЦ Ивановский,Nuke,NK air-4421,44,600204,264000.0
2022-03-01,2022,202203,ТЦ Ивановский,Nuke,NK air-4421,35,438795,210000.0
2022-04-01,2022,202204,ТЦ Ивановский,Nuke,NK air-4421,66,931524,396000.0
2022-05-01,2022,202205,ТЦ Ивановский,Nuke,NK air-4421,83,1115935,498000.0
2022-06-01,2022,202206,ТЦ Ивановский,Nuke,NK air-4421,79,1074795,474000.0
2022-07-01,2022,202207,ТЦ Ивановский,Nuke,NK air-4421,83,951927,498000.0
2022-08-01,2022,202208,ТЦ Ивановский,Nuke,NK air-4421,70,868210,420000.0
2022-09-01,2022,202209,ТЦ Ивановский,Nuke,NK air-4421,74,919080,444000.0
2022-10-01,2022,202210,ТЦ Ивановский,Nuke,NK air-4421,61,807884,366000.0
2022-11-01,2022,202211,ТЦ Ивановский,Nuke,NK air-4421,44,573804,264000.0
2022-12-01,2022,202212,ТЦ Ивановский,Nuke,NK air-4421,53,689371,318000.0
2021-01-01,2021,202101,ТЦ Ивановский,Nuke,NK grou-9880,46,500158,244260.0
2021-02-01,2021,202102,ТЦ Ивановский,Nuke,NK grou-9880,29,310242,153990.0
2021-03-01,2021,202103,ТЦ Ивановский,Nuke,NK grou-9880,23,225009,122130.0
2021-04-01,2021,202104,ТЦ Ивановский,Nuke,NK grou-9880,43,470205,228330.0
2021-05-01,2021,202105,ТЦ Ивановский,Nuke,NK grou-9880,55,585640,292050.0
2021-06-01,2021,202106,ТЦ Ивановский,Nuke,NK grou-9880,52,521820,276120.0
2021-07-01,2021,202107,ТЦ Ивановский,Nuke,NK grou-9880,55,468875,292050.0
2021-08-01,2021,202108,ТЦ Ивановский,Nuke,NK grou-9880,46,472420,244260.0
2021-09-01,2021,202109,ТЦ Ивановский,Nuke,NK grou-9880,49,479024,260190.0
2021-10-01,2021,202110,ТЦ Ивановский,Nuke,NK grou-9880,41,407540,217710.0
2021-11-01,2021,202111,ТЦ Ивановский,Nuke,NK grou-9880,29,302963,153990.0
2021-12-01,2021,202112,ТЦ Ивановский,Nuke,NK grou-9880,35,332360,185850.0
2022-01-01,2022,202201,ТЦ Ивановский,Nuke,NK grou-9880,51,545598,270810.0
2022-02-01,2022,202202,ТЦ Ивановский,Nuke,NK grou-9880,32,337952,169920.0
2022-03-01,2022,202203,ТЦ Ивановский,Nuke,NK grou-9880,26,255190,138060.0
2022-04-01,2022,202204,ТЦ Ивановский,Nuke,NK grou-9880,48,509904,254880.0
2022-05-01,2022,202205,ТЦ Ивановский,Nuke,NK grou-9880,60,654540,318600.0
2022-06-01,2022,202206,ТЦ Ивановский,Nuke,NK grou-9880,57,599868,302670.0
2022-07-01,2022,202207,ТЦ Ивановский,Nuke,NK grou-9880,60,500040,318600.0
2022-08-01,2022,202208,ТЦ Ивановский,Nuke,NK grou-9880,51,494496,270810.0
2022-09-01,2022,202209,ТЦ Ивановский,Nuke,NK grou-9880,54,529200,286740.0
2022-10-01,2022,202210,ТЦ Ивановский,Nuke,NK grou-9880,45,472860,238950.0
2022-11-01,2022,202211,ТЦ Ивановский,Nuke,NK grou-9880,32,334016,169920.0
2022-12-01,2022,202212,ТЦ Ивановский,Nuke,NK grou-9880,38,388398,201780.0
2021-01-01,2021,202101,ТЦ Ивановский,Nuke,NK gre-7983,44,358732,141680.0
2021-02-01,2021,202102,ТЦ Ивановский,Nuke,NK gre-7983,28,231280,90160.0
2021-03-01,2021,202103,ТЦ Ивановский,Nuke,NK gre-7983,22,168278,70840.0
2021-04-01,2021,202104,ТЦ Ивановский,Nuke,NK gre-7983,41,355552,132020.0
2021-05-01,2021,202105,ТЦ Ивановский,Nuke,NK gre-7983,52,455780,167440.0
2021-06-01,2021,202106,ТЦ Ивановский,Nuke,NK gre-7983,50,428300,161000.0
2021-07-01,2021,202107,ТЦ Ивановский,Nuke,NK gre-7983,52,333736,167440.0
2021-08-01,2021,202108,ТЦ Ивановский,Nuke,NK gre-7983,44,351648,141680.0
2021-09-01,2021,202109,ТЦ Ивановский,Nuke,NK gre-7983,47,364955,151340.0
2021-10-01,2021,202110,ТЦ Ивановский,Nuke,NK gre-7983,39,338676,125580.0
2021-11-01,2021,202111,ТЦ Ивановский,Nuke,NK gre-7983,28,223860,90160.0
2021-12-01,2021,202112,ТЦ Ивановский,Nuke,NK gre-7983,33,256542,106260.0
2022-01-01,2022,202201,ТЦ Ивановский,Nuke,NK gre-7983,48,399168,154560.0
2022-02-01,2022,202202,ТЦ Ивановский,Nuke,NK gre-7983,30,268950,96600.0
2022-03-01,2022,202203,ТЦ Ивановский,Nuke,NK gre-7983,24,194952,77280.0
2022-04-01,2022,202204,ТЦ Ивановский,Nuke,NK gre-7983,45,380115,144900.0
2022-05-01,2022,202205,ТЦ Ивановский,Nuke,NK gre-7983,57,496242,183540.0
2022-06-01,2022,202206,ТЦ Ивановский,Nuke,NK gre-7983,54,466020,173880.0
2022-07-01,2022,202207,ТЦ Ивановский,Nuke,NK gre-7983,57,386859,183540.0
2022-08-01,2022,202208,ТЦ Ивановский,Nuke,NK gre-7983,48,366336,154560.0
2022-09-01,2022,202209,ТЦ Ивановский,Nuke,NK gre-7983,51,390915,164220.0
2022-10-01,2022,202210,ТЦ Ивановский,Nuke,NK gre-7983,42,344232,135240.0
2022-11-01,2022,202211,ТЦ Ивановский,Nuke,NK gre-7983,30,238860,96600.0
2022-12-01,2022,202212,ТЦ Ивановский,Nuke,NK gre-7983,36,284400,115920.0
2021-01-01,2021,202101,ТЦ Ивановский,Nuke,NK earth-5320,55,418330,182325.0
2021-02-01,2021,202102,ТЦ Ивановский,Nuke,NK earth-5320,34,287504,112710.0
2021-03-01,2021,202103,ТЦ Ивановский,Nuke,NK earth-5320,28,212128,92820.0
2021-04-01,2021,202104,ТЦ Ивановский,Nuke,NK earth-5320,51,424677,169065.0
2021-05-01,2021,202105,ТЦ Ивановский,Nuke,NK earth-5320,65,535080,215475.0
2021-06-01,2021,202106,ТЦ Ивановский,Nuke,NK earth-5320,62,512492,205530.0
2021-07-01,2021,202107,ТЦ Ивановский,Nuke,NK earth-5320,65,404300,215475.0
2021-08-01,2021,202108,ТЦ Ивановский,Nuke,NK earth-5320,55,408155,182325.0
2021-09-01,2021,202109,ТЦ Ивановский,Nuke,NK earth-5320,58,447180,192270.0
2021-10-01,2021,202110,ТЦ Ивановский,Nuke,NK earth-5320,48,386736,159120.0
2021-11-01,2021,202111,ТЦ Ивановский,Nuke,NK earth-5320,34,270028,112710.0
2021-12-01,2021,202112,ТЦ Ивановский,Nuke,NK earth-5320,41,280153,135915.0
2022-01-01,2022,202201,ТЦ Ивановский,Nuke,NK earth-5320,60,473520,198900.0
2022-02-01,2022,202202,ТЦ Ивановский,Nuke,NK earth-5320,38,310954,125970.0
2022-03-01,2022,202203,ТЦ Ивановский,Nuke,NK earth-5320,30,224040,99450.0
2022-04-01,2022,202204,ТЦ Ивановский,Nuke,NK earth-5320,56,421680,185640.0
2022-05-01,2022,202205,ТЦ Ивановский,Nuke,NK earth-5320,71,578082,235365.0
2022-06-01,2022,202206,ТЦ Ивановский,Nuke,NK earth-5320,68,505648,225420.0
2022-07-01,2022,202207,ТЦ Ивановский,Nuke,NK earth-5320,71,420888,235365.0
2022-08-01,2022,202208,ТЦ Ивановский,Nuke,NK earth-5320,60,432540,198900.0
2022-09-01,2022,202209,ТЦ Ивановский,Nuke,NK earth-5320,64,461440,212160.0
2022-10-01,2022,202210,ТЦ Ивановский,Nuke,NK earth-5320,53,420767,175695.0
2022-11-01,2022,202211,ТЦ Ивановский,Nuke,NK earth-5320,38,311372,125970.0
2022-12-01,2022,202212,ТЦ Ивановский,Nuke,NK earth-5320,45,306180,149175.0
2021-01-01,2021,202101,ТЦ Ивановский,Nuke,NK ais-5028,60,672720,282000.0
2021-02-01,2021,202102,ТЦ Ивановский,Nuke,NK ais-5028,38,441142,178600.0
2021-03-01,2021,202103,ТЦ Ивановский,Nuke,NK ais-5028,30,316230,141000.0
2021-04-01,2021,202104,ТЦ Ивановский,Nuke,NK ais-5028,56,674968,263200.0
2021-05-01,2021,202105,ТЦ Ивановский,Nuke,NK ais-5028,71,870886,333700.0
2021-06-01,2021,202106,ТЦ Ивановский,Nuke,NK ais-5028,68,813824,319600.0
2021-07-01,2021,202107,ТЦ Ивановский,Nuke,NK ais-5028,71,707231,333700.0
2021-08-01,2021,202108,ТЦ Ивановский,Nuke,NK ais-5028,60,622440,282000.0
2021-09-01,2021,202109,ТЦ Ивановский,Nuke,NK ais-5028,64,678592,300800.0
2021-10-01,2021,202110,ТЦ Ивановский,Nuke,NK ais-5028,53,607380,249100.0
2021-11-01,2021,202111,ТЦ Ивановский,Nuke,NK ais-5028,38,429590,178600.0
2021-12-01,2021,202112,ТЦ Ивановский,Nuke,NK ais-5028,45,457200,211500.0
2022-01-01,2022,202201,ТЦ Ивановский,Nuke,NK ais-5028,66,761574,310200.0
2022-02-01,2022,202202,ТЦ Ивановский,Nuke,NK ais-5028,41,497945,192700.0
2022-03-01,2022,202203,ТЦ Ивановский,Nuke,NK ais-5028,33,342474,155100.0
2022-04-01,2022,202204,ТЦ Ивановский,Nuke,NK ais-5028,62,727694,291400.0
2022-05-01,2022,202205,ТЦ Ивановский,Nuke,NK ais-5028,78,959556,366600.0
2022-06-01,2022,202206,ТЦ Ивановский,Nuke,NK ais-5028,74,797350,347800.0
2022-07-01,2022,202207,ТЦ Ивановский,Nuke,NK ais-5028,78,762996,366600.0
2022-08-01,2022,202208,ТЦ Ивановский,Nuke,NK ais-5028,66,726726,310200.0
2022-09-01,2022,202209,ТЦ Ивановский,Nuke,NK ais-5028,70,753060,329000.0
2022-10-01,2022,202210,ТЦ Ивановский,Nuke,NK ais-5028,58,644844,272600.0
2022-11-01,2022,202211,ТЦ Ивановский,Nuke,NK ais-5028,41,462521,192700.0
2022-12-01,2022,202212,ТЦ Ивановский,Nuke,NK ais-5028,50,549350,235000.0
2021-01-01,2021,202101,ТЦ Ивановский,Nuke,NK ice-4908,63,617841,338247.0
2021-02-01,2021,202102,ТЦ Ивановский,Nuke,NK ice-4908,40,441120,214760.0
2021-03-01,2021,202103,ТЦ Ивановский,Nuke,NK ice-4908,32,331296,171808.0
2021-04-01,2021,202104,ТЦ Ивановский,Nuke,NK ice-4908,59,660918,316771.0
2021-05-01,2021,202105,ТЦ Ивановский,Nuke,NK ice-4908,75,805875,402675.0
2021-06-01,2021,202106,ТЦ Ивановский,Nuke,NK ice-4908,71,728957,381199.0
2021-07-01,2021,202107,ТЦ Ивановский,Nuke,NK ice-4908,75,660225,402675.0
2021-08-01,2021,202108,ТЦ Ивановский,Nuke,NK ice-4908,63,585018,338247.0
2021-09-01,2021,202109,ТЦ Ивановский,Nuke,NK ice-4908,67,635428,359723.0
2021-10-01,2021,202110,ТЦ Ивановский,Nuke,NK ice-4908,55,593175,295295.0
2021-11-01,2021,202111,ТЦ Ивановский,Nuke,NK ice-4908,40,425240,214760.0
2021-12-01,2021,202112,ТЦ Ивановский,Nuke,NK ice-4908,48,495984,257712.0
2022-01-01,2022,202201,ТЦ Ивановский,Nuke,NK ice-4908,70,770630,375830.0
2022-02-01,2022,202202,ТЦ Ивановский,Nuke,NK ice-4908,44,470008,236236.0
2022-03-01,2022,202203,ТЦ Ивановский,Nuke,NK ice-4908,35,331730,187915.0
2022-04-01,2022,202204,ТЦ Ивановский,Nuke,NK ice-4908,65,706160,348985.0
2022-05-01,2022,202205,ТЦ Ивановский,Nuke,NK ice-4908,83,930015,445627.0
2022-06-01,2022,202206,ТЦ Ивановский,Nuke,NK ice-4908,78,833664,418782.0
2022-07-01,2022,202207,ТЦ Ивановский,Nuke,NK ice-4908,83,751233,445627.0
2022-08-01,2022,202208,ТЦ Ивановский,Nuke,NK ice-4908,70,673890,375830.0
2022-09-01,2022,202209,ТЦ Ивановский,Nuke,NK ice-4908,74,744366,397306.0
2022-10-01,2022,202210,ТЦ Ивановский,Nuke,NK ice-4908,61,664900,327509.0
2022-11-01,2022,202211,ТЦ Ивановский,Nuke,NK ice-4908,44,451264,236236.0
2022-12-01,2022,202212,ТЦ Ивановский,Nuke,NK ice-4908,52,501384,279188.0
2021-01-01,2021,202101,ТЦ Ивановский,Nuke,NK ai-2826,45,545265,247500.0
2021-02-01,2021,202102,ТЦ Ивановский,Nuke,NK ai-2826,28,337960,154000.0
2021-03-01,2021,202103,ТЦ Ивановский,Nuke,NK ai-2826,23,273976,126500.0
2021-04-01,2021,202104,ТЦ Ивановский,Nuke,NK ai-2826,42,527646,231000.0
2021-05-01,2021,202105,ТЦ Ивановский,Nuke,NK ai-2826,54,720198,297000.0
2021-06-01,2021,202106,ТЦ Ивановский,Nuke,NK ai-2826,51,648975,280500.0
2021-07-01,2021,202107,ТЦ Ивановский,Nuke,NK ai-2826,54,597456,297000.0
2021-08-01,2021,202108,ТЦ Ивановский,Nuke,NK ai-2826,45,507645,247500.0
2021-09-01,2021,202109,ТЦ Ивановский,Nuke,NK ai-2826,48,588048,264000.0
2021-10-01,2021,202110,ТЦ Ивановский,Nuke,NK ai-2826,40,519360,220000.0
2021-11-01,2021,202111,ТЦ Ивановский,Nuke,NK ai-2826,28,360024,154000.0
2021-12-01,2021,202112,ТЦ Ивановский,Nuke,NK ai-2826,34,419084,187000.0
2022-01-01,2022,202201,ТЦ Ивановский,Nuke,NK ai-2826,50,603350,275000.0
2022-02-01,2022,202202,ТЦ Ивановский,Nuke,NK ai-2826,31,378200,170500.0
2022-03-01,2022,202203,ТЦ Ивановский,Nuke,NK ai-2826,25,305625,137500.0
2022-04-01,2022,202204,ТЦ Ивановский,Nuke,NK ai-2826,47,588017,258500.0
2022-05-01,2022,202205,ТЦ Ивановский,Nuke,NK ai-2826,59,744285,324500.0
2022-06-01,2022,202206,ТЦ Ивановский,Nuke,NK ai-2826,56,666232,308000.0
2022-07-01,2022,202207,ТЦ Ивановский,Nuke,NK ai-2826,59,611122,324500.0
2022-08-01,2022,202208,ТЦ Ивановский,Nuke,NK ai-2826,50,603850,275000.0
2022-09-01,2022,202209,ТЦ Ивановский,Nuke,NK ai-2826,53,617185,291500.0
2022-10-01,2022,202210,ТЦ Ивановский,Nuke,NK ai-2826,44,532444,242000.0
2022-11-01,2022,202211,ТЦ Ивановский,Nuke,NK ai-2826,31,371473,170500.0
2022-12-01,2022,202212,ТЦ Ивановский,Nuke,NK ai-2826,37,416435,203500.0
2021-01-01,2021,202101,ТЦ Ивановский,Rubok,RB air-7636,14,54264,21168.0
2021-02-01,2021,202102,ТЦ Ивановский,Rubok,RB air-7636,9,40338,13608.0
2021-03-01,2021,202103,ТЦ Ивановский,Rubok,RB air-7636,7,22022,10584.0
2021-04-01,2021,202104,ТЦ Ивановский,Rubok,RB air-7636,13,58370,19656.0
2021-05-01,2021,202105,ТЦ Ивановский,Rubok,RB air-7636,17,75616,25704.0
2021-06-01,2021,202106,ТЦ Ивановский,Rubok,RB air-7636,16,70096,24192.0
2021-07-01,2021,202107,ТЦ Ивановский,Rubok,RB air-7636,17,43911,25704.0
2021-08-01,2021,202108,ТЦ Ивановский,Rubok,RB air-7636,14,57596,21168.0
2021-09-01,2021,202109,ТЦ Ивановский,Rubok,RB air-7636,15,58275,22680.0
2021-10-01,2021,202110,ТЦ Ивановский,Rubok,RB air-7636,12,50700,18144.0
2021-11-01,2021,202111,ТЦ Ивановский,Rubok,RB air-7636,9,35604,13608.0
2021-12-01,2021,202112,ТЦ Ивановский,Rubok,RB air-7636,11,36113,16632.0
2022-01-01,2022,202201,ТЦ Ивановский,Rubok,RB air-7636,16,65600,24192.0
2022-02-01,2022,202202,ТЦ Ивановский,Rubok,RB air-7636,10,42500,15120.0
2022-03-01,2022,202203,ТЦ Ивановский,Rubok,RB air-7636,8,24816,12096.0
2022-04-01,2022,202204,ТЦ Ивановский,Rubok,RB air-7636,15,71565,22680.0
2022-05-01,2022,202205,ТЦ Ивановский,Rubok,RB air-7636,18,84132,27216.0
2022-06-01,2022,202206,ТЦ Ивановский,Rubok,RB air-7636,17,70482,25704.0
2022-07-01,2022,202207,ТЦ Ивановский,Rubok,RB air-7636,18,55458,27216.0
2022-08-01,2022,202208,ТЦ Ивановский,Rubok,RB air-7636,16,61872,24192.0
2022-09-01,2022,202209,ТЦ Ивановский,Rubok,RB air-7636,16,67184,24192.0
2022-10-01,2022,202210,ТЦ Ивановский,Rubok,RB air-7636,14,59598,21168.0
2022-11-01,2022,202211,ТЦ Ивановский,Rubok,RB air-7636,10,38270,15120.0
2022-12-01,2022,202212,ТЦ Ивановский,Rubok,RB air-7636,12,46968,18144.0
2021-01-01,2021,202101,ТЦ Ивановский,Rubok,RB grou-5163,17,48756,13294.0
2021-02-01,2021,202102,ТЦ Ивановский,Rubok,RB grou-5163,11,39127,8602.0
2021-03-01,2021,202103,ТЦ Ивановский,Rubok,RB grou-5163,9,16695,7038.0
2021-04-01,2021,202104,ТЦ Ивановский,Rubok,RB grou-5163,16,61312,12512.0
2021-05-01,2021,202105,ТЦ Ивановский,Rubok,RB grou-5163,21,73836,16422.0
2021-06-01,2021,202106,ТЦ Ивановский,Rubok,RB grou-5163,19,58615,14858.0
2021-07-01,2021,202107,ТЦ Ивановский,Rubok,RB grou-5163,21,37485,16422.0
2021-08-01,2021,202108,ТЦ Ивановский,Rubok,RB grou-5163,17,42789,13294.0
2021-09-01,2021,202109,ТЦ Ивановский,Rubok,RB grou-5163,18,43380,14076.0
2021-10-01,2021,202110,ТЦ Ивановский,Rubok,RB grou-5163,15,48915,11730.0
2021-11-01,2021,202111,ТЦ Ивановский,Rubok,RB grou-5163,11,30305,8602.0
2021-12-01,2021,202112,ТЦ Ивановский,Rubok,RB grou-5163,13,26455,10166.0
2022-01-01,2022,202201,ТЦ Ивановский,Rubok,RB grou-5163,19,62206,14858.0
2022-02-01,2022,202202,ТЦ Ивановский,Rubok,RB grou-5163,12,35784,9384.0
2022-03-01,2022,202203,ТЦ Ивановский,Rubok,RB grou-5163,10,23380,7820.0
2022-04-01,2022,202204,ТЦ Ивановский,Rubok,RB grou-5163,18,57636,14076.0
2022-05-01,2022,202205,ТЦ Ивановский,Rubok,RB grou-5163,23,90413,17986.0
2022-06-01,2022,202206,ТЦ Ивановский,Rubok,RB grou-5163,21,74004,16422.0
2022-07-01,2022,202207,ТЦ Ивановский,Rubok,RB grou-5163,23,29394,17986.0
2022-08-01,2022,202208,ТЦ Ивановский,Rubok,RB grou-5163,19,42674,14858.0
2022-09-01,2022,202209,ТЦ Ивановский,Rubok,RB grou-5163,20,54920,15640.0
2022-10-01,2022,202210,ТЦ Ивановский,Rubok,RB grou-5163,17,53006,13294.0
2022-11-01,2022,202211,ТЦ Ивановский,Rubok,RB grou-5163,12,32316,9384.0
2022-12-01,2022,202212,ТЦ Ивановский,Rubok,RB grou-5163,14,36764,10948.0
2021-01-01,2021,202101,ТЦ Ивановский,Rubok,RB gre-1678,16,79344,28000.0
2021-02-01,2021,202102,ТЦ Ивановский,Rubok,RB gre-1678,10,50940,17500.0
2021-03-01,2021,202103,ТЦ Ивановский,Rubok,RB gre-1678,8,31792,14000.0
2021-04-01,2021,202104,ТЦ Ивановский,Rubok,RB gre-1678,15,84300,26250.0
2021-05-01,2021,202105,ТЦ Ивановский,Rubok,RB gre-1678,19,92929,33250.0
2021-06-01,2021,202106,ТЦ Ивановский,Rubok,RB gre-1678,18,88740,31500.0
2021-07-01,2021,202107,ТЦ Ивановский,Rubok,RB gre-1678,19,54758,33250.0
2021-08-01,2021,202108,ТЦ Ивановский,Rubok,RB gre-1678,16,65872,28000.0
2021-09-01,2021,202109,ТЦ Ивановский,Rubok,RB gre-1678,17,74783,29750.0
2021-10-01,2021,202110,ТЦ Ивановский,Rubok,RB gre-1678,14,64456,24500.0
2021-11-01,2021,202111,ТЦ Ивановский,Rubok,RB gre-1678,10,47760,17500.0
2021-12-01,2021,202112,ТЦ Ивановский,Rubok,RB gre-1678,12,51444,21000.0
2022-01-01,2022,202201,ТЦ Ивановский,Rubok,RB gre-1678,17,74222,29750.0
2022-02-01,2022,202202,ТЦ Ивановский,Rubok,RB gre-1678,11,51975,19250.0
2022-03-01,2022,202203,ТЦ Ивановский,Rubok,RB gre-1678,9,40680,15750.0
2022-04-01,2022,202204,ТЦ Ивановский,Rubok,RB gre-1678,16,82640,28000.0
2022-05-01,2022,202205,ТЦ Ивановский,Rubok,RB gre-1678,20,99840,35000.0
2022-06-01,2022,202206,ТЦ Ивановский,Rubok,RB gre-1678,19,90554,33250.0
2022-07-01,2022,202207,ТЦ Ивановский,Rubok,RB gre-1678,20,68080,35000.0
2022-08-01,2022,202208,ТЦ Ивановский,Rubok,RB gre-1678,17,61710,29750.0
2022-09-01,2022,202209,ТЦ Ивановский,Rubok,RB gre-1678,18,89982,31500.0
2022-10-01,2022,202210,ТЦ Ивановский,Rubok,RB gre-1678,15,74685,26250.0
2022-11-01,2022,202211,ТЦ Ивановский,Rubok,RB gre-1678,11,56584,19250.0
2022-12-01,2022,202212,ТЦ Ивановский,Rubok,RB gre-1678,13,53573,22750.0
2021-01-01,2021,202101,ТЦ Ивановский,Rubok,RB earth-5369,14,81396,35280.0
2021-02-01,2021,202102,ТЦ Ивановский,Rubok,RB earth-5369,9,55251,22680.0
2021-03-01,2021,202103,ТЦ Ивановский,Rubok,RB earth-5369,7,37135,17640.0
2021-04-01,2021,202104,ТЦ Ивановский,Rubok,RB earth-5369,13,81042,32760.0
2021-05-01,2021,202105,ТЦ Ивановский,Rubok,RB earth-5369,17,104329,42840.0
2021-06-01,2021,202106,ТЦ Ивановский,Rubok,RB earth-5369,16,90192,40320.0
2021-07-01,2021,202107,ТЦ Ивановский,Rubok,RB earth-5369,17,76041,42840.0
2021-08-01,2021,202108,ТЦ Ивановский,Rubok,RB earth-5369,14,73150,35280.0
2021-09-01,2021,202109,ТЦ Ивановский,Rubok,RB earth-5369,15,69645,37800.0
2021-10-01,2021,202110,ТЦ Ивановский,Rubok,RB earth-5369,12,69444,30240.0
2021-11-01,2021,202111,ТЦ Ивановский,Rubok,RB earth-5369,9,44235,22680.0
2021-12-01,2021,202112,ТЦ Ивановский,Rubok,RB earth-5369,11,52228,27720.0
2022-01-01,2022,202201,ТЦ Ивановский,Rubok,RB earth-5369,16,81216,40320.0
2022-02-01,2022,202202,ТЦ Ивановский,Rubok,RB earth-5369,10,58090,25200.0
2022-03-01,2022,202203,ТЦ Ивановский,Rubok,RB earth-5369,8,35400,20160.0
2022-04-01,2022,202204,ТЦ Ивановский,Rubok,RB earth-5369,15,84180,37800.0
2022-05-01,2022,202205,ТЦ Ивановский,Rubok,RB earth-5369,18,114102,45360.0
2022-06-01,2022,202206,ТЦ Ивановский,Rubok,RB earth-5369,17,99552,42840.0
2022-07-01,2022,202207,ТЦ Ивановский,Rubok,RB earth-5369,18,63414,45360.0
2022-08-01,2022,202208,ТЦ Ивановский,Rubok,RB earth-5369,16,83872,40320.0
2022-09-01,2022,202209,ТЦ Ивановский,Rubok,RB earth-5369,16,78512,40320.0
2022-10-01,2022,202210,ТЦ Ивановский,Rubok,RB earth-5369,14,72618,35280.0
2022-11-01,2022,202211,ТЦ Ивановский,Rubok,RB earth-5369,10,56610,25200.0
2022-12-01,2022,202212,ТЦ Ивановский,Rubok,RB earth-5369,12,66240,30240.0
2021-01-01,2021,202101,ТЦ Ивановский,Rubok,RB ais-8935,18,56178,16632.0
2021-02-01,2021,202102,ТЦ Ивановский,Rubok,RB ais-8935,11,34419,10164.0
2021-03-01,2021,202103,ТЦ Ивановский,Rubok,RB ais-8935,9,25641,8316.0
2021-04-01,2021,202104,ТЦ Ивановский,Rubok,RB ais-8935,17,61132,15708.0
2021-05-01,2021,202105,ТЦ Ивановский,Rubok,RB ais-8935,21,86688,19404.0
2021-06-01,2021,202106,ТЦ Ивановский,Rubok,RB ais-8935,20,78580,18480.0
2021-07-01,2021,202107,ТЦ Ивановский,Rubok,RB ais-8935,21,43113,19404.0
2021-08-01,2021,202108,ТЦ Ивановский,Rubok,RB ais-8935,18,56898,16632.0
2021-09-01,2021,202109,ТЦ Ивановский,Rubok,RB ais-8935,19,56335,17556.0
2021-10-01,2021,202110,ТЦ Ивановский,Rubok,RB ais-8935,16,52080,14784.0
2021-11-01,2021,202111,ТЦ Ивановский,Rubok,RB ais-8935,11,38269,10164.0
2021-12-01,2021,202112,ТЦ Ивановский,Rubok,RB ais-8935,14,44338,12936.0
2022-01-01,2022,202201,ТЦ Ивановский,Rubok,RB ais-8935,20,59840,18480.0
2022-02-01,2022,202202,ТЦ Ивановский,Rubok,RB ais-8935,13,50882,12012.0
2022-03-01,2022,202203,ТЦ Ивановский,Rubok,RB ais-8935,10,35770,9240.0
2022-04-01,2022,202204,ТЦ Ивановский,Rubok,RB ais-8935,19,74727,17556.0
2022-05-01,2022,202205,ТЦ Ивановский,Rubok,RB ais-8935,23,107916,21252.0
2022-06-01,2022,202206,ТЦ Ивановский,Rubok,RB ais-8935,22,78628,20328.0
2022-07-01,2022,202207,ТЦ Ивановский,Rubok,RB ais-8935,23,34339,21252.0
2022-08-01,2022,202208,ТЦ Ивановский,Rubok,RB ais-8935,20,59660,18480.0
2022-09-01,2022,202209,ТЦ Ивановский,Rubok,RB ais-8935,21,65037,19404.0
2022-10-01,2022,202210,ТЦ Ивановский,Rubok,RB ais-8935,17,60520,15708.0
2022-11-01,2022,202211,ТЦ Ивановский,Rubok,RB ais-8935,13,50960,12012.0
2022-12-01,2022,202212,ТЦ Ивановский,Rubok,RB ais-8935,15,46050,13860.0
2021-01-01,2021,202101,ТЦ Ивановский,Rubok,RB ice-6256,14,60284,15288.0
2021-02-01,2021,202102,ТЦ Ивановский,Rubok,RB ice-6256,9,40779,9828.0
2021-03-01,2021,202103,ТЦ Ивановский,Rubok,RB ice-6256,7,23758,7644.0
2021-04-01,2021,202104,ТЦ Ивановский,Rubok,RB ice-6256,14,56392,15288.0
2021-05-01,2021,202105,ТЦ Ивановский,Rubok,RB ice-6256,17,84269,18564.0
2021-06-01,2021,202106,ТЦ Ивановский,Rubok,RB ice-6256,16,64208,17472.0
2021-07-01,2021,202107,ТЦ Ивановский,Rubok,RB ice-6256,17,47770,18564.0
2021-08-01,2021,202108,ТЦ Ивановский,Rubok,RB ice-6256,14,43694,15288.0
2021-09-01,2021,202109,ТЦ Ивановский,Rubok,RB ice-6256,15,60720,16380.0
2021-10-01,2021,202110,ТЦ Ивановский,Rubok,RB ice-6256,13,44265,14196.0
2021-11-01,2021,202111,ТЦ Ивановский,Rubok,RB ice-6256,9,38322,9828.0
2021-12-01,2021,202112,ТЦ Ивановский,Rubok,RB ice-6256,11,39303,12012.0
2022-01-01,2022,202201,ТЦ Ивановский,Rubok,RB ice-6256,16,67840,17472.0
2022-02-01,2022,202202,ТЦ Ивановский,Rubok,RB ice-6256,10,36040,10920.0
2022-03-01,2022,202203,ТЦ Ивановский,Rubok,RB ice-6256,8,28296,8736.0
2022-04-01,2022,202204,ТЦ Ивановский,Rubok,RB ice-6256,15,63990,16380.0
2022-05-01,2022,202205,ТЦ Ивановский,Rubok,RB ice-6256,19,83866,20748.0
2022-06-01,2022,202206,ТЦ Ивановский,Rubok,RB ice-6256,18,80388,19656.0
2022-07-01,2022,202207,ТЦ Ивановский,Rubok,RB ice-6256,19,51718,20748.0
2022-08-01,2022,202208,ТЦ Ивановский,Rubok,RB ice-6256,16,53920,17472.0
2022-09-01,2022,202209,ТЦ Ивановский,Rubok,RB ice-6256,17,62628,18564.0
2022-10-01,2022,202210,ТЦ Ивановский,Rubok,RB ice-6256,14,50456,15288.0
2022-11-01,2022,202211,ТЦ Ивановский,Rubok,RB ice-6256,10,40170,10920.0
2022-12-01,2022,202212,ТЦ Ивановский,Rubok,RB ice-6256,12,46236,13104.0
2021-01-01,2021,202101,ТЦ Ивановский,Rubok,RB ai-9349,18,53712,15732.0
2021-02-01,2021,202102,ТЦ Ивановский,Rubok,RB ai-9349,12,35820,10488.0
2021-03-01,2021,202103,ТЦ Ивановский,Rubok,RB ai-9349,9,24840,7866.0
2021-04-01,2021,202104,ТЦ Ивановский,Rubok,RB ai-9349,17,71604,14858.0
2021-05-01,2021,202105,ТЦ Ивановский,Rubok,RB ai-9349,22,91080,19228.0
2021-06-01,2021,202106,ТЦ Ивановский,Rubok,RB ai-9349,21,54999,18354.0
2021-07-01,2021,202107,ТЦ Ивановский,Rubok,RB ai-9349,22,41140,19228.0
2021-08-01,2021,202108,ТЦ Ивановский,Rubok,RB ai-9349,18,48348,15732.0
2021-09-01,2021,202109,ТЦ Ивановский,Rubok,RB ai-9349,20,61540,17480.0
2021-10-01,2021,202110,ТЦ Ивановский,Rubok,RB ai-9349,16,57344,13984.0
2021-11-01,2021,202111,ТЦ Ивановский,Rubok,RB ai-9349,12,43308,10488.0
2021-12-01,2021,202112,ТЦ Ивановский,Rubok,RB ai-9349,14,44772,12236.0
2022-01-01,2022,202201,ТЦ Ивановский,Rubok,RB ai-9349,20,68180,17480.0
2022-02-01,2022,202202,ТЦ Ивановский,Rubok,RB ai-9349,13,44330,11362.0
2022-03-01,2022,202203,ТЦ Ивановский,Rubok,RB ai-9349,10,25050,8740.0
2022-04-01,2022,202204,ТЦ Ивановский,Rubok,RB ai-9349,19,80294,16606.0
2022-05-01,2022,202205,ТЦ Ивановский,Rubok,RB ai-9349,24,86688,20976.0
2022-06-01,2022,202206,ТЦ Ивановский,Rubok,RB ai-9349,23,74336,20102.0
2022-07-01,2022,202207,ТЦ Ивановский,Rubok,RB ai-9349,24,40320,20976.0
2022-08-01,2022,202208,ТЦ Ивановский,Rubok,RB ai-9349,20,50760,17480.0
2022-09-01,2022,202209,ТЦ Ивановский,Rubok,RB ai-9349,21,49476,18354.0
2022-10-01,2022,202210,ТЦ Ивановский,Rubok,RB ai-9349,18,61182,15732.0
2022-11-01,2022,202211,ТЦ Ивановский,Rubok,RB ai-9349,13,42588,11362.0
2022-12-01,2022,202212,ТЦ Ивановский,Rubok,RB ai-9349,15,33480,13110.0
